ISO-10303-21;
HEADER;
/* Generated by software containing ST-Developer
 * from STEP Tools, Inc. (www.steptools.com) 
 */
/* OPTION: using custom renumber hook */

FILE_DESCRIPTION(
/* description */ ('STEP AP214'),
/* implementation_level */ '2;1');

FILE_NAME(
/* name */ 'TSM-103-01-L-SH-P-TR',
/* time_stamp */ '2026-07-24T12:22:45+02:00',
/* author */ ('License CC BY-ND 4.0'),
/* organization */ ('CADENAS'),
/* preprocessor_version */ 'ST-DEVELOPER v20',
/* originating_system */ 'PARTsolutions',
/* authorisation */ '  ');

FILE_SCHEMA (('AUTOMOTIVE_DESIGN {1 0 10303 214 3 1 1}'));
ENDSEC;

DATA;
#10=PROPERTY_DEFINITION_REPRESENTATION(#14,#12);
#11=PROPERTY_DEFINITION_REPRESENTATION(#15,#13);
#12=REPRESENTATION('',(#16),#4128);
#13=REPRESENTATION('',(#17),#4128);
#14=PROPERTY_DEFINITION('pmi validation property','',#4144);
#15=PROPERTY_DEFINITION('pmi validation property','',#4144);
#16=VALUE_REPRESENTATION_ITEM('number of annotations',COUNT_MEASURE(0.));
#17=VALUE_REPRESENTATION_ITEM('number of views',COUNT_MEASURE(0.));
#18=CYLINDRICAL_SURFACE('',#2699,0.025);
#19=CYLINDRICAL_SURFACE('',#2703,0.0500000000000001);
#20=CYLINDRICAL_SURFACE('',#2706,0.025);
#21=CYLINDRICAL_SURFACE('',#2710,0.0500000000000001);
#22=CYLINDRICAL_SURFACE('',#2715,0.025);
#23=CYLINDRICAL_SURFACE('',#2718,0.0500000000000001);
#24=CYLINDRICAL_SURFACE('',#2720,0.025);
#25=CYLINDRICAL_SURFACE('',#2723,0.0500000000000001);
#26=CYLINDRICAL_SURFACE('',#2727,0.025);
#27=CYLINDRICAL_SURFACE('',#2730,0.0500000000000001);
#28=CYLINDRICAL_SURFACE('',#2732,0.025);
#29=CYLINDRICAL_SURFACE('',#2735,0.0500000000000001);
#30=CIRCLE('',#2688,0.025);
#31=CIRCLE('',#2689,0.0500000000000001);
#32=CIRCLE('',#2690,0.025);
#33=CIRCLE('',#2691,0.0500000000000001);
#34=CIRCLE('',#2693,0.0500000000000001);
#35=CIRCLE('',#2694,0.025);
#36=CIRCLE('',#2695,0.0500000000000001);
#37=CIRCLE('',#2696,0.025);
#38=CIRCLE('',#2700,0.025);
#39=CIRCLE('',#2701,0.025);
#40=CIRCLE('',#2704,0.0500000000000001);
#41=CIRCLE('',#2705,0.0500000000000001);
#42=CIRCLE('',#2707,0.025);
#43=CIRCLE('',#2708,0.025);
#44=CIRCLE('',#2711,0.0500000000000001);
#45=CIRCLE('',#2712,0.0500000000000001);
#46=CIRCLE('',#2716,0.025);
#47=CIRCLE('',#2719,0.0500000000000001);
#48=CIRCLE('',#2721,0.025);
#49=CIRCLE('',#2724,0.0500000000000001);
#50=CIRCLE('',#2728,0.025);
#51=CIRCLE('',#2731,0.0500000000000001);
#52=CIRCLE('',#2733,0.025);
#53=CIRCLE('',#2736,0.0500000000000001);
#54=CONTEXT_DEPENDENT_SHAPE_REPRESENTATION(#62,#4146);
#55=CONTEXT_DEPENDENT_SHAPE_REPRESENTATION(#63,#4148);
#56=CONTEXT_DEPENDENT_SHAPE_REPRESENTATION(#64,#4150);
#57=CONTEXT_DEPENDENT_SHAPE_REPRESENTATION(#65,#4152);
#58=NEXT_ASSEMBLY_USAGE_OCCURRENCE('NAUO1','TSM-103-01-SH_body',
'TSM-103-01-SH_body',#4153,#4154,'');
#59=NEXT_ASSEMBLY_USAGE_OCCURRENCE('NAUO2','PPP-08-01-3--SH',
'PPP-08-01-3--SH',#4153,#4155,'');
#60=NEXT_ASSEMBLY_USAGE_OCCURRENCE('NAUO3','T-1S6-08-L(-01-3-SH)',
'T-1S6-08-L(-01-3-SH)',#4153,#4156,'');
#61=NEXT_ASSEMBLY_USAGE_OCCURRENCE('NAUO4','T-1S6-08-L(-01-3-SH)2',
'T-1S6-08-L(-01-3-SH)2',#4153,#4157,'');
#62=(
REPRESENTATION_RELATIONSHIP(' ',' ',#2591,#2590)
REPRESENTATION_RELATIONSHIP_WITH_TRANSFORMATION(#66)
SHAPE_REPRESENTATION_RELATIONSHIP()
);
#63=(
REPRESENTATION_RELATIONSHIP(' ',' ',#2592,#2590)
REPRESENTATION_RELATIONSHIP_WITH_TRANSFORMATION(#67)
SHAPE_REPRESENTATION_RELATIONSHIP()
);
#64=(
REPRESENTATION_RELATIONSHIP(' ',' ',#2593,#2590)
REPRESENTATION_RELATIONSHIP_WITH_TRANSFORMATION(#68)
SHAPE_REPRESENTATION_RELATIONSHIP()
);
#65=(
REPRESENTATION_RELATIONSHIP(' ',' ',#2594,#2590)
REPRESENTATION_RELATIONSHIP_WITH_TRANSFORMATION(#69)
SHAPE_REPRESENTATION_RELATIONSHIP()
);
#66=ITEM_DEFINED_TRANSFORMATION(' ',' ',#2595,#2630);
#67=ITEM_DEFINED_TRANSFORMATION(' ',' ',#2595,#2657);
#68=ITEM_DEFINED_TRANSFORMATION(' ',' ',#2595,#2684);
#69=ITEM_DEFINED_TRANSFORMATION(' ',' ',#2595,#2759);
#70=SHAPE_REPRESENTATION_RELATIONSHIP('','',#2591,#74);
#71=SHAPE_REPRESENTATION_RELATIONSHIP('','',#2592,#75);
#72=SHAPE_REPRESENTATION_RELATIONSHIP('','',#2593,#76);
#73=SHAPE_REPRESENTATION_RELATIONSHIP('','',#2594,#77);
#74=ADVANCED_BREP_SHAPE_REPRESENTATION('',(#2581),#4129);
#75=ADVANCED_BREP_SHAPE_REPRESENTATION('',(#2582),#4130);
#76=ADVANCED_BREP_SHAPE_REPRESENTATION('',(#2583),#4131);
#77=ADVANCED_BREP_SHAPE_REPRESENTATION('',(#2584),#4132);
#78=ORIENTED_EDGE('',*,*,#774,.F.);
#79=ORIENTED_EDGE('',*,*,#775,.F.);
#80=ORIENTED_EDGE('',*,*,#776,.F.);
#81=ORIENTED_EDGE('',*,*,#777,.F.);
#82=ORIENTED_EDGE('',*,*,#778,.F.);
#83=ORIENTED_EDGE('',*,*,#779,.F.);
#84=ORIENTED_EDGE('',*,*,#780,.F.);
#85=ORIENTED_EDGE('',*,*,#781,.F.);
#86=ORIENTED_EDGE('',*,*,#782,.T.);
#87=ORIENTED_EDGE('',*,*,#783,.T.);
#88=ORIENTED_EDGE('',*,*,#784,.F.);
#89=ORIENTED_EDGE('',*,*,#785,.F.);
#90=ORIENTED_EDGE('',*,*,#786,.F.);
#91=ORIENTED_EDGE('',*,*,#787,.T.);
#92=ORIENTED_EDGE('',*,*,#788,.F.);
#93=ORIENTED_EDGE('',*,*,#789,.F.);
#94=ORIENTED_EDGE('',*,*,#790,.F.);
#95=ORIENTED_EDGE('',*,*,#791,.T.);
#96=ORIENTED_EDGE('',*,*,#792,.F.);
#97=ORIENTED_EDGE('',*,*,#793,.F.);
#98=ORIENTED_EDGE('',*,*,#794,.F.);
#99=ORIENTED_EDGE('',*,*,#795,.T.);
#100=ORIENTED_EDGE('',*,*,#796,.T.);
#101=ORIENTED_EDGE('',*,*,#797,.T.);
#102=ORIENTED_EDGE('',*,*,#798,.F.);
#103=ORIENTED_EDGE('',*,*,#799,.T.);
#104=ORIENTED_EDGE('',*,*,#800,.T.);
#105=ORIENTED_EDGE('',*,*,#801,.T.);
#106=ORIENTED_EDGE('',*,*,#802,.F.);
#107=ORIENTED_EDGE('',*,*,#803,.F.);
#108=ORIENTED_EDGE('',*,*,#804,.F.);
#109=ORIENTED_EDGE('',*,*,#805,.F.);
#110=ORIENTED_EDGE('',*,*,#781,.T.);
#111=ORIENTED_EDGE('',*,*,#806,.F.);
#112=ORIENTED_EDGE('',*,*,#807,.T.);
#113=ORIENTED_EDGE('',*,*,#808,.T.);
#114=ORIENTED_EDGE('',*,*,#809,.F.);
#115=ORIENTED_EDGE('',*,*,#810,.F.);
#116=ORIENTED_EDGE('',*,*,#811,.F.);
#117=ORIENTED_EDGE('',*,*,#812,.F.);
#118=ORIENTED_EDGE('',*,*,#813,.F.);
#119=ORIENTED_EDGE('',*,*,#793,.T.);
#120=ORIENTED_EDGE('',*,*,#814,.T.);
#121=ORIENTED_EDGE('',*,*,#815,.T.);
#122=ORIENTED_EDGE('',*,*,#816,.F.);
#123=ORIENTED_EDGE('',*,*,#817,.F.);
#124=ORIENTED_EDGE('',*,*,#818,.F.);
#125=ORIENTED_EDGE('',*,*,#819,.F.);
#126=ORIENTED_EDGE('',*,*,#777,.T.);
#127=ORIENTED_EDGE('',*,*,#820,.F.);
#128=ORIENTED_EDGE('',*,*,#821,.T.);
#129=ORIENTED_EDGE('',*,*,#822,.F.);
#130=ORIENTED_EDGE('',*,*,#823,.T.);
#131=ORIENTED_EDGE('',*,*,#824,.T.);
#132=ORIENTED_EDGE('',*,*,#825,.T.);
#133=ORIENTED_EDGE('',*,*,#826,.T.);
#134=ORIENTED_EDGE('',*,*,#827,.F.);
#135=ORIENTED_EDGE('',*,*,#783,.F.);
#136=ORIENTED_EDGE('',*,*,#828,.F.);
#137=ORIENTED_EDGE('',*,*,#829,.F.);
#138=ORIENTED_EDGE('',*,*,#830,.T.);
#139=ORIENTED_EDGE('',*,*,#831,.T.);
#140=ORIENTED_EDGE('',*,*,#832,.T.);
#141=ORIENTED_EDGE('',*,*,#833,.T.);
#142=ORIENTED_EDGE('',*,*,#787,.F.);
#143=ORIENTED_EDGE('',*,*,#834,.T.);
#144=ORIENTED_EDGE('',*,*,#835,.F.);
#145=ORIENTED_EDGE('',*,*,#836,.F.);
#146=ORIENTED_EDGE('',*,*,#837,.T.);
#147=ORIENTED_EDGE('',*,*,#838,.T.);
#148=ORIENTED_EDGE('',*,*,#839,.T.);
#149=ORIENTED_EDGE('',*,*,#840,.T.);
#150=ORIENTED_EDGE('',*,*,#791,.F.);
#151=ORIENTED_EDGE('',*,*,#841,.T.);
#152=ORIENTED_EDGE('',*,*,#842,.F.);
#153=ORIENTED_EDGE('',*,*,#843,.F.);
#154=ORIENTED_EDGE('',*,*,#844,.F.);
#155=ORIENTED_EDGE('',*,*,#829,.T.);
#156=ORIENTED_EDGE('',*,*,#845,.F.);
#157=ORIENTED_EDGE('',*,*,#807,.F.);
#158=ORIENTED_EDGE('',*,*,#846,.F.);
#159=ORIENTED_EDGE('',*,*,#821,.F.);
#160=ORIENTED_EDGE('',*,*,#847,.F.);
#161=ORIENTED_EDGE('',*,*,#835,.T.);
#162=ORIENTED_EDGE('',*,*,#848,.F.);
#163=ORIENTED_EDGE('',*,*,#815,.F.);
#164=ORIENTED_EDGE('',*,*,#849,.T.);
#165=ORIENTED_EDGE('',*,*,#842,.T.);
#166=ORIENTED_EDGE('',*,*,#828,.T.);
#167=ORIENTED_EDGE('',*,*,#782,.F.);
#168=ORIENTED_EDGE('',*,*,#808,.F.);
#169=ORIENTED_EDGE('',*,*,#845,.T.);
#170=ORIENTED_EDGE('',*,*,#837,.F.);
#171=ORIENTED_EDGE('',*,*,#850,.F.);
#172=ORIENTED_EDGE('',*,*,#809,.T.);
#173=ORIENTED_EDGE('',*,*,#851,.T.);
#174=ORIENTED_EDGE('',*,*,#840,.F.);
#175=ORIENTED_EDGE('',*,*,#852,.F.);
#176=ORIENTED_EDGE('',*,*,#810,.T.);
#177=ORIENTED_EDGE('',*,*,#850,.T.);
#178=ORIENTED_EDGE('',*,*,#839,.F.);
#179=ORIENTED_EDGE('',*,*,#853,.F.);
#180=ORIENTED_EDGE('',*,*,#811,.T.);
#181=ORIENTED_EDGE('',*,*,#852,.T.);
#182=ORIENTED_EDGE('',*,*,#830,.F.);
#183=ORIENTED_EDGE('',*,*,#854,.F.);
#184=ORIENTED_EDGE('',*,*,#816,.T.);
#185=ORIENTED_EDGE('',*,*,#855,.T.);
#186=ORIENTED_EDGE('',*,*,#833,.F.);
#187=ORIENTED_EDGE('',*,*,#856,.F.);
#188=ORIENTED_EDGE('',*,*,#817,.T.);
#189=ORIENTED_EDGE('',*,*,#854,.T.);
#190=ORIENTED_EDGE('',*,*,#832,.F.);
#191=ORIENTED_EDGE('',*,*,#857,.F.);
#192=ORIENTED_EDGE('',*,*,#818,.T.);
#193=ORIENTED_EDGE('',*,*,#856,.T.);
#194=ORIENTED_EDGE('',*,*,#823,.F.);
#195=ORIENTED_EDGE('',*,*,#858,.F.);
#196=ORIENTED_EDGE('',*,*,#802,.T.);
#197=ORIENTED_EDGE('',*,*,#859,.T.);
#198=ORIENTED_EDGE('',*,*,#826,.F.);
#199=ORIENTED_EDGE('',*,*,#860,.F.);
#200=ORIENTED_EDGE('',*,*,#803,.T.);
#201=ORIENTED_EDGE('',*,*,#858,.T.);
#202=ORIENTED_EDGE('',*,*,#825,.F.);
#203=ORIENTED_EDGE('',*,*,#861,.F.);
#204=ORIENTED_EDGE('',*,*,#804,.T.);
#205=ORIENTED_EDGE('',*,*,#860,.T.);
#206=ORIENTED_EDGE('',*,*,#838,.F.);
#207=ORIENTED_EDGE('',*,*,#851,.F.);
#208=ORIENTED_EDGE('',*,*,#812,.T.);
#209=ORIENTED_EDGE('',*,*,#853,.T.);
#210=ORIENTED_EDGE('',*,*,#831,.F.);
#211=ORIENTED_EDGE('',*,*,#855,.F.);
#212=ORIENTED_EDGE('',*,*,#819,.T.);
#213=ORIENTED_EDGE('',*,*,#857,.T.);
#214=ORIENTED_EDGE('',*,*,#824,.F.);
#215=ORIENTED_EDGE('',*,*,#859,.F.);
#216=ORIENTED_EDGE('',*,*,#805,.T.);
#217=ORIENTED_EDGE('',*,*,#861,.T.);
#218=ORIENTED_EDGE('',*,*,#843,.T.);
#219=ORIENTED_EDGE('',*,*,#849,.F.);
#220=ORIENTED_EDGE('',*,*,#814,.F.);
#221=ORIENTED_EDGE('',*,*,#792,.T.);
#222=ORIENTED_EDGE('',*,*,#848,.T.);
#223=ORIENTED_EDGE('',*,*,#841,.F.);
#224=ORIENTED_EDGE('',*,*,#790,.T.);
#225=ORIENTED_EDGE('',*,*,#862,.F.);
#226=ORIENTED_EDGE('',*,*,#796,.F.);
#227=ORIENTED_EDGE('',*,*,#863,.T.);
#228=ORIENTED_EDGE('',*,*,#774,.T.);
#229=ORIENTED_EDGE('',*,*,#813,.T.);
#230=ORIENTED_EDGE('',*,*,#820,.T.);
#231=ORIENTED_EDGE('',*,*,#776,.T.);
#232=ORIENTED_EDGE('',*,*,#864,.F.);
#233=ORIENTED_EDGE('',*,*,#794,.T.);
#234=ORIENTED_EDGE('',*,*,#865,.T.);
#235=ORIENTED_EDGE('',*,*,#788,.T.);
#236=ORIENTED_EDGE('',*,*,#836,.T.);
#237=ORIENTED_EDGE('',*,*,#847,.T.);
#238=ORIENTED_EDGE('',*,*,#806,.T.);
#239=ORIENTED_EDGE('',*,*,#780,.T.);
#240=ORIENTED_EDGE('',*,*,#866,.F.);
#241=ORIENTED_EDGE('',*,*,#798,.T.);
#242=ORIENTED_EDGE('',*,*,#867,.T.);
#243=ORIENTED_EDGE('',*,*,#784,.T.);
#244=ORIENTED_EDGE('',*,*,#827,.T.);
#245=ORIENTED_EDGE('',*,*,#844,.T.);
#246=ORIENTED_EDGE('',*,*,#846,.T.);
#247=ORIENTED_EDGE('',*,*,#834,.F.);
#248=ORIENTED_EDGE('',*,*,#786,.T.);
#249=ORIENTED_EDGE('',*,*,#868,.F.);
#250=ORIENTED_EDGE('',*,*,#800,.F.);
#251=ORIENTED_EDGE('',*,*,#869,.T.);
#252=ORIENTED_EDGE('',*,*,#778,.T.);
#253=ORIENTED_EDGE('',*,*,#822,.T.);
#254=ORIENTED_EDGE('',*,*,#785,.T.);
#255=ORIENTED_EDGE('',*,*,#867,.F.);
#256=ORIENTED_EDGE('',*,*,#801,.F.);
#257=ORIENTED_EDGE('',*,*,#868,.T.);
#258=ORIENTED_EDGE('',*,*,#789,.T.);
#259=ORIENTED_EDGE('',*,*,#865,.F.);
#260=ORIENTED_EDGE('',*,*,#797,.F.);
#261=ORIENTED_EDGE('',*,*,#862,.T.);
#262=ORIENTED_EDGE('',*,*,#779,.T.);
#263=ORIENTED_EDGE('',*,*,#869,.F.);
#264=ORIENTED_EDGE('',*,*,#799,.F.);
#265=ORIENTED_EDGE('',*,*,#866,.T.);
#266=ORIENTED_EDGE('',*,*,#775,.T.);
#267=ORIENTED_EDGE('',*,*,#863,.F.);
#268=ORIENTED_EDGE('',*,*,#795,.F.);
#269=ORIENTED_EDGE('',*,*,#864,.T.);
#270=ORIENTED_EDGE('',*,*,#870,.T.);
#271=ORIENTED_EDGE('',*,*,#871,.F.);
#272=ORIENTED_EDGE('',*,*,#872,.F.);
#273=ORIENTED_EDGE('',*,*,#873,.T.);
#274=ORIENTED_EDGE('',*,*,#874,.T.);
#275=ORIENTED_EDGE('',*,*,#875,.F.);
#276=ORIENTED_EDGE('',*,*,#876,.F.);
#277=ORIENTED_EDGE('',*,*,#871,.T.);
#278=ORIENTED_EDGE('',*,*,#877,.T.);
#279=ORIENTED_EDGE('',*,*,#878,.T.);
#280=ORIENTED_EDGE('',*,*,#879,.T.);
#281=ORIENTED_EDGE('',*,*,#880,.T.);
#282=ORIENTED_EDGE('',*,*,#881,.T.);
#283=ORIENTED_EDGE('',*,*,#882,.T.);
#284=ORIENTED_EDGE('',*,*,#883,.T.);
#285=ORIENTED_EDGE('',*,*,#884,.T.);
#286=ORIENTED_EDGE('',*,*,#885,.T.);
#287=ORIENTED_EDGE('',*,*,#886,.T.);
#288=ORIENTED_EDGE('',*,*,#887,.T.);
#289=ORIENTED_EDGE('',*,*,#888,.T.);
#290=ORIENTED_EDGE('',*,*,#889,.T.);
#291=ORIENTED_EDGE('',*,*,#890,.T.);
#292=ORIENTED_EDGE('',*,*,#891,.T.);
#293=ORIENTED_EDGE('',*,*,#892,.T.);
#294=ORIENTED_EDGE('',*,*,#893,.T.);
#295=ORIENTED_EDGE('',*,*,#894,.F.);
#296=ORIENTED_EDGE('',*,*,#895,.F.);
#297=ORIENTED_EDGE('',*,*,#875,.T.);
#298=ORIENTED_EDGE('',*,*,#896,.T.);
#299=ORIENTED_EDGE('',*,*,#873,.F.);
#300=ORIENTED_EDGE('',*,*,#897,.F.);
#301=ORIENTED_EDGE('',*,*,#894,.T.);
#302=ORIENTED_EDGE('',*,*,#872,.T.);
#303=ORIENTED_EDGE('',*,*,#876,.T.);
#304=ORIENTED_EDGE('',*,*,#895,.T.);
#305=ORIENTED_EDGE('',*,*,#897,.T.);
#306=ORIENTED_EDGE('',*,*,#870,.F.);
#307=ORIENTED_EDGE('',*,*,#896,.F.);
#308=ORIENTED_EDGE('',*,*,#893,.F.);
#309=ORIENTED_EDGE('',*,*,#874,.F.);
#310=ORIENTED_EDGE('',*,*,#890,.F.);
#311=ORIENTED_EDGE('',*,*,#898,.F.);
#312=ORIENTED_EDGE('',*,*,#899,.T.);
#313=ORIENTED_EDGE('',*,*,#900,.T.);
#314=ORIENTED_EDGE('',*,*,#891,.F.);
#315=ORIENTED_EDGE('',*,*,#900,.F.);
#316=ORIENTED_EDGE('',*,*,#901,.T.);
#317=ORIENTED_EDGE('',*,*,#902,.T.);
#318=ORIENTED_EDGE('',*,*,#892,.F.);
#319=ORIENTED_EDGE('',*,*,#902,.F.);
#320=ORIENTED_EDGE('',*,*,#903,.T.);
#321=ORIENTED_EDGE('',*,*,#904,.T.);
#322=ORIENTED_EDGE('',*,*,#889,.F.);
#323=ORIENTED_EDGE('',*,*,#904,.F.);
#324=ORIENTED_EDGE('',*,*,#905,.T.);
#325=ORIENTED_EDGE('',*,*,#898,.T.);
#326=ORIENTED_EDGE('',*,*,#899,.F.);
#327=ORIENTED_EDGE('',*,*,#905,.F.);
#328=ORIENTED_EDGE('',*,*,#903,.F.);
#329=ORIENTED_EDGE('',*,*,#901,.F.);
#330=ORIENTED_EDGE('',*,*,#886,.F.);
#331=ORIENTED_EDGE('',*,*,#906,.F.);
#332=ORIENTED_EDGE('',*,*,#907,.T.);
#333=ORIENTED_EDGE('',*,*,#908,.T.);
#334=ORIENTED_EDGE('',*,*,#887,.F.);
#335=ORIENTED_EDGE('',*,*,#908,.F.);
#336=ORIENTED_EDGE('',*,*,#909,.T.);
#337=ORIENTED_EDGE('',*,*,#910,.T.);
#338=ORIENTED_EDGE('',*,*,#888,.F.);
#339=ORIENTED_EDGE('',*,*,#910,.F.);
#340=ORIENTED_EDGE('',*,*,#911,.T.);
#341=ORIENTED_EDGE('',*,*,#912,.T.);
#342=ORIENTED_EDGE('',*,*,#885,.F.);
#343=ORIENTED_EDGE('',*,*,#912,.F.);
#344=ORIENTED_EDGE('',*,*,#913,.T.);
#345=ORIENTED_EDGE('',*,*,#906,.T.);
#346=ORIENTED_EDGE('',*,*,#907,.F.);
#347=ORIENTED_EDGE('',*,*,#913,.F.);
#348=ORIENTED_EDGE('',*,*,#911,.F.);
#349=ORIENTED_EDGE('',*,*,#909,.F.);
#350=ORIENTED_EDGE('',*,*,#882,.F.);
#351=ORIENTED_EDGE('',*,*,#914,.F.);
#352=ORIENTED_EDGE('',*,*,#915,.T.);
#353=ORIENTED_EDGE('',*,*,#916,.T.);
#354=ORIENTED_EDGE('',*,*,#883,.F.);
#355=ORIENTED_EDGE('',*,*,#916,.F.);
#356=ORIENTED_EDGE('',*,*,#917,.T.);
#357=ORIENTED_EDGE('',*,*,#918,.T.);
#358=ORIENTED_EDGE('',*,*,#884,.F.);
#359=ORIENTED_EDGE('',*,*,#918,.F.);
#360=ORIENTED_EDGE('',*,*,#919,.T.);
#361=ORIENTED_EDGE('',*,*,#920,.T.);
#362=ORIENTED_EDGE('',*,*,#881,.F.);
#363=ORIENTED_EDGE('',*,*,#920,.F.);
#364=ORIENTED_EDGE('',*,*,#921,.T.);
#365=ORIENTED_EDGE('',*,*,#914,.T.);
#366=ORIENTED_EDGE('',*,*,#915,.F.);
#367=ORIENTED_EDGE('',*,*,#921,.F.);
#368=ORIENTED_EDGE('',*,*,#919,.F.);
#369=ORIENTED_EDGE('',*,*,#917,.F.);
#370=ORIENTED_EDGE('',*,*,#878,.F.);
#371=ORIENTED_EDGE('',*,*,#922,.F.);
#372=ORIENTED_EDGE('',*,*,#923,.T.);
#373=ORIENTED_EDGE('',*,*,#924,.T.);
#374=ORIENTED_EDGE('',*,*,#879,.F.);
#375=ORIENTED_EDGE('',*,*,#924,.F.);
#376=ORIENTED_EDGE('',*,*,#925,.T.);
#377=ORIENTED_EDGE('',*,*,#926,.T.);
#378=ORIENTED_EDGE('',*,*,#880,.F.);
#379=ORIENTED_EDGE('',*,*,#926,.F.);
#380=ORIENTED_EDGE('',*,*,#927,.T.);
#381=ORIENTED_EDGE('',*,*,#928,.T.);
#382=ORIENTED_EDGE('',*,*,#877,.F.);
#383=ORIENTED_EDGE('',*,*,#928,.F.);
#384=ORIENTED_EDGE('',*,*,#929,.T.);
#385=ORIENTED_EDGE('',*,*,#922,.T.);
#386=ORIENTED_EDGE('',*,*,#923,.F.);
#387=ORIENTED_EDGE('',*,*,#929,.F.);
#388=ORIENTED_EDGE('',*,*,#927,.F.);
#389=ORIENTED_EDGE('',*,*,#925,.F.);
#390=ORIENTED_EDGE('',*,*,#930,.F.);
#391=ORIENTED_EDGE('',*,*,#931,.T.);
#392=ORIENTED_EDGE('',*,*,#932,.F.);
#393=ORIENTED_EDGE('',*,*,#933,.T.);
#394=ORIENTED_EDGE('',*,*,#934,.T.);
#395=ORIENTED_EDGE('',*,*,#935,.T.);
#396=ORIENTED_EDGE('',*,*,#936,.F.);
#397=ORIENTED_EDGE('',*,*,#937,.T.);
#398=ORIENTED_EDGE('',*,*,#938,.T.);
#399=ORIENTED_EDGE('',*,*,#939,.T.);
#400=ORIENTED_EDGE('',*,*,#940,.F.);
#401=ORIENTED_EDGE('',*,*,#941,.F.);
#402=ORIENTED_EDGE('',*,*,#942,.F.);
#403=ORIENTED_EDGE('',*,*,#943,.F.);
#404=ORIENTED_EDGE('',*,*,#944,.T.);
#405=ORIENTED_EDGE('',*,*,#945,.T.);
#406=ORIENTED_EDGE('',*,*,#946,.T.);
#407=ORIENTED_EDGE('',*,*,#947,.T.);
#408=ORIENTED_EDGE('',*,*,#948,.T.);
#409=ORIENTED_EDGE('',*,*,#949,.T.);
#410=ORIENTED_EDGE('',*,*,#950,.T.);
#411=ORIENTED_EDGE('',*,*,#951,.T.);
#412=ORIENTED_EDGE('',*,*,#952,.T.);
#413=ORIENTED_EDGE('',*,*,#953,.T.);
#414=ORIENTED_EDGE('',*,*,#943,.T.);
#415=ORIENTED_EDGE('',*,*,#954,.T.);
#416=ORIENTED_EDGE('',*,*,#941,.T.);
#417=ORIENTED_EDGE('',*,*,#955,.T.);
#418=ORIENTED_EDGE('',*,*,#956,.F.);
#419=ORIENTED_EDGE('',*,*,#953,.F.);
#420=ORIENTED_EDGE('',*,*,#957,.F.);
#421=ORIENTED_EDGE('',*,*,#931,.F.);
#422=ORIENTED_EDGE('',*,*,#958,.F.);
#423=ORIENTED_EDGE('',*,*,#951,.F.);
#424=ORIENTED_EDGE('',*,*,#959,.F.);
#425=ORIENTED_EDGE('',*,*,#933,.F.);
#426=ORIENTED_EDGE('',*,*,#959,.T.);
#427=ORIENTED_EDGE('',*,*,#950,.F.);
#428=ORIENTED_EDGE('',*,*,#960,.F.);
#429=ORIENTED_EDGE('',*,*,#934,.F.);
#430=ORIENTED_EDGE('',*,*,#960,.T.);
#431=ORIENTED_EDGE('',*,*,#949,.F.);
#432=ORIENTED_EDGE('',*,*,#961,.F.);
#433=ORIENTED_EDGE('',*,*,#935,.F.);
#434=ORIENTED_EDGE('',*,*,#962,.F.);
#435=ORIENTED_EDGE('',*,*,#947,.F.);
#436=ORIENTED_EDGE('',*,*,#963,.F.);
#437=ORIENTED_EDGE('',*,*,#937,.F.);
#438=ORIENTED_EDGE('',*,*,#963,.T.);
#439=ORIENTED_EDGE('',*,*,#946,.F.);
#440=ORIENTED_EDGE('',*,*,#964,.F.);
#441=ORIENTED_EDGE('',*,*,#938,.F.);
#442=ORIENTED_EDGE('',*,*,#964,.T.);
#443=ORIENTED_EDGE('',*,*,#945,.F.);
#444=ORIENTED_EDGE('',*,*,#965,.F.);
#445=ORIENTED_EDGE('',*,*,#939,.F.);
#446=ORIENTED_EDGE('',*,*,#957,.T.);
#447=ORIENTED_EDGE('',*,*,#966,.F.);
#448=ORIENTED_EDGE('',*,*,#967,.F.);
#449=ORIENTED_EDGE('',*,*,#968,.T.);
#450=ORIENTED_EDGE('',*,*,#952,.F.);
#451=ORIENTED_EDGE('',*,*,#969,.F.);
#452=ORIENTED_EDGE('',*,*,#970,.F.);
#453=ORIENTED_EDGE('',*,*,#966,.T.);
#454=ORIENTED_EDGE('',*,*,#958,.T.);
#455=ORIENTED_EDGE('',*,*,#971,.F.);
#456=ORIENTED_EDGE('',*,*,#972,.F.);
#457=ORIENTED_EDGE('',*,*,#969,.T.);
#458=ORIENTED_EDGE('',*,*,#932,.T.);
#459=ORIENTED_EDGE('',*,*,#968,.F.);
#460=ORIENTED_EDGE('',*,*,#973,.F.);
#461=ORIENTED_EDGE('',*,*,#971,.T.);
#462=ORIENTED_EDGE('',*,*,#967,.T.);
#463=ORIENTED_EDGE('',*,*,#970,.T.);
#464=ORIENTED_EDGE('',*,*,#972,.T.);
#465=ORIENTED_EDGE('',*,*,#973,.T.);
#466=ORIENTED_EDGE('',*,*,#965,.T.);
#467=ORIENTED_EDGE('',*,*,#974,.F.);
#468=ORIENTED_EDGE('',*,*,#975,.F.);
#469=ORIENTED_EDGE('',*,*,#976,.T.);
#470=ORIENTED_EDGE('',*,*,#944,.F.);
#471=ORIENTED_EDGE('',*,*,#977,.F.);
#472=ORIENTED_EDGE('',*,*,#978,.F.);
#473=ORIENTED_EDGE('',*,*,#974,.T.);
#474=ORIENTED_EDGE('',*,*,#955,.F.);
#475=ORIENTED_EDGE('',*,*,#979,.F.);
#476=ORIENTED_EDGE('',*,*,#980,.F.);
#477=ORIENTED_EDGE('',*,*,#977,.T.);
#478=ORIENTED_EDGE('',*,*,#940,.T.);
#479=ORIENTED_EDGE('',*,*,#976,.F.);
#480=ORIENTED_EDGE('',*,*,#981,.F.);
#481=ORIENTED_EDGE('',*,*,#979,.T.);
#482=ORIENTED_EDGE('',*,*,#975,.T.);
#483=ORIENTED_EDGE('',*,*,#978,.T.);
#484=ORIENTED_EDGE('',*,*,#980,.T.);
#485=ORIENTED_EDGE('',*,*,#981,.T.);
#486=ORIENTED_EDGE('',*,*,#961,.T.);
#487=ORIENTED_EDGE('',*,*,#982,.F.);
#488=ORIENTED_EDGE('',*,*,#983,.F.);
#489=ORIENTED_EDGE('',*,*,#984,.T.);
#490=ORIENTED_EDGE('',*,*,#948,.F.);
#491=ORIENTED_EDGE('',*,*,#985,.F.);
#492=ORIENTED_EDGE('',*,*,#986,.F.);
#493=ORIENTED_EDGE('',*,*,#982,.T.);
#494=ORIENTED_EDGE('',*,*,#962,.T.);
#495=ORIENTED_EDGE('',*,*,#987,.F.);
#496=ORIENTED_EDGE('',*,*,#988,.F.);
#497=ORIENTED_EDGE('',*,*,#985,.T.);
#498=ORIENTED_EDGE('',*,*,#936,.T.);
#499=ORIENTED_EDGE('',*,*,#984,.F.);
#500=ORIENTED_EDGE('',*,*,#989,.F.);
#501=ORIENTED_EDGE('',*,*,#987,.T.);
#502=ORIENTED_EDGE('',*,*,#983,.T.);
#503=ORIENTED_EDGE('',*,*,#986,.T.);
#504=ORIENTED_EDGE('',*,*,#988,.T.);
#505=ORIENTED_EDGE('',*,*,#989,.T.);
#506=ORIENTED_EDGE('',*,*,#942,.T.);
#507=ORIENTED_EDGE('',*,*,#956,.T.);
#508=ORIENTED_EDGE('',*,*,#930,.T.);
#509=ORIENTED_EDGE('',*,*,#954,.F.);
#510=ORIENTED_EDGE('',*,*,#990,.F.);
#511=ORIENTED_EDGE('',*,*,#991,.F.);
#512=ORIENTED_EDGE('',*,*,#992,.T.);
#513=ORIENTED_EDGE('',*,*,#993,.T.);
#514=ORIENTED_EDGE('',*,*,#994,.T.);
#515=ORIENTED_EDGE('',*,*,#995,.T.);
#516=ORIENTED_EDGE('',*,*,#996,.T.);
#517=ORIENTED_EDGE('',*,*,#997,.T.);
#518=ORIENTED_EDGE('',*,*,#998,.T.);
#519=ORIENTED_EDGE('',*,*,#999,.T.);
#520=ORIENTED_EDGE('',*,*,#1000,.T.);
#521=ORIENTED_EDGE('',*,*,#1001,.T.);
#522=ORIENTED_EDGE('',*,*,#1002,.F.);
#523=ORIENTED_EDGE('',*,*,#1003,.T.);
#524=ORIENTED_EDGE('',*,*,#1004,.F.);
#525=ORIENTED_EDGE('',*,*,#1005,.T.);
#526=ORIENTED_EDGE('',*,*,#1006,.T.);
#527=ORIENTED_EDGE('',*,*,#1007,.T.);
#528=ORIENTED_EDGE('',*,*,#1008,.F.);
#529=ORIENTED_EDGE('',*,*,#1009,.T.);
#530=ORIENTED_EDGE('',*,*,#1010,.T.);
#531=ORIENTED_EDGE('',*,*,#1011,.T.);
#532=ORIENTED_EDGE('',*,*,#1012,.F.);
#533=ORIENTED_EDGE('',*,*,#1013,.F.);
#534=ORIENTED_EDGE('',*,*,#991,.T.);
#535=ORIENTED_EDGE('',*,*,#1014,.T.);
#536=ORIENTED_EDGE('',*,*,#1013,.T.);
#537=ORIENTED_EDGE('',*,*,#1015,.F.);
#538=ORIENTED_EDGE('',*,*,#1016,.T.);
#539=ORIENTED_EDGE('',*,*,#1017,.T.);
#540=ORIENTED_EDGE('',*,*,#1018,.T.);
#541=ORIENTED_EDGE('',*,*,#1019,.T.);
#542=ORIENTED_EDGE('',*,*,#1020,.T.);
#543=ORIENTED_EDGE('',*,*,#1021,.F.);
#544=ORIENTED_EDGE('',*,*,#1022,.T.);
#545=ORIENTED_EDGE('',*,*,#1023,.T.);
#546=ORIENTED_EDGE('',*,*,#1024,.F.);
#547=ORIENTED_EDGE('',*,*,#1001,.F.);
#548=ORIENTED_EDGE('',*,*,#1025,.F.);
#549=ORIENTED_EDGE('',*,*,#1026,.F.);
#550=ORIENTED_EDGE('',*,*,#1027,.T.);
#551=ORIENTED_EDGE('',*,*,#1028,.F.);
#552=ORIENTED_EDGE('',*,*,#1029,.F.);
#553=ORIENTED_EDGE('',*,*,#1030,.F.);
#554=ORIENTED_EDGE('',*,*,#1031,.F.);
#555=ORIENTED_EDGE('',*,*,#1032,.F.);
#556=ORIENTED_EDGE('',*,*,#1033,.T.);
#557=ORIENTED_EDGE('',*,*,#1003,.F.);
#558=ORIENTED_EDGE('',*,*,#1034,.F.);
#559=ORIENTED_EDGE('',*,*,#1035,.F.);
#560=ORIENTED_EDGE('',*,*,#1036,.T.);
#561=ORIENTED_EDGE('',*,*,#1037,.F.);
#562=ORIENTED_EDGE('',*,*,#1038,.F.);
#563=ORIENTED_EDGE('',*,*,#1039,.T.);
#564=ORIENTED_EDGE('',*,*,#1040,.T.);
#565=ORIENTED_EDGE('',*,*,#1041,.T.);
#566=ORIENTED_EDGE('',*,*,#1042,.F.);
#567=ORIENTED_EDGE('',*,*,#1038,.T.);
#568=ORIENTED_EDGE('',*,*,#1043,.F.);
#569=ORIENTED_EDGE('',*,*,#1044,.F.);
#570=ORIENTED_EDGE('',*,*,#1045,.F.);
#571=ORIENTED_EDGE('',*,*,#1046,.T.);
#572=ORIENTED_EDGE('',*,*,#1044,.T.);
#573=ORIENTED_EDGE('',*,*,#1047,.T.);
#574=ORIENTED_EDGE('',*,*,#996,.F.);
#575=ORIENTED_EDGE('',*,*,#1048,.T.);
#576=ORIENTED_EDGE('',*,*,#1045,.T.);
#577=ORIENTED_EDGE('',*,*,#1049,.T.);
#578=ORIENTED_EDGE('',*,*,#1050,.F.);
#579=ORIENTED_EDGE('',*,*,#1008,.T.);
#580=ORIENTED_EDGE('',*,*,#1051,.F.);
#581=ORIENTED_EDGE('',*,*,#1052,.F.);
#582=ORIENTED_EDGE('',*,*,#1053,.F.);
#583=ORIENTED_EDGE('',*,*,#1054,.T.);
#584=ORIENTED_EDGE('',*,*,#1052,.T.);
#585=ORIENTED_EDGE('',*,*,#1055,.T.);
#586=ORIENTED_EDGE('',*,*,#1036,.F.);
#587=ORIENTED_EDGE('',*,*,#1056,.T.);
#588=ORIENTED_EDGE('',*,*,#1053,.T.);
#589=ORIENTED_EDGE('',*,*,#1057,.T.);
#590=ORIENTED_EDGE('',*,*,#1058,.F.);
#591=ORIENTED_EDGE('',*,*,#1059,.F.);
#592=ORIENTED_EDGE('',*,*,#1060,.T.);
#593=ORIENTED_EDGE('',*,*,#1030,.T.);
#594=ORIENTED_EDGE('',*,*,#1061,.F.);
#595=ORIENTED_EDGE('',*,*,#1062,.T.);
#596=ORIENTED_EDGE('',*,*,#1063,.T.);
#597=ORIENTED_EDGE('',*,*,#1028,.T.);
#598=ORIENTED_EDGE('',*,*,#1064,.F.);
#599=ORIENTED_EDGE('',*,*,#1061,.T.);
#600=ORIENTED_EDGE('',*,*,#1027,.F.);
#601=ORIENTED_EDGE('',*,*,#1065,.F.);
#602=ORIENTED_EDGE('',*,*,#1066,.F.);
#603=ORIENTED_EDGE('',*,*,#1067,.T.);
#604=ORIENTED_EDGE('',*,*,#1065,.T.);
#605=ORIENTED_EDGE('',*,*,#1026,.T.);
#606=ORIENTED_EDGE('',*,*,#1000,.F.);
#607=ORIENTED_EDGE('',*,*,#1068,.T.);
#608=ORIENTED_EDGE('',*,*,#1066,.T.);
#609=ORIENTED_EDGE('',*,*,#1025,.T.);
#610=ORIENTED_EDGE('',*,*,#1069,.F.);
#611=ORIENTED_EDGE('',*,*,#1004,.T.);
#612=ORIENTED_EDGE('',*,*,#1033,.F.);
#613=ORIENTED_EDGE('',*,*,#1070,.F.);
#614=ORIENTED_EDGE('',*,*,#1071,.F.);
#615=ORIENTED_EDGE('',*,*,#1072,.T.);
#616=ORIENTED_EDGE('',*,*,#1070,.T.);
#617=ORIENTED_EDGE('',*,*,#1032,.T.);
#618=ORIENTED_EDGE('',*,*,#1060,.F.);
#619=ORIENTED_EDGE('',*,*,#1073,.T.);
#620=ORIENTED_EDGE('',*,*,#1071,.T.);
#621=ORIENTED_EDGE('',*,*,#1031,.T.);
#622=ORIENTED_EDGE('',*,*,#1074,.T.);
#623=ORIENTED_EDGE('',*,*,#1075,.F.);
#624=ORIENTED_EDGE('',*,*,#1076,.F.);
#625=ORIENTED_EDGE('',*,*,#1018,.F.);
#626=ORIENTED_EDGE('',*,*,#1077,.T.);
#627=ORIENTED_EDGE('',*,*,#1078,.T.);
#628=ORIENTED_EDGE('',*,*,#1079,.F.);
#629=ORIENTED_EDGE('',*,*,#1020,.F.);
#630=ORIENTED_EDGE('',*,*,#1080,.F.);
#631=ORIENTED_EDGE('',*,*,#1081,.F.);
#632=ORIENTED_EDGE('',*,*,#1021,.T.);
#633=ORIENTED_EDGE('',*,*,#1079,.T.);
#634=ORIENTED_EDGE('',*,*,#1081,.T.);
#635=ORIENTED_EDGE('',*,*,#1082,.T.);
#636=ORIENTED_EDGE('',*,*,#1083,.F.);
#637=ORIENTED_EDGE('',*,*,#1022,.F.);
#638=ORIENTED_EDGE('',*,*,#1083,.T.);
#639=ORIENTED_EDGE('',*,*,#1084,.T.);
#640=ORIENTED_EDGE('',*,*,#992,.F.);
#641=ORIENTED_EDGE('',*,*,#1023,.F.);
#642=ORIENTED_EDGE('',*,*,#1085,.F.);
#643=ORIENTED_EDGE('',*,*,#1086,.F.);
#644=ORIENTED_EDGE('',*,*,#1015,.T.);
#645=ORIENTED_EDGE('',*,*,#1012,.T.);
#646=ORIENTED_EDGE('',*,*,#1086,.T.);
#647=ORIENTED_EDGE('',*,*,#1087,.T.);
#648=ORIENTED_EDGE('',*,*,#1088,.F.);
#649=ORIENTED_EDGE('',*,*,#1016,.F.);
#650=ORIENTED_EDGE('',*,*,#1088,.T.);
#651=ORIENTED_EDGE('',*,*,#1089,.T.);
#652=ORIENTED_EDGE('',*,*,#1074,.F.);
#653=ORIENTED_EDGE('',*,*,#1017,.F.);
#654=ORIENTED_EDGE('',*,*,#1090,.T.);
#655=ORIENTED_EDGE('',*,*,#1006,.F.);
#656=ORIENTED_EDGE('',*,*,#1091,.F.);
#657=ORIENTED_EDGE('',*,*,#998,.F.);
#658=ORIENTED_EDGE('',*,*,#1062,.F.);
#659=ORIENTED_EDGE('',*,*,#1064,.T.);
#660=ORIENTED_EDGE('',*,*,#1067,.F.);
#661=ORIENTED_EDGE('',*,*,#1068,.F.);
#662=ORIENTED_EDGE('',*,*,#999,.F.);
#663=ORIENTED_EDGE('',*,*,#1091,.T.);
#664=ORIENTED_EDGE('',*,*,#1005,.F.);
#665=ORIENTED_EDGE('',*,*,#1069,.T.);
#666=ORIENTED_EDGE('',*,*,#1072,.F.);
#667=ORIENTED_EDGE('',*,*,#1073,.F.);
#668=ORIENTED_EDGE('',*,*,#1059,.T.);
#669=ORIENTED_EDGE('',*,*,#1092,.F.);
#670=ORIENTED_EDGE('',*,*,#1037,.T.);
#671=ORIENTED_EDGE('',*,*,#1057,.F.);
#672=ORIENTED_EDGE('',*,*,#1055,.F.);
#673=ORIENTED_EDGE('',*,*,#1051,.T.);
#674=ORIENTED_EDGE('',*,*,#1007,.F.);
#675=ORIENTED_EDGE('',*,*,#1090,.F.);
#676=ORIENTED_EDGE('',*,*,#997,.F.);
#677=ORIENTED_EDGE('',*,*,#1049,.F.);
#678=ORIENTED_EDGE('',*,*,#1047,.F.);
#679=ORIENTED_EDGE('',*,*,#1043,.T.);
#680=ORIENTED_EDGE('',*,*,#1041,.F.);
#681=ORIENTED_EDGE('',*,*,#1093,.F.);
#682=ORIENTED_EDGE('',*,*,#1094,.T.);
#683=ORIENTED_EDGE('',*,*,#1010,.F.);
#684=ORIENTED_EDGE('',*,*,#1095,.F.);
#685=ORIENTED_EDGE('',*,*,#994,.F.);
#686=ORIENTED_EDGE('',*,*,#1039,.F.);
#687=ORIENTED_EDGE('',*,*,#1042,.T.);
#688=ORIENTED_EDGE('',*,*,#1046,.F.);
#689=ORIENTED_EDGE('',*,*,#1048,.F.);
#690=ORIENTED_EDGE('',*,*,#995,.F.);
#691=ORIENTED_EDGE('',*,*,#1095,.T.);
#692=ORIENTED_EDGE('',*,*,#1009,.F.);
#693=ORIENTED_EDGE('',*,*,#1050,.T.);
#694=ORIENTED_EDGE('',*,*,#1054,.F.);
#695=ORIENTED_EDGE('',*,*,#1056,.F.);
#696=ORIENTED_EDGE('',*,*,#1035,.T.);
#697=ORIENTED_EDGE('',*,*,#1096,.F.);
#698=ORIENTED_EDGE('',*,*,#1075,.T.);
#699=ORIENTED_EDGE('',*,*,#1089,.F.);
#700=ORIENTED_EDGE('',*,*,#1087,.F.);
#701=ORIENTED_EDGE('',*,*,#1085,.T.);
#702=ORIENTED_EDGE('',*,*,#1011,.F.);
#703=ORIENTED_EDGE('',*,*,#1094,.F.);
#704=ORIENTED_EDGE('',*,*,#993,.F.);
#705=ORIENTED_EDGE('',*,*,#1084,.F.);
#706=ORIENTED_EDGE('',*,*,#1082,.F.);
#707=ORIENTED_EDGE('',*,*,#1080,.T.);
#708=ORIENTED_EDGE('',*,*,#1078,.F.);
#709=ORIENTED_EDGE('',*,*,#1097,.F.);
#710=ORIENTED_EDGE('',*,*,#1029,.T.);
#711=ORIENTED_EDGE('',*,*,#1098,.F.);
#712=ORIENTED_EDGE('',*,*,#1099,.T.);
#713=ORIENTED_EDGE('',*,*,#1100,.T.);
#714=ORIENTED_EDGE('',*,*,#1058,.T.);
#715=ORIENTED_EDGE('',*,*,#1100,.F.);
#716=ORIENTED_EDGE('',*,*,#1101,.T.);
#717=ORIENTED_EDGE('',*,*,#1102,.T.);
#718=ORIENTED_EDGE('',*,*,#1092,.T.);
#719=ORIENTED_EDGE('',*,*,#1102,.F.);
#720=ORIENTED_EDGE('',*,*,#1103,.T.);
#721=ORIENTED_EDGE('',*,*,#1104,.T.);
#722=ORIENTED_EDGE('',*,*,#1063,.F.);
#723=ORIENTED_EDGE('',*,*,#1104,.F.);
#724=ORIENTED_EDGE('',*,*,#1105,.T.);
#725=ORIENTED_EDGE('',*,*,#1098,.T.);
#726=ORIENTED_EDGE('',*,*,#1099,.F.);
#727=ORIENTED_EDGE('',*,*,#1105,.F.);
#728=ORIENTED_EDGE('',*,*,#1103,.F.);
#729=ORIENTED_EDGE('',*,*,#1101,.F.);
#730=ORIENTED_EDGE('',*,*,#1097,.T.);
#731=ORIENTED_EDGE('',*,*,#1106,.F.);
#732=ORIENTED_EDGE('',*,*,#1107,.T.);
#733=ORIENTED_EDGE('',*,*,#1108,.T.);
#734=ORIENTED_EDGE('',*,*,#1076,.T.);
#735=ORIENTED_EDGE('',*,*,#1108,.F.);
#736=ORIENTED_EDGE('',*,*,#1109,.T.);
#737=ORIENTED_EDGE('',*,*,#1110,.T.);
#738=ORIENTED_EDGE('',*,*,#1019,.F.);
#739=ORIENTED_EDGE('',*,*,#1110,.F.);
#740=ORIENTED_EDGE('',*,*,#1111,.T.);
#741=ORIENTED_EDGE('',*,*,#1112,.T.);
#742=ORIENTED_EDGE('',*,*,#1077,.F.);
#743=ORIENTED_EDGE('',*,*,#1112,.F.);
#744=ORIENTED_EDGE('',*,*,#1113,.T.);
#745=ORIENTED_EDGE('',*,*,#1106,.T.);
#746=ORIENTED_EDGE('',*,*,#1107,.F.);
#747=ORIENTED_EDGE('',*,*,#1113,.F.);
#748=ORIENTED_EDGE('',*,*,#1111,.F.);
#749=ORIENTED_EDGE('',*,*,#1109,.F.);
#750=ORIENTED_EDGE('',*,*,#1093,.T.);
#751=ORIENTED_EDGE('',*,*,#1114,.F.);
#752=ORIENTED_EDGE('',*,*,#1115,.T.);
#753=ORIENTED_EDGE('',*,*,#1116,.T.);
#754=ORIENTED_EDGE('',*,*,#1034,.T.);
#755=ORIENTED_EDGE('',*,*,#1116,.F.);
#756=ORIENTED_EDGE('',*,*,#1117,.T.);
#757=ORIENTED_EDGE('',*,*,#1118,.T.);
#758=ORIENTED_EDGE('',*,*,#1096,.T.);
#759=ORIENTED_EDGE('',*,*,#1118,.F.);
#760=ORIENTED_EDGE('',*,*,#1119,.T.);
#761=ORIENTED_EDGE('',*,*,#1120,.T.);
#762=ORIENTED_EDGE('',*,*,#1040,.F.);
#763=ORIENTED_EDGE('',*,*,#1120,.F.);
#764=ORIENTED_EDGE('',*,*,#1121,.T.);
#765=ORIENTED_EDGE('',*,*,#1114,.T.);
#766=ORIENTED_EDGE('',*,*,#1115,.F.);
#767=ORIENTED_EDGE('',*,*,#1121,.F.);
#768=ORIENTED_EDGE('',*,*,#1119,.F.);
#769=ORIENTED_EDGE('',*,*,#1117,.F.);
#770=ORIENTED_EDGE('',*,*,#990,.T.);
#771=ORIENTED_EDGE('',*,*,#1024,.T.);
#772=ORIENTED_EDGE('',*,*,#1002,.T.);
#773=ORIENTED_EDGE('',*,*,#1014,.F.);
#774=EDGE_CURVE('',#1122,#1123,#1346,.T.);
#775=EDGE_CURVE('',#1124,#1122,#1347,.T.);
#776=EDGE_CURVE('',#1125,#1124,#1348,.T.);
#777=EDGE_CURVE('',#1126,#1125,#1349,.T.);
#778=EDGE_CURVE('',#1127,#1126,#1350,.T.);
#779=EDGE_CURVE('',#1128,#1127,#1351,.T.);
#780=EDGE_CURVE('',#1129,#1128,#1352,.T.);
#781=EDGE_CURVE('',#1130,#1129,#1353,.T.);
#782=EDGE_CURVE('',#1130,#1131,#1354,.T.);
#783=EDGE_CURVE('',#1131,#1132,#1355,.T.);
#784=EDGE_CURVE('',#1133,#1132,#1356,.T.);
#785=EDGE_CURVE('',#1134,#1133,#1357,.T.);
#786=EDGE_CURVE('',#1135,#1134,#1358,.T.);
#787=EDGE_CURVE('',#1135,#1136,#1359,.T.);
#788=EDGE_CURVE('',#1137,#1136,#1360,.T.);
#789=EDGE_CURVE('',#1138,#1137,#1361,.T.);
#790=EDGE_CURVE('',#1139,#1138,#1362,.T.);
#791=EDGE_CURVE('',#1139,#1140,#1363,.T.);
#792=EDGE_CURVE('',#1141,#1140,#1364,.T.);
#793=EDGE_CURVE('',#1123,#1141,#1365,.T.);
#794=EDGE_CURVE('',#1142,#1143,#1366,.T.);
#795=EDGE_CURVE('',#1142,#1144,#1367,.T.);
#796=EDGE_CURVE('',#1144,#1145,#1368,.T.);
#797=EDGE_CURVE('',#1145,#1143,#1369,.T.);
#798=EDGE_CURVE('',#1146,#1147,#1370,.T.);
#799=EDGE_CURVE('',#1146,#1148,#1371,.T.);
#800=EDGE_CURVE('',#1148,#1149,#1372,.T.);
#801=EDGE_CURVE('',#1149,#1147,#1373,.T.);
#802=EDGE_CURVE('',#1150,#1151,#1374,.T.);
#803=EDGE_CURVE('',#1152,#1150,#1375,.T.);
#804=EDGE_CURVE('',#1153,#1152,#1376,.T.);
#805=EDGE_CURVE('',#1151,#1153,#1377,.T.);
#806=EDGE_CURVE('',#1154,#1129,#1378,.T.);
#807=EDGE_CURVE('',#1154,#1155,#1379,.T.);
#808=EDGE_CURVE('',#1155,#1130,#1380,.T.);
#809=EDGE_CURVE('',#1156,#1157,#1381,.T.);
#810=EDGE_CURVE('',#1158,#1156,#1382,.T.);
#811=EDGE_CURVE('',#1159,#1158,#1383,.T.);
#812=EDGE_CURVE('',#1157,#1159,#1384,.T.);
#813=EDGE_CURVE('',#1123,#1160,#1385,.T.);
#814=EDGE_CURVE('',#1141,#1161,#1386,.T.);
#815=EDGE_CURVE('',#1161,#1160,#1387,.T.);
#816=EDGE_CURVE('',#1162,#1163,#1388,.T.);
#817=EDGE_CURVE('',#1164,#1162,#1389,.T.);
#818=EDGE_CURVE('',#1165,#1164,#1390,.T.);
#819=EDGE_CURVE('',#1163,#1165,#1391,.T.);
#820=EDGE_CURVE('',#1166,#1125,#1392,.T.);
#821=EDGE_CURVE('',#1166,#1167,#1393,.T.);
#822=EDGE_CURVE('',#1126,#1167,#1394,.T.);
#823=EDGE_CURVE('',#1168,#1169,#1395,.T.);
#824=EDGE_CURVE('',#1169,#1170,#1396,.T.);
#825=EDGE_CURVE('',#1170,#1171,#1397,.T.);
#826=EDGE_CURVE('',#1171,#1168,#1398,.T.);
#827=EDGE_CURVE('',#1132,#1172,#1399,.T.);
#828=EDGE_CURVE('',#1173,#1131,#1400,.T.);
#829=EDGE_CURVE('',#1172,#1173,#1401,.T.);
#830=EDGE_CURVE('',#1174,#1175,#1402,.T.);
#831=EDGE_CURVE('',#1175,#1176,#1403,.T.);
#832=EDGE_CURVE('',#1176,#1177,#1404,.T.);
#833=EDGE_CURVE('',#1177,#1174,#1405,.T.);
#834=EDGE_CURVE('',#1135,#1178,#1406,.T.);
#835=EDGE_CURVE('',#1179,#1178,#1407,.T.);
#836=EDGE_CURVE('',#1136,#1179,#1408,.T.);
#837=EDGE_CURVE('',#1180,#1181,#1409,.T.);
#838=EDGE_CURVE('',#1181,#1182,#1410,.T.);
#839=EDGE_CURVE('',#1182,#1183,#1411,.T.);
#840=EDGE_CURVE('',#1183,#1180,#1412,.T.);
#841=EDGE_CURVE('',#1139,#1184,#1413,.T.);
#842=EDGE_CURVE('',#1185,#1184,#1414,.T.);
#843=EDGE_CURVE('',#1140,#1185,#1415,.T.);
#844=EDGE_CURVE('',#1172,#1154,#1416,.T.);
#845=EDGE_CURVE('',#1155,#1173,#1417,.T.);
#846=EDGE_CURVE('',#1167,#1178,#1418,.T.);
#847=EDGE_CURVE('',#1179,#1166,#1419,.T.);
#848=EDGE_CURVE('',#1160,#1184,#1420,.T.);
#849=EDGE_CURVE('',#1161,#1185,#1421,.T.);
#850=EDGE_CURVE('',#1156,#1180,#1422,.T.);
#851=EDGE_CURVE('',#1157,#1181,#1423,.T.);
#852=EDGE_CURVE('',#1158,#1183,#1424,.T.);
#853=EDGE_CURVE('',#1159,#1182,#1425,.T.);
#854=EDGE_CURVE('',#1162,#1174,#1426,.T.);
#855=EDGE_CURVE('',#1163,#1175,#1427,.T.);
#856=EDGE_CURVE('',#1164,#1177,#1428,.T.);
#857=EDGE_CURVE('',#1165,#1176,#1429,.T.);
#858=EDGE_CURVE('',#1150,#1168,#1430,.T.);
#859=EDGE_CURVE('',#1151,#1169,#1431,.T.);
#860=EDGE_CURVE('',#1152,#1171,#1432,.T.);
#861=EDGE_CURVE('',#1153,#1170,#1433,.T.);
#862=EDGE_CURVE('',#1145,#1138,#1434,.T.);
#863=EDGE_CURVE('',#1144,#1122,#1435,.T.);
#864=EDGE_CURVE('',#1142,#1124,#1436,.T.);
#865=EDGE_CURVE('',#1143,#1137,#1437,.T.);
#866=EDGE_CURVE('',#1146,#1128,#1438,.T.);
#867=EDGE_CURVE('',#1147,#1133,#1439,.T.);
#868=EDGE_CURVE('',#1149,#1134,#1440,.T.);
#869=EDGE_CURVE('',#1148,#1127,#1441,.T.);
#870=EDGE_CURVE('',#1186,#1187,#1442,.T.);
#871=EDGE_CURVE('',#1188,#1187,#1443,.T.);
#872=EDGE_CURVE('',#1189,#1188,#1444,.T.);
#873=EDGE_CURVE('',#1189,#1186,#1445,.T.);
#874=EDGE_CURVE('',#1187,#1190,#1446,.T.);
#875=EDGE_CURVE('',#1191,#1190,#1447,.T.);
#876=EDGE_CURVE('',#1188,#1191,#1448,.T.);
#877=EDGE_CURVE('',#1192,#1193,#1449,.T.);
#878=EDGE_CURVE('',#1193,#1194,#1450,.T.);
#879=EDGE_CURVE('',#1194,#1195,#1451,.T.);
#880=EDGE_CURVE('',#1195,#1192,#1452,.T.);
#881=EDGE_CURVE('',#1196,#1197,#1453,.T.);
#882=EDGE_CURVE('',#1197,#1198,#1454,.T.);
#883=EDGE_CURVE('',#1198,#1199,#1455,.T.);
#884=EDGE_CURVE('',#1199,#1196,#1456,.T.);
#885=EDGE_CURVE('',#1200,#1201,#1457,.T.);
#886=EDGE_CURVE('',#1201,#1202,#1458,.T.);
#887=EDGE_CURVE('',#1202,#1203,#1459,.T.);
#888=EDGE_CURVE('',#1203,#1200,#1460,.T.);
#889=EDGE_CURVE('',#1204,#1205,#1461,.T.);
#890=EDGE_CURVE('',#1205,#1206,#1462,.T.);
#891=EDGE_CURVE('',#1206,#1207,#1463,.T.);
#892=EDGE_CURVE('',#1207,#1204,#1464,.T.);
#893=EDGE_CURVE('',#1190,#1208,#1465,.T.);
#894=EDGE_CURVE('',#1209,#1208,#1466,.T.);
#895=EDGE_CURVE('',#1191,#1209,#1467,.T.);
#896=EDGE_CURVE('',#1208,#1186,#1468,.T.);
#897=EDGE_CURVE('',#1209,#1189,#1469,.T.);
#898=EDGE_CURVE('',#1210,#1205,#1470,.T.);
#899=EDGE_CURVE('',#1210,#1211,#1471,.T.);
#900=EDGE_CURVE('',#1211,#1206,#1472,.T.);
#901=EDGE_CURVE('',#1211,#1212,#1473,.T.);
#902=EDGE_CURVE('',#1212,#1207,#1474,.T.);
#903=EDGE_CURVE('',#1212,#1213,#1475,.T.);
#904=EDGE_CURVE('',#1213,#1204,#1476,.T.);
#905=EDGE_CURVE('',#1213,#1210,#1477,.T.);
#906=EDGE_CURVE('',#1214,#1201,#1478,.T.);
#907=EDGE_CURVE('',#1214,#1215,#1479,.T.);
#908=EDGE_CURVE('',#1215,#1202,#1480,.T.);
#909=EDGE_CURVE('',#1215,#1216,#1481,.T.);
#910=EDGE_CURVE('',#1216,#1203,#1482,.T.);
#911=EDGE_CURVE('',#1216,#1217,#1483,.T.);
#912=EDGE_CURVE('',#1217,#1200,#1484,.T.);
#913=EDGE_CURVE('',#1217,#1214,#1485,.T.);
#914=EDGE_CURVE('',#1218,#1197,#1486,.T.);
#915=EDGE_CURVE('',#1218,#1219,#1487,.T.);
#916=EDGE_CURVE('',#1219,#1198,#1488,.T.);
#917=EDGE_CURVE('',#1219,#1220,#1489,.T.);
#918=EDGE_CURVE('',#1220,#1199,#1490,.T.);
#919=EDGE_CURVE('',#1220,#1221,#1491,.T.);
#920=EDGE_CURVE('',#1221,#1196,#1492,.T.);
#921=EDGE_CURVE('',#1221,#1218,#1493,.T.);
#922=EDGE_CURVE('',#1222,#1193,#1494,.T.);
#923=EDGE_CURVE('',#1222,#1223,#1495,.T.);
#924=EDGE_CURVE('',#1223,#1194,#1496,.T.);
#925=EDGE_CURVE('',#1223,#1224,#1497,.T.);
#926=EDGE_CURVE('',#1224,#1195,#1498,.T.);
#927=EDGE_CURVE('',#1224,#1225,#1499,.T.);
#928=EDGE_CURVE('',#1225,#1192,#1500,.T.);
#929=EDGE_CURVE('',#1225,#1222,#1501,.T.);
#930=EDGE_CURVE('',#1226,#1227,#1502,.T.);
#931=EDGE_CURVE('',#1226,#1228,#1503,.T.);
#932=EDGE_CURVE('',#1229,#1228,#1504,.T.);
#933=EDGE_CURVE('',#1229,#1230,#1505,.T.);
#934=EDGE_CURVE('',#1230,#1231,#1506,.T.);
#935=EDGE_CURVE('',#1231,#1232,#1507,.T.);
#936=EDGE_CURVE('',#1233,#1232,#1508,.T.);
#937=EDGE_CURVE('',#1233,#1234,#1509,.T.);
#938=EDGE_CURVE('',#1234,#1235,#1510,.T.);
#939=EDGE_CURVE('',#1235,#1236,#1511,.T.);
#940=EDGE_CURVE('',#1237,#1236,#1512,.T.);
#941=EDGE_CURVE('',#1227,#1237,#1513,.T.);
#942=EDGE_CURVE('',#1238,#1239,#1514,.T.);
#943=EDGE_CURVE('',#1240,#1238,#1515,.T.);
#944=EDGE_CURVE('',#1240,#1241,#1516,.T.);
#945=EDGE_CURVE('',#1241,#1242,#1517,.T.);
#946=EDGE_CURVE('',#1242,#1243,#1518,.T.);
#947=EDGE_CURVE('',#1243,#1244,#1519,.T.);
#948=EDGE_CURVE('',#1244,#1245,#1520,.T.);
#949=EDGE_CURVE('',#1245,#1246,#1521,.T.);
#950=EDGE_CURVE('',#1246,#1247,#1522,.T.);
#951=EDGE_CURVE('',#1247,#1248,#1523,.T.);
#952=EDGE_CURVE('',#1248,#1249,#1524,.T.);
#953=EDGE_CURVE('',#1249,#1239,#1525,.T.);
#954=EDGE_CURVE('',#1238,#1227,#1526,.T.);
#955=EDGE_CURVE('',#1237,#1240,#1527,.T.);
#956=EDGE_CURVE('',#1239,#1226,#1528,.T.);
#957=EDGE_CURVE('',#1228,#1249,#1529,.T.);
#958=EDGE_CURVE('',#1248,#1229,#1530,.T.);
#959=EDGE_CURVE('',#1230,#1247,#1531,.T.);
#960=EDGE_CURVE('',#1231,#1246,#1532,.T.);
#961=EDGE_CURVE('',#1232,#1245,#1533,.T.);
#962=EDGE_CURVE('',#1244,#1233,#1534,.T.);
#963=EDGE_CURVE('',#1234,#1243,#1535,.T.);
#964=EDGE_CURVE('',#1235,#1242,#1536,.T.);
#965=EDGE_CURVE('',#1236,#1241,#1537,.T.);
#966=EDGE_CURVE('',#1250,#1249,#1538,.T.);
#967=EDGE_CURVE('',#1251,#1250,#1539,.F.);
#968=EDGE_CURVE('',#1251,#1228,#1540,.T.);
#969=EDGE_CURVE('',#1252,#1248,#1541,.T.);
#970=EDGE_CURVE('',#1250,#1252,#1542,.F.);
#971=EDGE_CURVE('',#1253,#1229,#1543,.T.);
#972=EDGE_CURVE('',#1252,#1253,#1544,.F.);
#973=EDGE_CURVE('',#1253,#1251,#1545,.F.);
#974=EDGE_CURVE('',#1254,#1241,#1546,.T.);
#975=EDGE_CURVE('',#1255,#1254,#1547,.F.);
#976=EDGE_CURVE('',#1255,#1236,#1548,.T.);
#977=EDGE_CURVE('',#1256,#1240,#1549,.T.);
#978=EDGE_CURVE('',#1254,#1256,#1550,.F.);
#979=EDGE_CURVE('',#1257,#1237,#1551,.T.);
#980=EDGE_CURVE('',#1256,#1257,#1552,.F.);
#981=EDGE_CURVE('',#1257,#1255,#1553,.F.);
#982=EDGE_CURVE('',#1258,#1245,#1554,.T.);
#983=EDGE_CURVE('',#1259,#1258,#1555,.F.);
#984=EDGE_CURVE('',#1259,#1232,#1556,.T.);
#985=EDGE_CURVE('',#1260,#1244,#1557,.T.);
#986=EDGE_CURVE('',#1258,#1260,#1558,.F.);
#987=EDGE_CURVE('',#1261,#1233,#1559,.T.);
#988=EDGE_CURVE('',#1260,#1261,#1560,.F.);
#989=EDGE_CURVE('',#1261,#1259,#1561,.F.);
#990=EDGE_CURVE('',#1262,#1263,#1562,.T.);
#991=EDGE_CURVE('',#1264,#1262,#1563,.T.);
#992=EDGE_CURVE('',#1264,#1265,#1564,.T.);
#993=EDGE_CURVE('',#1265,#1266,#1565,.T.);
#994=EDGE_CURVE('',#1266,#1267,#1566,.T.);
#995=EDGE_CURVE('',#1267,#1268,#1567,.T.);
#996=EDGE_CURVE('',#1268,#1269,#1568,.T.);
#997=EDGE_CURVE('',#1269,#1270,#1569,.T.);
#998=EDGE_CURVE('',#1270,#1271,#1570,.T.);
#999=EDGE_CURVE('',#1271,#1272,#1571,.T.);
#1000=EDGE_CURVE('',#1272,#1273,#1572,.T.);
#1001=EDGE_CURVE('',#1273,#1263,#1573,.T.);
#1002=EDGE_CURVE('',#1274,#1275,#1574,.T.);
#1003=EDGE_CURVE('',#1274,#1276,#1575,.T.);
#1004=EDGE_CURVE('',#1277,#1276,#1576,.T.);
#1005=EDGE_CURVE('',#1277,#1278,#1577,.T.);
#1006=EDGE_CURVE('',#1278,#1279,#1578,.T.);
#1007=EDGE_CURVE('',#1279,#1280,#1579,.T.);
#1008=EDGE_CURVE('',#1281,#1280,#1580,.T.);
#1009=EDGE_CURVE('',#1281,#1282,#1581,.T.);
#1010=EDGE_CURVE('',#1282,#1283,#1582,.T.);
#1011=EDGE_CURVE('',#1283,#1284,#1583,.T.);
#1012=EDGE_CURVE('',#1285,#1284,#1584,.T.);
#1013=EDGE_CURVE('',#1275,#1285,#1585,.T.);
#1014=EDGE_CURVE('',#1262,#1275,#1586,.T.);
#1015=EDGE_CURVE('',#1286,#1285,#30,.T.);
#1016=EDGE_CURVE('',#1286,#1287,#1587,.T.);
#1017=EDGE_CURVE('',#1287,#1288,#31,.T.);
#1018=EDGE_CURVE('',#1288,#1289,#1588,.T.);
#1019=EDGE_CURVE('',#1289,#1290,#1589,.T.);
#1020=EDGE_CURVE('',#1290,#1291,#1590,.T.);
#1021=EDGE_CURVE('',#1292,#1291,#32,.T.);
#1022=EDGE_CURVE('',#1292,#1293,#1591,.T.);
#1023=EDGE_CURVE('',#1293,#1264,#33,.T.);
#1024=EDGE_CURVE('',#1263,#1274,#1592,.T.);
#1025=EDGE_CURVE('',#1294,#1273,#34,.T.);
#1026=EDGE_CURVE('',#1295,#1294,#1593,.T.);
#1027=EDGE_CURVE('',#1295,#1296,#35,.T.);
#1028=EDGE_CURVE('',#1297,#1296,#1594,.T.);
#1029=EDGE_CURVE('',#1298,#1297,#1595,.T.);
#1030=EDGE_CURVE('',#1299,#1298,#1596,.T.);
#1031=EDGE_CURVE('',#1300,#1299,#36,.T.);
#1032=EDGE_CURVE('',#1301,#1300,#1597,.T.);
#1033=EDGE_CURVE('',#1301,#1276,#37,.T.);
#1034=EDGE_CURVE('',#1302,#1303,#1598,.T.);
#1035=EDGE_CURVE('',#1304,#1302,#1599,.T.);
#1036=EDGE_CURVE('',#1304,#1305,#1600,.T.);
#1037=EDGE_CURVE('',#1303,#1305,#1601,.T.);
#1038=EDGE_CURVE('',#1306,#1307,#1602,.T.);
#1039=EDGE_CURVE('',#1306,#1308,#1603,.T.);
#1040=EDGE_CURVE('',#1308,#1309,#1604,.T.);
#1041=EDGE_CURVE('',#1309,#1307,#1605,.T.);
#1042=EDGE_CURVE('',#1306,#1310,#38,.T.);
#1043=EDGE_CURVE('',#1311,#1307,#39,.T.);
#1044=EDGE_CURVE('',#1310,#1311,#1606,.T.);
#1045=EDGE_CURVE('',#1312,#1313,#1607,.T.);
#1046=EDGE_CURVE('',#1312,#1310,#1608,.T.);
#1047=EDGE_CURVE('',#1311,#1313,#1609,.T.);
#1048=EDGE_CURVE('',#1268,#1312,#40,.T.);
#1049=EDGE_CURVE('',#1313,#1269,#41,.T.);
#1050=EDGE_CURVE('',#1281,#1314,#42,.T.);
#1051=EDGE_CURVE('',#1315,#1280,#43,.T.);
#1052=EDGE_CURVE('',#1314,#1315,#1610,.T.);
#1053=EDGE_CURVE('',#1316,#1317,#1611,.T.);
#1054=EDGE_CURVE('',#1316,#1314,#1612,.T.);
#1055=EDGE_CURVE('',#1315,#1317,#1613,.T.);
#1056=EDGE_CURVE('',#1304,#1316,#44,.T.);
#1057=EDGE_CURVE('',#1317,#1305,#45,.T.);
#1058=EDGE_CURVE('',#1318,#1298,#1614,.T.);
#1059=EDGE_CURVE('',#1319,#1318,#1615,.T.);
#1060=EDGE_CURVE('',#1319,#1299,#1616,.T.);
#1061=EDGE_CURVE('',#1320,#1296,#1617,.T.);
#1062=EDGE_CURVE('',#1320,#1321,#1618,.T.);
#1063=EDGE_CURVE('',#1321,#1297,#1619,.T.);
#1064=EDGE_CURVE('',#1320,#1322,#46,.T.);
#1065=EDGE_CURVE('',#1322,#1295,#1620,.T.);
#1066=EDGE_CURVE('',#1323,#1294,#1621,.T.);
#1067=EDGE_CURVE('',#1323,#1322,#1622,.T.);
#1068=EDGE_CURVE('',#1272,#1323,#47,.T.);
#1069=EDGE_CURVE('',#1277,#1324,#48,.T.);
#1070=EDGE_CURVE('',#1324,#1301,#1623,.T.);
#1071=EDGE_CURVE('',#1325,#1300,#1624,.T.);
#1072=EDGE_CURVE('',#1325,#1324,#1625,.T.);
#1073=EDGE_CURVE('',#1319,#1325,#49,.T.);
#1074=EDGE_CURVE('',#1288,#1326,#1626,.T.);
#1075=EDGE_CURVE('',#1327,#1326,#1627,.T.);
#1076=EDGE_CURVE('',#1289,#1327,#1628,.T.);
#1077=EDGE_CURVE('',#1290,#1328,#1629,.T.);
#1078=EDGE_CURVE('',#1328,#1329,#1630,.T.);
#1079=EDGE_CURVE('',#1291,#1329,#1631,.T.);
#1080=EDGE_CURVE('',#1330,#1329,#50,.T.);
#1081=EDGE_CURVE('',#1292,#1330,#1632,.T.);
#1082=EDGE_CURVE('',#1330,#1331,#1633,.T.);
#1083=EDGE_CURVE('',#1293,#1331,#1634,.T.);
#1084=EDGE_CURVE('',#1331,#1265,#51,.T.);
#1085=EDGE_CURVE('',#1332,#1284,#52,.T.);
#1086=EDGE_CURVE('',#1286,#1332,#1635,.T.);
#1087=EDGE_CURVE('',#1332,#1333,#1636,.T.);
#1088=EDGE_CURVE('',#1287,#1333,#1637,.T.);
#1089=EDGE_CURVE('',#1333,#1326,#53,.T.);
#1090=EDGE_CURVE('',#1270,#1279,#1638,.T.);
#1091=EDGE_CURVE('',#1271,#1278,#1639,.T.);
#1092=EDGE_CURVE('',#1321,#1318,#1640,.T.);
#1093=EDGE_CURVE('',#1303,#1309,#1641,.T.);
#1094=EDGE_CURVE('',#1266,#1283,#1642,.T.);
#1095=EDGE_CURVE('',#1267,#1282,#1643,.T.);
#1096=EDGE_CURVE('',#1308,#1302,#1644,.T.);
#1097=EDGE_CURVE('',#1327,#1328,#1645,.T.);
#1098=EDGE_CURVE('',#1334,#1297,#1646,.T.);
#1099=EDGE_CURVE('',#1334,#1335,#1647,.T.);
#1100=EDGE_CURVE('',#1335,#1298,#1648,.T.);
#1101=EDGE_CURVE('',#1335,#1336,#1649,.T.);
#1102=EDGE_CURVE('',#1336,#1318,#1650,.T.);
#1103=EDGE_CURVE('',#1336,#1337,#1651,.T.);
#1104=EDGE_CURVE('',#1337,#1321,#1652,.T.);
#1105=EDGE_CURVE('',#1337,#1334,#1653,.T.);
#1106=EDGE_CURVE('',#1338,#1328,#1654,.T.);
#1107=EDGE_CURVE('',#1338,#1339,#1655,.T.);
#1108=EDGE_CURVE('',#1339,#1327,#1656,.T.);
#1109=EDGE_CURVE('',#1339,#1340,#1657,.T.);
#1110=EDGE_CURVE('',#1340,#1289,#1658,.T.);
#1111=EDGE_CURVE('',#1340,#1341,#1659,.T.);
#1112=EDGE_CURVE('',#1341,#1290,#1660,.T.);
#1113=EDGE_CURVE('',#1341,#1338,#1661,.T.);
#1114=EDGE_CURVE('',#1342,#1309,#1662,.T.);
#1115=EDGE_CURVE('',#1342,#1343,#1663,.T.);
#1116=EDGE_CURVE('',#1343,#1303,#1664,.T.);
#1117=EDGE_CURVE('',#1343,#1344,#1665,.T.);
#1118=EDGE_CURVE('',#1344,#1302,#1666,.T.);
#1119=EDGE_CURVE('',#1344,#1345,#1667,.T.);
#1120=EDGE_CURVE('',#1345,#1308,#1668,.T.);
#1121=EDGE_CURVE('',#1345,#1342,#1669,.T.);
#1122=VERTEX_POINT('',#3417);
#1123=VERTEX_POINT('',#3418);
#1124=VERTEX_POINT('',#3420);
#1125=VERTEX_POINT('',#3422);
#1126=VERTEX_POINT('',#3424);
#1127=VERTEX_POINT('',#3426);
#1128=VERTEX_POINT('',#3428);
#1129=VERTEX_POINT('',#3430);
#1130=VERTEX_POINT('',#3432);
#1131=VERTEX_POINT('',#3434);
#1132=VERTEX_POINT('',#3436);
#1133=VERTEX_POINT('',#3438);
#1134=VERTEX_POINT('',#3440);
#1135=VERTEX_POINT('',#3442);
#1136=VERTEX_POINT('',#3444);
#1137=VERTEX_POINT('',#3446);
#1138=VERTEX_POINT('',#3448);
#1139=VERTEX_POINT('',#3450);
#1140=VERTEX_POINT('',#3452);
#1141=VERTEX_POINT('',#3454);
#1142=VERTEX_POINT('',#3458);
#1143=VERTEX_POINT('',#3459);
#1144=VERTEX_POINT('',#3461);
#1145=VERTEX_POINT('',#3463);
#1146=VERTEX_POINT('',#3467);
#1147=VERTEX_POINT('',#3468);
#1148=VERTEX_POINT('',#3470);
#1149=VERTEX_POINT('',#3472);
#1150=VERTEX_POINT('',#3476);
#1151=VERTEX_POINT('',#3477);
#1152=VERTEX_POINT('',#3479);
#1153=VERTEX_POINT('',#3481);
#1154=VERTEX_POINT('',#3484);
#1155=VERTEX_POINT('',#3486);
#1156=VERTEX_POINT('',#3490);
#1157=VERTEX_POINT('',#3491);
#1158=VERTEX_POINT('',#3493);
#1159=VERTEX_POINT('',#3495);
#1160=VERTEX_POINT('',#3498);
#1161=VERTEX_POINT('',#3500);
#1162=VERTEX_POINT('',#3504);
#1163=VERTEX_POINT('',#3505);
#1164=VERTEX_POINT('',#3507);
#1165=VERTEX_POINT('',#3509);
#1166=VERTEX_POINT('',#3512);
#1167=VERTEX_POINT('',#3514);
#1168=VERTEX_POINT('',#3518);
#1169=VERTEX_POINT('',#3519);
#1170=VERTEX_POINT('',#3521);
#1171=VERTEX_POINT('',#3523);
#1172=VERTEX_POINT('',#3526);
#1173=VERTEX_POINT('',#3528);
#1174=VERTEX_POINT('',#3532);
#1175=VERTEX_POINT('',#3533);
#1176=VERTEX_POINT('',#3535);
#1177=VERTEX_POINT('',#3537);
#1178=VERTEX_POINT('',#3540);
#1179=VERTEX_POINT('',#3542);
#1180=VERTEX_POINT('',#3546);
#1181=VERTEX_POINT('',#3547);
#1182=VERTEX_POINT('',#3549);
#1183=VERTEX_POINT('',#3551);
#1184=VERTEX_POINT('',#3554);
#1185=VERTEX_POINT('',#3556);
#1186=VERTEX_POINT('',#3612);
#1187=VERTEX_POINT('',#3613);
#1188=VERTEX_POINT('',#3615);
#1189=VERTEX_POINT('',#3617);
#1190=VERTEX_POINT('',#3621);
#1191=VERTEX_POINT('',#3623);
#1192=VERTEX_POINT('',#3627);
#1193=VERTEX_POINT('',#3628);
#1194=VERTEX_POINT('',#3630);
#1195=VERTEX_POINT('',#3632);
#1196=VERTEX_POINT('',#3635);
#1197=VERTEX_POINT('',#3636);
#1198=VERTEX_POINT('',#3638);
#1199=VERTEX_POINT('',#3640);
#1200=VERTEX_POINT('',#3643);
#1201=VERTEX_POINT('',#3644);
#1202=VERTEX_POINT('',#3646);
#1203=VERTEX_POINT('',#3648);
#1204=VERTEX_POINT('',#3651);
#1205=VERTEX_POINT('',#3652);
#1206=VERTEX_POINT('',#3654);
#1207=VERTEX_POINT('',#3656);
#1208=VERTEX_POINT('',#3659);
#1209=VERTEX_POINT('',#3661);
#1210=VERTEX_POINT('',#3670);
#1211=VERTEX_POINT('',#3672);
#1212=VERTEX_POINT('',#3676);
#1213=VERTEX_POINT('',#3680);
#1214=VERTEX_POINT('',#3687);
#1215=VERTEX_POINT('',#3689);
#1216=VERTEX_POINT('',#3693);
#1217=VERTEX_POINT('',#3697);
#1218=VERTEX_POINT('',#3704);
#1219=VERTEX_POINT('',#3706);
#1220=VERTEX_POINT('',#3710);
#1221=VERTEX_POINT('',#3714);
#1222=VERTEX_POINT('',#3721);
#1223=VERTEX_POINT('',#3723);
#1224=VERTEX_POINT('',#3727);
#1225=VERTEX_POINT('',#3731);
#1226=VERTEX_POINT('',#3739);
#1227=VERTEX_POINT('',#3740);
#1228=VERTEX_POINT('',#3742);
#1229=VERTEX_POINT('',#3744);
#1230=VERTEX_POINT('',#3746);
#1231=VERTEX_POINT('',#3748);
#1232=VERTEX_POINT('',#3750);
#1233=VERTEX_POINT('',#3752);
#1234=VERTEX_POINT('',#3754);
#1235=VERTEX_POINT('',#3756);
#1236=VERTEX_POINT('',#3758);
#1237=VERTEX_POINT('',#3760);
#1238=VERTEX_POINT('',#3764);
#1239=VERTEX_POINT('',#3765);
#1240=VERTEX_POINT('',#3767);
#1241=VERTEX_POINT('',#3769);
#1242=VERTEX_POINT('',#3771);
#1243=VERTEX_POINT('',#3773);
#1244=VERTEX_POINT('',#3775);
#1245=VERTEX_POINT('',#3777);
#1246=VERTEX_POINT('',#3779);
#1247=VERTEX_POINT('',#3781);
#1248=VERTEX_POINT('',#3783);
#1249=VERTEX_POINT('',#3785);
#1250=VERTEX_POINT('',#3809);
#1251=VERTEX_POINT('',#3811);
#1252=VERTEX_POINT('',#3815);
#1253=VERTEX_POINT('',#3819);
#1254=VERTEX_POINT('',#3826);
#1255=VERTEX_POINT('',#3828);
#1256=VERTEX_POINT('',#3832);
#1257=VERTEX_POINT('',#3836);
#1258=VERTEX_POINT('',#3843);
#1259=VERTEX_POINT('',#3845);
#1260=VERTEX_POINT('',#3849);
#1261=VERTEX_POINT('',#3853);
#1262=VERTEX_POINT('',#3862);
#1263=VERTEX_POINT('',#3863);
#1264=VERTEX_POINT('',#3865);
#1265=VERTEX_POINT('',#3867);
#1266=VERTEX_POINT('',#3869);
#1267=VERTEX_POINT('',#3871);
#1268=VERTEX_POINT('',#3873);
#1269=VERTEX_POINT('',#3875);
#1270=VERTEX_POINT('',#3877);
#1271=VERTEX_POINT('',#3879);
#1272=VERTEX_POINT('',#3881);
#1273=VERTEX_POINT('',#3883);
#1274=VERTEX_POINT('',#3887);
#1275=VERTEX_POINT('',#3888);
#1276=VERTEX_POINT('',#3890);
#1277=VERTEX_POINT('',#3892);
#1278=VERTEX_POINT('',#3894);
#1279=VERTEX_POINT('',#3896);
#1280=VERTEX_POINT('',#3898);
#1281=VERTEX_POINT('',#3900);
#1282=VERTEX_POINT('',#3902);
#1283=VERTEX_POINT('',#3904);
#1284=VERTEX_POINT('',#3906);
#1285=VERTEX_POINT('',#3908);
#1286=VERTEX_POINT('',#3913);
#1287=VERTEX_POINT('',#3915);
#1288=VERTEX_POINT('',#3917);
#1289=VERTEX_POINT('',#3919);
#1290=VERTEX_POINT('',#3921);
#1291=VERTEX_POINT('',#3923);
#1292=VERTEX_POINT('',#3925);
#1293=VERTEX_POINT('',#3927);
#1294=VERTEX_POINT('',#3932);
#1295=VERTEX_POINT('',#3934);
#1296=VERTEX_POINT('',#3936);
#1297=VERTEX_POINT('',#3938);
#1298=VERTEX_POINT('',#3940);
#1299=VERTEX_POINT('',#3942);
#1300=VERTEX_POINT('',#3944);
#1301=VERTEX_POINT('',#3946);
#1302=VERTEX_POINT('',#3950);
#1303=VERTEX_POINT('',#3951);
#1304=VERTEX_POINT('',#3953);
#1305=VERTEX_POINT('',#3955);
#1306=VERTEX_POINT('',#3959);
#1307=VERTEX_POINT('',#3960);
#1308=VERTEX_POINT('',#3962);
#1309=VERTEX_POINT('',#3964);
#1310=VERTEX_POINT('',#3968);
#1311=VERTEX_POINT('',#3970);
#1312=VERTEX_POINT('',#3974);
#1313=VERTEX_POINT('',#3975);
#1314=VERTEX_POINT('',#3983);
#1315=VERTEX_POINT('',#3985);
#1316=VERTEX_POINT('',#3989);
#1317=VERTEX_POINT('',#3990);
#1318=VERTEX_POINT('',#3998);
#1319=VERTEX_POINT('',#4000);
#1320=VERTEX_POINT('',#4004);
#1321=VERTEX_POINT('',#4006);
#1322=VERTEX_POINT('',#4010);
#1323=VERTEX_POINT('',#4014);
#1324=VERTEX_POINT('',#4020);
#1325=VERTEX_POINT('',#4024);
#1326=VERTEX_POINT('',#4030);
#1327=VERTEX_POINT('',#4032);
#1328=VERTEX_POINT('',#4036);
#1329=VERTEX_POINT('',#4038);
#1330=VERTEX_POINT('',#4042);
#1331=VERTEX_POINT('',#4046);
#1332=VERTEX_POINT('',#4052);
#1333=VERTEX_POINT('',#4056);
#1334=VERTEX_POINT('',#4076);
#1335=VERTEX_POINT('',#4078);
#1336=VERTEX_POINT('',#4082);
#1337=VERTEX_POINT('',#4086);
#1338=VERTEX_POINT('',#4093);
#1339=VERTEX_POINT('',#4095);
#1340=VERTEX_POINT('',#4099);
#1341=VERTEX_POINT('',#4103);
#1342=VERTEX_POINT('',#4110);
#1343=VERTEX_POINT('',#4112);
#1344=VERTEX_POINT('',#4116);
#1345=VERTEX_POINT('',#4120);
#1346=LINE('',#3416,#1670);
#1347=LINE('',#3419,#1671);
#1348=LINE('',#3421,#1672);
#1349=LINE('',#3423,#1673);
#1350=LINE('',#3425,#1674);
#1351=LINE('',#3427,#1675);
#1352=LINE('',#3429,#1676);
#1353=LINE('',#3431,#1677);
#1354=LINE('',#3433,#1678);
#1355=LINE('',#3435,#1679);
#1356=LINE('',#3437,#1680);
#1357=LINE('',#3439,#1681);
#1358=LINE('',#3441,#1682);
#1359=LINE('',#3443,#1683);
#1360=LINE('',#3445,#1684);
#1361=LINE('',#3447,#1685);
#1362=LINE('',#3449,#1686);
#1363=LINE('',#3451,#1687);
#1364=LINE('',#3453,#1688);
#1365=LINE('',#3455,#1689);
#1366=LINE('',#3457,#1690);
#1367=LINE('',#3460,#1691);
#1368=LINE('',#3462,#1692);
#1369=LINE('',#3464,#1693);
#1370=LINE('',#3466,#1694);
#1371=LINE('',#3469,#1695);
#1372=LINE('',#3471,#1696);
#1373=LINE('',#3473,#1697);
#1374=LINE('',#3475,#1698);
#1375=LINE('',#3478,#1699);
#1376=LINE('',#3480,#1700);
#1377=LINE('',#3482,#1701);
#1378=LINE('',#3483,#1702);
#1379=LINE('',#3485,#1703);
#1380=LINE('',#3487,#1704);
#1381=LINE('',#3489,#1705);
#1382=LINE('',#3492,#1706);
#1383=LINE('',#3494,#1707);
#1384=LINE('',#3496,#1708);
#1385=LINE('',#3497,#1709);
#1386=LINE('',#3499,#1710);
#1387=LINE('',#3501,#1711);
#1388=LINE('',#3503,#1712);
#1389=LINE('',#3506,#1713);
#1390=LINE('',#3508,#1714);
#1391=LINE('',#3510,#1715);
#1392=LINE('',#3511,#1716);
#1393=LINE('',#3513,#1717);
#1394=LINE('',#3515,#1718);
#1395=LINE('',#3517,#1719);
#1396=LINE('',#3520,#1720);
#1397=LINE('',#3522,#1721);
#1398=LINE('',#3524,#1722);
#1399=LINE('',#3525,#1723);
#1400=LINE('',#3527,#1724);
#1401=LINE('',#3529,#1725);
#1402=LINE('',#3531,#1726);
#1403=LINE('',#3534,#1727);
#1404=LINE('',#3536,#1728);
#1405=LINE('',#3538,#1729);
#1406=LINE('',#3539,#1730);
#1407=LINE('',#3541,#1731);
#1408=LINE('',#3543,#1732);
#1409=LINE('',#3545,#1733);
#1410=LINE('',#3548,#1734);
#1411=LINE('',#3550,#1735);
#1412=LINE('',#3552,#1736);
#1413=LINE('',#3553,#1737);
#1414=LINE('',#3555,#1738);
#1415=LINE('',#3557,#1739);
#1416=LINE('',#3559,#1740);
#1417=LINE('',#3560,#1741);
#1418=LINE('',#3562,#1742);
#1419=LINE('',#3563,#1743);
#1420=LINE('',#3565,#1744);
#1421=LINE('',#3566,#1745);
#1422=LINE('',#3569,#1746);
#1423=LINE('',#3570,#1747);
#1424=LINE('',#3572,#1748);
#1425=LINE('',#3574,#1749);
#1426=LINE('',#3576,#1750);
#1427=LINE('',#3577,#1751);
#1428=LINE('',#3579,#1752);
#1429=LINE('',#3581,#1753);
#1430=LINE('',#3583,#1754);
#1431=LINE('',#3584,#1755);
#1432=LINE('',#3586,#1756);
#1433=LINE('',#3588,#1757);
#1434=LINE('',#3594,#1758);
#1435=LINE('',#3595,#1759);
#1436=LINE('',#3597,#1760);
#1437=LINE('',#3598,#1761);
#1438=LINE('',#3600,#1762);
#1439=LINE('',#3601,#1763);
#1440=LINE('',#3603,#1764);
#1441=LINE('',#3604,#1765);
#1442=LINE('',#3611,#1766);
#1443=LINE('',#3614,#1767);
#1444=LINE('',#3616,#1768);
#1445=LINE('',#3618,#1769);
#1446=LINE('',#3620,#1770);
#1447=LINE('',#3622,#1771);
#1448=LINE('',#3624,#1772);
#1449=LINE('',#3626,#1773);
#1450=LINE('',#3629,#1774);
#1451=LINE('',#3631,#1775);
#1452=LINE('',#3633,#1776);
#1453=LINE('',#3634,#1777);
#1454=LINE('',#3637,#1778);
#1455=LINE('',#3639,#1779);
#1456=LINE('',#3641,#1780);
#1457=LINE('',#3642,#1781);
#1458=LINE('',#3645,#1782);
#1459=LINE('',#3647,#1783);
#1460=LINE('',#3649,#1784);
#1461=LINE('',#3650,#1785);
#1462=LINE('',#3653,#1786);
#1463=LINE('',#3655,#1787);
#1464=LINE('',#3657,#1788);
#1465=LINE('',#3658,#1789);
#1466=LINE('',#3660,#1790);
#1467=LINE('',#3662,#1791);
#1468=LINE('',#3664,#1792);
#1469=LINE('',#3665,#1793);
#1470=LINE('',#3669,#1794);
#1471=LINE('',#3671,#1795);
#1472=LINE('',#3673,#1796);
#1473=LINE('',#3675,#1797);
#1474=LINE('',#3677,#1798);
#1475=LINE('',#3679,#1799);
#1476=LINE('',#3681,#1800);
#1477=LINE('',#3683,#1801);
#1478=LINE('',#3686,#1802);
#1479=LINE('',#3688,#1803);
#1480=LINE('',#3690,#1804);
#1481=LINE('',#3692,#1805);
#1482=LINE('',#3694,#1806);
#1483=LINE('',#3696,#1807);
#1484=LINE('',#3698,#1808);
#1485=LINE('',#3700,#1809);
#1486=LINE('',#3703,#1810);
#1487=LINE('',#3705,#1811);
#1488=LINE('',#3707,#1812);
#1489=LINE('',#3709,#1813);
#1490=LINE('',#3711,#1814);
#1491=LINE('',#3713,#1815);
#1492=LINE('',#3715,#1816);
#1493=LINE('',#3717,#1817);
#1494=LINE('',#3720,#1818);
#1495=LINE('',#3722,#1819);
#1496=LINE('',#3724,#1820);
#1497=LINE('',#3726,#1821);
#1498=LINE('',#3728,#1822);
#1499=LINE('',#3730,#1823);
#1500=LINE('',#3732,#1824);
#1501=LINE('',#3734,#1825);
#1502=LINE('',#3738,#1826);
#1503=LINE('',#3741,#1827);
#1504=LINE('',#3743,#1828);
#1505=LINE('',#3745,#1829);
#1506=LINE('',#3747,#1830);
#1507=LINE('',#3749,#1831);
#1508=LINE('',#3751,#1832);
#1509=LINE('',#3753,#1833);
#1510=LINE('',#3755,#1834);
#1511=LINE('',#3757,#1835);
#1512=LINE('',#3759,#1836);
#1513=LINE('',#3761,#1837);
#1514=LINE('',#3763,#1838);
#1515=LINE('',#3766,#1839);
#1516=LINE('',#3768,#1840);
#1517=LINE('',#3770,#1841);
#1518=LINE('',#3772,#1842);
#1519=LINE('',#3774,#1843);
#1520=LINE('',#3776,#1844);
#1521=LINE('',#3778,#1845);
#1522=LINE('',#3780,#1846);
#1523=LINE('',#3782,#1847);
#1524=LINE('',#3784,#1848);
#1525=LINE('',#3786,#1849);
#1526=LINE('',#3788,#1850);
#1527=LINE('',#3789,#1851);
#1528=LINE('',#3791,#1852);
#1529=LINE('',#3792,#1853);
#1530=LINE('',#3794,#1854);
#1531=LINE('',#3795,#1855);
#1532=LINE('',#3797,#1856);
#1533=LINE('',#3799,#1857);
#1534=LINE('',#3801,#1858);
#1535=LINE('',#3802,#1859);
#1536=LINE('',#3804,#1860);
#1537=LINE('',#3806,#1861);
#1538=LINE('',#3808,#1862);
#1539=LINE('',#3810,#1863);
#1540=LINE('',#3812,#1864);
#1541=LINE('',#3814,#1865);
#1542=LINE('',#3816,#1866);
#1543=LINE('',#3818,#1867);
#1544=LINE('',#3820,#1868);
#1545=LINE('',#3822,#1869);
#1546=LINE('',#3825,#1870);
#1547=LINE('',#3827,#1871);
#1548=LINE('',#3829,#1872);
#1549=LINE('',#3831,#1873);
#1550=LINE('',#3833,#1874);
#1551=LINE('',#3835,#1875);
#1552=LINE('',#3837,#1876);
#1553=LINE('',#3839,#1877);
#1554=LINE('',#3842,#1878);
#1555=LINE('',#3844,#1879);
#1556=LINE('',#3846,#1880);
#1557=LINE('',#3848,#1881);
#1558=LINE('',#3850,#1882);
#1559=LINE('',#3852,#1883);
#1560=LINE('',#3854,#1884);
#1561=LINE('',#3856,#1885);
#1562=LINE('',#3861,#1886);
#1563=LINE('',#3864,#1887);
#1564=LINE('',#3866,#1888);
#1565=LINE('',#3868,#1889);
#1566=LINE('',#3870,#1890);
#1567=LINE('',#3872,#1891);
#1568=LINE('',#3874,#1892);
#1569=LINE('',#3876,#1893);
#1570=LINE('',#3878,#1894);
#1571=LINE('',#3880,#1895);
#1572=LINE('',#3882,#1896);
#1573=LINE('',#3884,#1897);
#1574=LINE('',#3886,#1898);
#1575=LINE('',#3889,#1899);
#1576=LINE('',#3891,#1900);
#1577=LINE('',#3893,#1901);
#1578=LINE('',#3895,#1902);
#1579=LINE('',#3897,#1903);
#1580=LINE('',#3899,#1904);
#1581=LINE('',#3901,#1905);
#1582=LINE('',#3903,#1906);
#1583=LINE('',#3905,#1907);
#1584=LINE('',#3907,#1908);
#1585=LINE('',#3909,#1909);
#1586=LINE('',#3911,#1910);
#1587=LINE('',#3914,#1911);
#1588=LINE('',#3918,#1912);
#1589=LINE('',#3920,#1913);
#1590=LINE('',#3922,#1914);
#1591=LINE('',#3926,#1915);
#1592=LINE('',#3930,#1916);
#1593=LINE('',#3933,#1917);
#1594=LINE('',#3937,#1918);
#1595=LINE('',#3939,#1919);
#1596=LINE('',#3941,#1920);
#1597=LINE('',#3945,#1921);
#1598=LINE('',#3949,#1922);
#1599=LINE('',#3952,#1923);
#1600=LINE('',#3954,#1924);
#1601=LINE('',#3956,#1925);
#1602=LINE('',#3958,#1926);
#1603=LINE('',#3961,#1927);
#1604=LINE('',#3963,#1928);
#1605=LINE('',#3965,#1929);
#1606=LINE('',#3971,#1930);
#1607=LINE('',#3973,#1931);
#1608=LINE('',#3976,#1932);
#1609=LINE('',#3977,#1933);
#1610=LINE('',#3986,#1934);
#1611=LINE('',#3988,#1935);
#1612=LINE('',#3991,#1936);
#1613=LINE('',#3992,#1937);
#1614=LINE('',#3997,#1938);
#1615=LINE('',#3999,#1939);
#1616=LINE('',#4001,#1940);
#1617=LINE('',#4003,#1941);
#1618=LINE('',#4005,#1942);
#1619=LINE('',#4007,#1943);
#1620=LINE('',#4011,#1944);
#1621=LINE('',#4013,#1945);
#1622=LINE('',#4015,#1946);
#1623=LINE('',#4021,#1947);
#1624=LINE('',#4023,#1948);
#1625=LINE('',#4025,#1949);
#1626=LINE('',#4029,#1950);
#1627=LINE('',#4031,#1951);
#1628=LINE('',#4033,#1952);
#1629=LINE('',#4035,#1953);
#1630=LINE('',#4037,#1954);
#1631=LINE('',#4039,#1955);
#1632=LINE('',#4043,#1956);
#1633=LINE('',#4045,#1957);
#1634=LINE('',#4047,#1958);
#1635=LINE('',#4053,#1959);
#1636=LINE('',#4055,#1960);
#1637=LINE('',#4057,#1961);
#1638=LINE('',#4061,#1962);
#1639=LINE('',#4062,#1963);
#1640=LINE('',#4064,#1964);
#1641=LINE('',#4066,#1965);
#1642=LINE('',#4068,#1966);
#1643=LINE('',#4069,#1967);
#1644=LINE('',#4071,#1968);
#1645=LINE('',#4073,#1969);
#1646=LINE('',#4075,#1970);
#1647=LINE('',#4077,#1971);
#1648=LINE('',#4079,#1972);
#1649=LINE('',#4081,#1973);
#1650=LINE('',#4083,#1974);
#1651=LINE('',#4085,#1975);
#1652=LINE('',#4087,#1976);
#1653=LINE('',#4089,#1977);
#1654=LINE('',#4092,#1978);
#1655=LINE('',#4094,#1979);
#1656=LINE('',#4096,#1980);
#1657=LINE('',#4098,#1981);
#1658=LINE('',#4100,#1982);
#1659=LINE('',#4102,#1983);
#1660=LINE('',#4104,#1984);
#1661=LINE('',#4106,#1985);
#1662=LINE('',#4109,#1986);
#1663=LINE('',#4111,#1987);
#1664=LINE('',#4113,#1988);
#1665=LINE('',#4115,#1989);
#1666=LINE('',#4117,#1990);
#1667=LINE('',#4119,#1991);
#1668=LINE('',#4121,#1992);
#1669=LINE('',#4123,#1993);
#1670=VECTOR('',#2764,39.3700787401575);
#1671=VECTOR('',#2765,39.3700787401575);
#1672=VECTOR('',#2766,39.3700787401575);
#1673=VECTOR('',#2767,39.3700787401575);
#1674=VECTOR('',#2768,39.3700787401575);
#1675=VECTOR('',#2769,39.3700787401575);
#1676=VECTOR('',#2770,39.3700787401575);
#1677=VECTOR('',#2771,39.3700787401575);
#1678=VECTOR('',#2772,39.3700787401575);
#1679=VECTOR('',#2773,39.3700787401575);
#1680=VECTOR('',#2774,39.3700787401575);
#1681=VECTOR('',#2775,39.3700787401575);
#1682=VECTOR('',#2776,39.3700787401575);
#1683=VECTOR('',#2777,39.3700787401575);
#1684=VECTOR('',#2778,39.3700787401575);
#1685=VECTOR('',#2779,39.3700787401575);
#1686=VECTOR('',#2780,39.3700787401575);
#1687=VECTOR('',#2781,39.3700787401575);
#1688=VECTOR('',#2782,39.3700787401575);
#1689=VECTOR('',#2783,39.3700787401575);
#1690=VECTOR('',#2786,39.3700787401575);
#1691=VECTOR('',#2787,39.3700787401575);
#1692=VECTOR('',#2788,39.3700787401575);
#1693=VECTOR('',#2789,39.3700787401575);
#1694=VECTOR('',#2792,39.3700787401575);
#1695=VECTOR('',#2793,39.3700787401575);
#1696=VECTOR('',#2794,39.3700787401575);
#1697=VECTOR('',#2795,39.3700787401575);
#1698=VECTOR('',#2798,39.3700787401575);
#1699=VECTOR('',#2799,39.3700787401575);
#1700=VECTOR('',#2800,39.3700787401575);
#1701=VECTOR('',#2801,39.3700787401575);
#1702=VECTOR('',#2802,39.3700787401575);
#1703=VECTOR('',#2803,39.3700787401575);
#1704=VECTOR('',#2804,39.3700787401575);
#1705=VECTOR('',#2807,39.3700787401575);
#1706=VECTOR('',#2808,39.3700787401575);
#1707=VECTOR('',#2809,39.3700787401575);
#1708=VECTOR('',#2810,39.3700787401575);
#1709=VECTOR('',#2811,39.3700787401575);
#1710=VECTOR('',#2812,39.3700787401575);
#1711=VECTOR('',#2813,39.3700787401575);
#1712=VECTOR('',#2816,39.3700787401575);
#1713=VECTOR('',#2817,39.3700787401575);
#1714=VECTOR('',#2818,39.3700787401575);
#1715=VECTOR('',#2819,39.3700787401575);
#1716=VECTOR('',#2820,39.3700787401575);
#1717=VECTOR('',#2821,39.3700787401575);
#1718=VECTOR('',#2822,39.3700787401575);
#1719=VECTOR('',#2825,39.3700787401575);
#1720=VECTOR('',#2826,39.3700787401575);
#1721=VECTOR('',#2827,39.3700787401575);
#1722=VECTOR('',#2828,39.3700787401575);
#1723=VECTOR('',#2829,39.3700787401575);
#1724=VECTOR('',#2830,39.3700787401575);
#1725=VECTOR('',#2831,39.3700787401575);
#1726=VECTOR('',#2834,39.3700787401575);
#1727=VECTOR('',#2835,39.3700787401575);
#1728=VECTOR('',#2836,39.3700787401575);
#1729=VECTOR('',#2837,39.3700787401575);
#1730=VECTOR('',#2838,39.3700787401575);
#1731=VECTOR('',#2839,39.3700787401575);
#1732=VECTOR('',#2840,39.3700787401575);
#1733=VECTOR('',#2843,39.3700787401575);
#1734=VECTOR('',#2844,39.3700787401575);
#1735=VECTOR('',#2845,39.3700787401575);
#1736=VECTOR('',#2846,39.3700787401575);
#1737=VECTOR('',#2847,39.3700787401575);
#1738=VECTOR('',#2848,39.3700787401575);
#1739=VECTOR('',#2849,39.3700787401575);
#1740=VECTOR('',#2852,39.3700787401575);
#1741=VECTOR('',#2853,39.3700787401575);
#1742=VECTOR('',#2856,39.3700787401575);
#1743=VECTOR('',#2857,39.3700787401575);
#1744=VECTOR('',#2860,39.3700787401575);
#1745=VECTOR('',#2861,39.3700787401575);
#1746=VECTOR('',#2866,39.3700787401575);
#1747=VECTOR('',#2867,39.3700787401575);
#1748=VECTOR('',#2870,39.3700787401575);
#1749=VECTOR('',#2873,39.3700787401575);
#1750=VECTOR('',#2876,39.3700787401575);
#1751=VECTOR('',#2877,39.3700787401575);
#1752=VECTOR('',#2880,39.3700787401575);
#1753=VECTOR('',#2883,39.3700787401575);
#1754=VECTOR('',#2886,39.3700787401575);
#1755=VECTOR('',#2887,39.3700787401575);
#1756=VECTOR('',#2890,39.3700787401575);
#1757=VECTOR('',#2893,39.3700787401575);
#1758=VECTOR('',#2904,39.3700787401575);
#1759=VECTOR('',#2905,39.3700787401575);
#1760=VECTOR('',#2908,39.3700787401575);
#1761=VECTOR('',#2909,39.3700787401575);
#1762=VECTOR('',#2912,39.3700787401575);
#1763=VECTOR('',#2913,39.3700787401575);
#1764=VECTOR('',#2916,39.3700787401575);
#1765=VECTOR('',#2917,39.3700787401575);
#1766=VECTOR('',#2930,39.3700787401575);
#1767=VECTOR('',#2931,39.3700787401575);
#1768=VECTOR('',#2932,39.3700787401575);
#1769=VECTOR('',#2933,39.3700787401575);
#1770=VECTOR('',#2936,39.3700787401575);
#1771=VECTOR('',#2937,39.3700787401575);
#1772=VECTOR('',#2938,39.3700787401575);
#1773=VECTOR('',#2941,39.3700787401575);
#1774=VECTOR('',#2942,39.3700787401575);
#1775=VECTOR('',#2943,39.3700787401575);
#1776=VECTOR('',#2944,39.3700787401575);
#1777=VECTOR('',#2945,39.3700787401575);
#1778=VECTOR('',#2946,39.3700787401575);
#1779=VECTOR('',#2947,39.3700787401575);
#1780=VECTOR('',#2948,39.3700787401575);
#1781=VECTOR('',#2949,39.3700787401575);
#1782=VECTOR('',#2950,39.3700787401575);
#1783=VECTOR('',#2951,39.3700787401575);
#1784=VECTOR('',#2952,39.3700787401575);
#1785=VECTOR('',#2953,39.3700787401575);
#1786=VECTOR('',#2954,39.3700787401575);
#1787=VECTOR('',#2955,39.3700787401575);
#1788=VECTOR('',#2956,39.3700787401575);
#1789=VECTOR('',#2957,39.3700787401575);
#1790=VECTOR('',#2958,39.3700787401575);
#1791=VECTOR('',#2959,39.3700787401575);
#1792=VECTOR('',#2962,39.3700787401575);
#1793=VECTOR('',#2963,39.3700787401575);
#1794=VECTOR('',#2970,39.3700787401575);
#1795=VECTOR('',#2971,39.3700787401575);
#1796=VECTOR('',#2972,39.3700787401575);
#1797=VECTOR('',#2975,39.3700787401575);
#1798=VECTOR('',#2976,39.3700787401575);
#1799=VECTOR('',#2979,39.3700787401575);
#1800=VECTOR('',#2980,39.3700787401575);
#1801=VECTOR('',#2983,39.3700787401575);
#1802=VECTOR('',#2988,39.3700787401575);
#1803=VECTOR('',#2989,39.3700787401575);
#1804=VECTOR('',#2990,39.3700787401575);
#1805=VECTOR('',#2993,39.3700787401575);
#1806=VECTOR('',#2994,39.3700787401575);
#1807=VECTOR('',#2997,39.3700787401575);
#1808=VECTOR('',#2998,39.3700787401575);
#1809=VECTOR('',#3001,39.3700787401575);
#1810=VECTOR('',#3006,39.3700787401575);
#1811=VECTOR('',#3007,39.3700787401575);
#1812=VECTOR('',#3008,39.3700787401575);
#1813=VECTOR('',#3011,39.3700787401575);
#1814=VECTOR('',#3012,39.3700787401575);
#1815=VECTOR('',#3015,39.3700787401575);
#1816=VECTOR('',#3016,39.3700787401575);
#1817=VECTOR('',#3019,39.3700787401575);
#1818=VECTOR('',#3024,39.3700787401575);
#1819=VECTOR('',#3025,39.3700787401575);
#1820=VECTOR('',#3026,39.3700787401575);
#1821=VECTOR('',#3029,39.3700787401575);
#1822=VECTOR('',#3030,39.3700787401575);
#1823=VECTOR('',#3033,39.3700787401575);
#1824=VECTOR('',#3034,39.3700787401575);
#1825=VECTOR('',#3037,39.3700787401575);
#1826=VECTOR('',#3044,39.3700787401575);
#1827=VECTOR('',#3045,39.3700787401575);
#1828=VECTOR('',#3046,39.3700787401575);
#1829=VECTOR('',#3047,39.3700787401575);
#1830=VECTOR('',#3048,39.3700787401575);
#1831=VECTOR('',#3049,39.3700787401575);
#1832=VECTOR('',#3050,39.3700787401575);
#1833=VECTOR('',#3051,39.3700787401575);
#1834=VECTOR('',#3052,39.3700787401575);
#1835=VECTOR('',#3053,39.3700787401575);
#1836=VECTOR('',#3054,39.3700787401575);
#1837=VECTOR('',#3055,39.3700787401575);
#1838=VECTOR('',#3058,39.3700787401575);
#1839=VECTOR('',#3059,39.3700787401575);
#1840=VECTOR('',#3060,39.3700787401575);
#1841=VECTOR('',#3061,39.3700787401575);
#1842=VECTOR('',#3062,39.3700787401575);
#1843=VECTOR('',#3063,39.3700787401575);
#1844=VECTOR('',#3064,39.3700787401575);
#1845=VECTOR('',#3065,39.3700787401575);
#1846=VECTOR('',#3066,39.3700787401575);
#1847=VECTOR('',#3067,39.3700787401575);
#1848=VECTOR('',#3068,39.3700787401575);
#1849=VECTOR('',#3069,39.3700787401575);
#1850=VECTOR('',#3072,39.3700787401575);
#1851=VECTOR('',#3073,39.3700787401575);
#1852=VECTOR('',#3076,39.3700787401575);
#1853=VECTOR('',#3077,39.3700787401575);
#1854=VECTOR('',#3080,39.3700787401575);
#1855=VECTOR('',#3081,39.3700787401575);
#1856=VECTOR('',#3084,39.3700787401575);
#1857=VECTOR('',#3087,39.3700787401575);
#1858=VECTOR('',#3090,39.3700787401575);
#1859=VECTOR('',#3091,39.3700787401575);
#1860=VECTOR('',#3094,39.3700787401575);
#1861=VECTOR('',#3097,39.3700787401575);
#1862=VECTOR('',#3100,39.3700787401575);
#1863=VECTOR('',#3101,39.3700787401575);
#1864=VECTOR('',#3102,39.3700787401575);
#1865=VECTOR('',#3105,39.3700787401575);
#1866=VECTOR('',#3106,39.3700787401575);
#1867=VECTOR('',#3109,39.3700787401575);
#1868=VECTOR('',#3110,39.3700787401575);
#1869=VECTOR('',#3113,39.3700787401575);
#1870=VECTOR('',#3118,39.3700787401575);
#1871=VECTOR('',#3119,39.3700787401575);
#1872=VECTOR('',#3120,39.3700787401575);
#1873=VECTOR('',#3123,39.3700787401575);
#1874=VECTOR('',#3124,39.3700787401575);
#1875=VECTOR('',#3127,39.3700787401575);
#1876=VECTOR('',#3128,39.3700787401575);
#1877=VECTOR('',#3131,39.3700787401575);
#1878=VECTOR('',#3136,39.3700787401575);
#1879=VECTOR('',#3137,39.3700787401575);
#1880=VECTOR('',#3138,39.3700787401575);
#1881=VECTOR('',#3141,39.3700787401575);
#1882=VECTOR('',#3142,39.3700787401575);
#1883=VECTOR('',#3145,39.3700787401575);
#1884=VECTOR('',#3146,39.3700787401575);
#1885=VECTOR('',#3149,39.3700787401575);
#1886=VECTOR('',#3158,39.3700787401575);
#1887=VECTOR('',#3159,39.3700787401575);
#1888=VECTOR('',#3160,39.3700787401575);
#1889=VECTOR('',#3161,39.3700787401575);
#1890=VECTOR('',#3162,39.3700787401575);
#1891=VECTOR('',#3163,39.3700787401575);
#1892=VECTOR('',#3164,39.3700787401575);
#1893=VECTOR('',#3165,39.3700787401575);
#1894=VECTOR('',#3166,39.3700787401575);
#1895=VECTOR('',#3167,39.3700787401575);
#1896=VECTOR('',#3168,39.3700787401575);
#1897=VECTOR('',#3169,39.3700787401575);
#1898=VECTOR('',#3172,39.3700787401575);
#1899=VECTOR('',#3173,39.3700787401575);
#1900=VECTOR('',#3174,39.3700787401575);
#1901=VECTOR('',#3175,39.3700787401575);
#1902=VECTOR('',#3176,39.3700787401575);
#1903=VECTOR('',#3177,39.3700787401575);
#1904=VECTOR('',#3178,39.3700787401575);
#1905=VECTOR('',#3179,39.3700787401575);
#1906=VECTOR('',#3180,39.3700787401575);
#1907=VECTOR('',#3181,39.3700787401575);
#1908=VECTOR('',#3182,39.3700787401575);
#1909=VECTOR('',#3183,39.3700787401575);
#1910=VECTOR('',#3186,39.3700787401575);
#1911=VECTOR('',#3189,39.3700787401575);
#1912=VECTOR('',#3192,39.3700787401575);
#1913=VECTOR('',#3193,39.3700787401575);
#1914=VECTOR('',#3194,39.3700787401575);
#1915=VECTOR('',#3197,39.3700787401575);
#1916=VECTOR('',#3202,39.3700787401575);
#1917=VECTOR('',#3205,39.3700787401575);
#1918=VECTOR('',#3208,39.3700787401575);
#1919=VECTOR('',#3209,39.3700787401575);
#1920=VECTOR('',#3210,39.3700787401575);
#1921=VECTOR('',#3213,39.3700787401575);
#1922=VECTOR('',#3218,39.3700787401575);
#1923=VECTOR('',#3219,39.3700787401575);
#1924=VECTOR('',#3220,39.3700787401575);
#1925=VECTOR('',#3221,39.3700787401575);
#1926=VECTOR('',#3224,39.3700787401575);
#1927=VECTOR('',#3225,39.3700787401575);
#1928=VECTOR('',#3226,39.3700787401575);
#1929=VECTOR('',#3227,39.3700787401575);
#1930=VECTOR('',#3234,39.3700787401575);
#1931=VECTOR('',#3237,39.3700787401575);
#1932=VECTOR('',#3238,39.3700787401575);
#1933=VECTOR('',#3239,39.3700787401575);
#1934=VECTOR('',#3252,39.3700787401575);
#1935=VECTOR('',#3255,39.3700787401575);
#1936=VECTOR('',#3256,39.3700787401575);
#1937=VECTOR('',#3257,39.3700787401575);
#1938=VECTOR('',#3266,39.3700787401575);
#1939=VECTOR('',#3267,39.3700787401575);
#1940=VECTOR('',#3268,39.3700787401575);
#1941=VECTOR('',#3271,39.3700787401575);
#1942=VECTOR('',#3272,39.3700787401575);
#1943=VECTOR('',#3273,39.3700787401575);
#1944=VECTOR('',#3278,39.3700787401575);
#1945=VECTOR('',#3281,39.3700787401575);
#1946=VECTOR('',#3282,39.3700787401575);
#1947=VECTOR('',#3291,39.3700787401575);
#1948=VECTOR('',#3294,39.3700787401575);
#1949=VECTOR('',#3295,39.3700787401575);
#1950=VECTOR('',#3302,39.3700787401575);
#1951=VECTOR('',#3303,39.3700787401575);
#1952=VECTOR('',#3304,39.3700787401575);
#1953=VECTOR('',#3307,39.3700787401575);
#1954=VECTOR('',#3308,39.3700787401575);
#1955=VECTOR('',#3309,39.3700787401575);
#1956=VECTOR('',#3314,39.3700787401575);
#1957=VECTOR('',#3317,39.3700787401575);
#1958=VECTOR('',#3318,39.3700787401575);
#1959=VECTOR('',#3327,39.3700787401575);
#1960=VECTOR('',#3330,39.3700787401575);
#1961=VECTOR('',#3331,39.3700787401575);
#1962=VECTOR('',#3338,39.3700787401575);
#1963=VECTOR('',#3339,39.3700787401575);
#1964=VECTOR('',#3342,39.3700787401575);
#1965=VECTOR('',#3345,39.3700787401575);
#1966=VECTOR('',#3348,39.3700787401575);
#1967=VECTOR('',#3349,39.3700787401575);
#1968=VECTOR('',#3352,39.3700787401575);
#1969=VECTOR('',#3355,39.3700787401575);
#1970=VECTOR('',#3358,39.3700787401575);
#1971=VECTOR('',#3359,39.3700787401575);
#1972=VECTOR('',#3360,39.3700787401575);
#1973=VECTOR('',#3363,39.3700787401575);
#1974=VECTOR('',#3364,39.3700787401575);
#1975=VECTOR('',#3367,39.3700787401575);
#1976=VECTOR('',#3368,39.3700787401575);
#1977=VECTOR('',#3371,39.3700787401575);
#1978=VECTOR('',#3376,39.3700787401575);
#1979=VECTOR('',#3377,39.3700787401575);
#1980=VECTOR('',#3378,39.3700787401575);
#1981=VECTOR('',#3381,39.3700787401575);
#1982=VECTOR('',#3382,39.3700787401575);
#1983=VECTOR('',#3385,39.3700787401575);
#1984=VECTOR('',#3386,39.3700787401575);
#1985=VECTOR('',#3389,39.3700787401575);
#1986=VECTOR('',#3394,39.3700787401575);
#1987=VECTOR('',#3395,39.3700787401575);
#1988=VECTOR('',#3396,39.3700787401575);
#1989=VECTOR('',#3399,39.3700787401575);
#1990=VECTOR('',#3400,39.3700787401575);
#1991=VECTOR('',#3403,39.3700787401575);
#1992=VECTOR('',#3404,39.3700787401575);
#1993=VECTOR('',#3407,39.3700787401575);
#1994=EDGE_LOOP('',(#78,#79,#80,#81,#82,#83,#84,#85,#86,#87,#88,#89,#90,
#91,#92,#93,#94,#95,#96,#97));
#1995=EDGE_LOOP('',(#98,#99,#100,#101));
#1996=EDGE_LOOP('',(#102,#103,#104,#105));
#1997=EDGE_LOOP('',(#106,#107,#108,#109));
#1998=EDGE_LOOP('',(#110,#111,#112,#113));
#1999=EDGE_LOOP('',(#114,#115,#116,#117));
#2000=EDGE_LOOP('',(#118,#119,#120,#121));
#2001=EDGE_LOOP('',(#122,#123,#124,#125));
#2002=EDGE_LOOP('',(#126,#127,#128,#129));
#2003=EDGE_LOOP('',(#130,#131,#132,#133));
#2004=EDGE_LOOP('',(#134,#135,#136,#137));
#2005=EDGE_LOOP('',(#138,#139,#140,#141));
#2006=EDGE_LOOP('',(#142,#143,#144,#145));
#2007=EDGE_LOOP('',(#146,#147,#148,#149));
#2008=EDGE_LOOP('',(#150,#151,#152,#153));
#2009=EDGE_LOOP('',(#154,#155,#156,#157));
#2010=EDGE_LOOP('',(#158,#159,#160,#161));
#2011=EDGE_LOOP('',(#162,#163,#164,#165));
#2012=EDGE_LOOP('',(#166,#167,#168,#169));
#2013=EDGE_LOOP('',(#170,#171,#172,#173));
#2014=EDGE_LOOP('',(#174,#175,#176,#177));
#2015=EDGE_LOOP('',(#178,#179,#180,#181));
#2016=EDGE_LOOP('',(#182,#183,#184,#185));
#2017=EDGE_LOOP('',(#186,#187,#188,#189));
#2018=EDGE_LOOP('',(#190,#191,#192,#193));
#2019=EDGE_LOOP('',(#194,#195,#196,#197));
#2020=EDGE_LOOP('',(#198,#199,#200,#201));
#2021=EDGE_LOOP('',(#202,#203,#204,#205));
#2022=EDGE_LOOP('',(#206,#207,#208,#209));
#2023=EDGE_LOOP('',(#210,#211,#212,#213));
#2024=EDGE_LOOP('',(#214,#215,#216,#217));
#2025=EDGE_LOOP('',(#218,#219,#220,#221));
#2026=EDGE_LOOP('',(#222,#223,#224,#225,#226,#227,#228,#229));
#2027=EDGE_LOOP('',(#230,#231,#232,#233,#234,#235,#236,#237));
#2028=EDGE_LOOP('',(#238,#239,#240,#241,#242,#243,#244,#245));
#2029=EDGE_LOOP('',(#246,#247,#248,#249,#250,#251,#252,#253));
#2030=EDGE_LOOP('',(#254,#255,#256,#257));
#2031=EDGE_LOOP('',(#258,#259,#260,#261));
#2032=EDGE_LOOP('',(#262,#263,#264,#265));
#2033=EDGE_LOOP('',(#266,#267,#268,#269));
#2034=EDGE_LOOP('',(#270,#271,#272,#273));
#2035=EDGE_LOOP('',(#274,#275,#276,#277));
#2036=EDGE_LOOP('',(#278,#279,#280,#281));
#2037=EDGE_LOOP('',(#282,#283,#284,#285));
#2038=EDGE_LOOP('',(#286,#287,#288,#289));
#2039=EDGE_LOOP('',(#290,#291,#292,#293));
#2040=EDGE_LOOP('',(#294,#295,#296,#297));
#2041=EDGE_LOOP('',(#298,#299,#300,#301));
#2042=EDGE_LOOP('',(#302,#303,#304,#305));
#2043=EDGE_LOOP('',(#306,#307,#308,#309));
#2044=EDGE_LOOP('',(#310,#311,#312,#313));
#2045=EDGE_LOOP('',(#314,#315,#316,#317));
#2046=EDGE_LOOP('',(#318,#319,#320,#321));
#2047=EDGE_LOOP('',(#322,#323,#324,#325));
#2048=EDGE_LOOP('',(#326,#327,#328,#329));
#2049=EDGE_LOOP('',(#330,#331,#332,#333));
#2050=EDGE_LOOP('',(#334,#335,#336,#337));
#2051=EDGE_LOOP('',(#338,#339,#340,#341));
#2052=EDGE_LOOP('',(#342,#343,#344,#345));
#2053=EDGE_LOOP('',(#346,#347,#348,#349));
#2054=EDGE_LOOP('',(#350,#351,#352,#353));
#2055=EDGE_LOOP('',(#354,#355,#356,#357));
#2056=EDGE_LOOP('',(#358,#359,#360,#361));
#2057=EDGE_LOOP('',(#362,#363,#364,#365));
#2058=EDGE_LOOP('',(#366,#367,#368,#369));
#2059=EDGE_LOOP('',(#370,#371,#372,#373));
#2060=EDGE_LOOP('',(#374,#375,#376,#377));
#2061=EDGE_LOOP('',(#378,#379,#380,#381));
#2062=EDGE_LOOP('',(#382,#383,#384,#385));
#2063=EDGE_LOOP('',(#386,#387,#388,#389));
#2064=EDGE_LOOP('',(#390,#391,#392,#393,#394,#395,#396,#397,#398,#399,#400,
#401));
#2065=EDGE_LOOP('',(#402,#403,#404,#405,#406,#407,#408,#409,#410,#411,#412,
#413));
#2066=EDGE_LOOP('',(#414,#415,#416,#417));
#2067=EDGE_LOOP('',(#418,#419,#420,#421));
#2068=EDGE_LOOP('',(#422,#423,#424,#425));
#2069=EDGE_LOOP('',(#426,#427,#428,#429));
#2070=EDGE_LOOP('',(#430,#431,#432,#433));
#2071=EDGE_LOOP('',(#434,#435,#436,#437));
#2072=EDGE_LOOP('',(#438,#439,#440,#441));
#2073=EDGE_LOOP('',(#442,#443,#444,#445));
#2074=EDGE_LOOP('',(#446,#447,#448,#449));
#2075=EDGE_LOOP('',(#450,#451,#452,#453));
#2076=EDGE_LOOP('',(#454,#455,#456,#457));
#2077=EDGE_LOOP('',(#458,#459,#460,#461));
#2078=EDGE_LOOP('',(#462,#463,#464,#465));
#2079=EDGE_LOOP('',(#466,#467,#468,#469));
#2080=EDGE_LOOP('',(#470,#471,#472,#473));
#2081=EDGE_LOOP('',(#474,#475,#476,#477));
#2082=EDGE_LOOP('',(#478,#479,#480,#481));
#2083=EDGE_LOOP('',(#482,#483,#484,#485));
#2084=EDGE_LOOP('',(#486,#487,#488,#489));
#2085=EDGE_LOOP('',(#490,#491,#492,#493));
#2086=EDGE_LOOP('',(#494,#495,#496,#497));
#2087=EDGE_LOOP('',(#498,#499,#500,#501));
#2088=EDGE_LOOP('',(#502,#503,#504,#505));
#2089=EDGE_LOOP('',(#506,#507,#508,#509));
#2090=EDGE_LOOP('',(#510,#511,#512,#513,#514,#515,#516,#517,#518,#519,#520,
#521));
#2091=EDGE_LOOP('',(#522,#523,#524,#525,#526,#527,#528,#529,#530,#531,#532,
#533));
#2092=EDGE_LOOP('',(#534,#535,#536,#537,#538,#539,#540,#541,#542,#543,#544,
#545));
#2093=EDGE_LOOP('',(#546,#547,#548,#549,#550,#551,#552,#553,#554,#555,#556,
#557));
#2094=EDGE_LOOP('',(#558,#559,#560,#561));
#2095=EDGE_LOOP('',(#562,#563,#564,#565));
#2096=EDGE_LOOP('',(#566,#567,#568,#569));
#2097=EDGE_LOOP('',(#570,#571,#572,#573));
#2098=EDGE_LOOP('',(#574,#575,#576,#577));
#2099=EDGE_LOOP('',(#578,#579,#580,#581));
#2100=EDGE_LOOP('',(#582,#583,#584,#585));
#2101=EDGE_LOOP('',(#586,#587,#588,#589));
#2102=EDGE_LOOP('',(#590,#591,#592,#593));
#2103=EDGE_LOOP('',(#594,#595,#596,#597));
#2104=EDGE_LOOP('',(#598,#599,#600,#601));
#2105=EDGE_LOOP('',(#602,#603,#604,#605));
#2106=EDGE_LOOP('',(#606,#607,#608,#609));
#2107=EDGE_LOOP('',(#610,#611,#612,#613));
#2108=EDGE_LOOP('',(#614,#615,#616,#617));
#2109=EDGE_LOOP('',(#618,#619,#620,#621));
#2110=EDGE_LOOP('',(#622,#623,#624,#625));
#2111=EDGE_LOOP('',(#626,#627,#628,#629));
#2112=EDGE_LOOP('',(#630,#631,#632,#633));
#2113=EDGE_LOOP('',(#634,#635,#636,#637));
#2114=EDGE_LOOP('',(#638,#639,#640,#641));
#2115=EDGE_LOOP('',(#642,#643,#644,#645));
#2116=EDGE_LOOP('',(#646,#647,#648,#649));
#2117=EDGE_LOOP('',(#650,#651,#652,#653));
#2118=EDGE_LOOP('',(#654,#655,#656,#657));
#2119=EDGE_LOOP('',(#658,#659,#660,#661,#662,#663,#664,#665,#666,#667,#668,
#669));
#2120=EDGE_LOOP('',(#670,#671,#672,#673,#674,#675,#676,#677,#678,#679,#680,
#681));
#2121=EDGE_LOOP('',(#682,#683,#684,#685));
#2122=EDGE_LOOP('',(#686,#687,#688,#689,#690,#691,#692,#693,#694,#695,#696,
#697));
#2123=EDGE_LOOP('',(#698,#699,#700,#701,#702,#703,#704,#705,#706,#707,#708,
#709));
#2124=EDGE_LOOP('',(#710,#711,#712,#713));
#2125=EDGE_LOOP('',(#714,#715,#716,#717));
#2126=EDGE_LOOP('',(#718,#719,#720,#721));
#2127=EDGE_LOOP('',(#722,#723,#724,#725));
#2128=EDGE_LOOP('',(#726,#727,#728,#729));
#2129=EDGE_LOOP('',(#730,#731,#732,#733));
#2130=EDGE_LOOP('',(#734,#735,#736,#737));
#2131=EDGE_LOOP('',(#738,#739,#740,#741));
#2132=EDGE_LOOP('',(#742,#743,#744,#745));
#2133=EDGE_LOOP('',(#746,#747,#748,#749));
#2134=EDGE_LOOP('',(#750,#751,#752,#753));
#2135=EDGE_LOOP('',(#754,#755,#756,#757));
#2136=EDGE_LOOP('',(#758,#759,#760,#761));
#2137=EDGE_LOOP('',(#762,#763,#764,#765));
#2138=EDGE_LOOP('',(#766,#767,#768,#769));
#2139=EDGE_LOOP('',(#770,#771,#772,#773));
#2140=FACE_BOUND('',#1994,.T.);
#2141=FACE_BOUND('',#1995,.T.);
#2142=FACE_BOUND('',#1996,.T.);
#2143=FACE_BOUND('',#1997,.T.);
#2144=FACE_BOUND('',#1998,.T.);
#2145=FACE_BOUND('',#1999,.T.);
#2146=FACE_BOUND('',#2000,.T.);
#2147=FACE_BOUND('',#2001,.T.);
#2148=FACE_BOUND('',#2002,.T.);
#2149=FACE_BOUND('',#2003,.T.);
#2150=FACE_BOUND('',#2004,.T.);
#2151=FACE_BOUND('',#2005,.T.);
#2152=FACE_BOUND('',#2006,.T.);
#2153=FACE_BOUND('',#2007,.T.);
#2154=FACE_BOUND('',#2008,.T.);
#2155=FACE_BOUND('',#2009,.T.);
#2156=FACE_BOUND('',#2010,.T.);
#2157=FACE_BOUND('',#2011,.T.);
#2158=FACE_BOUND('',#2012,.T.);
#2159=FACE_BOUND('',#2013,.T.);
#2160=FACE_BOUND('',#2014,.T.);
#2161=FACE_BOUND('',#2015,.T.);
#2162=FACE_BOUND('',#2016,.T.);
#2163=FACE_BOUND('',#2017,.T.);
#2164=FACE_BOUND('',#2018,.T.);
#2165=FACE_BOUND('',#2019,.T.);
#2166=FACE_BOUND('',#2020,.T.);
#2167=FACE_BOUND('',#2021,.T.);
#2168=FACE_BOUND('',#2022,.T.);
#2169=FACE_BOUND('',#2023,.T.);
#2170=FACE_BOUND('',#2024,.T.);
#2171=FACE_BOUND('',#2025,.T.);
#2172=FACE_BOUND('',#2026,.T.);
#2173=FACE_BOUND('',#2027,.T.);
#2174=FACE_BOUND('',#2028,.T.);
#2175=FACE_BOUND('',#2029,.T.);
#2176=FACE_BOUND('',#2030,.T.);
#2177=FACE_BOUND('',#2031,.T.);
#2178=FACE_BOUND('',#2032,.T.);
#2179=FACE_BOUND('',#2033,.T.);
#2180=FACE_BOUND('',#2034,.T.);
#2181=FACE_BOUND('',#2035,.T.);
#2182=FACE_BOUND('',#2036,.T.);
#2183=FACE_BOUND('',#2037,.T.);
#2184=FACE_BOUND('',#2038,.T.);
#2185=FACE_BOUND('',#2039,.T.);
#2186=FACE_BOUND('',#2040,.T.);
#2187=FACE_BOUND('',#2041,.T.);
#2188=FACE_BOUND('',#2042,.T.);
#2189=FACE_BOUND('',#2043,.T.);
#2190=FACE_BOUND('',#2044,.T.);
#2191=FACE_BOUND('',#2045,.T.);
#2192=FACE_BOUND('',#2046,.T.);
#2193=FACE_BOUND('',#2047,.T.);
#2194=FACE_BOUND('',#2048,.T.);
#2195=FACE_BOUND('',#2049,.T.);
#2196=FACE_BOUND('',#2050,.T.);
#2197=FACE_BOUND('',#2051,.T.);
#2198=FACE_BOUND('',#2052,.T.);
#2199=FACE_BOUND('',#2053,.T.);
#2200=FACE_BOUND('',#2054,.T.);
#2201=FACE_BOUND('',#2055,.T.);
#2202=FACE_BOUND('',#2056,.T.);
#2203=FACE_BOUND('',#2057,.T.);
#2204=FACE_BOUND('',#2058,.T.);
#2205=FACE_BOUND('',#2059,.T.);
#2206=FACE_BOUND('',#2060,.T.);
#2207=FACE_BOUND('',#2061,.T.);
#2208=FACE_BOUND('',#2062,.T.);
#2209=FACE_BOUND('',#2063,.T.);
#2210=FACE_BOUND('',#2064,.T.);
#2211=FACE_BOUND('',#2065,.T.);
#2212=FACE_BOUND('',#2066,.T.);
#2213=FACE_BOUND('',#2067,.T.);
#2214=FACE_BOUND('',#2068,.T.);
#2215=FACE_BOUND('',#2069,.T.);
#2216=FACE_BOUND('',#2070,.T.);
#2217=FACE_BOUND('',#2071,.T.);
#2218=FACE_BOUND('',#2072,.T.);
#2219=FACE_BOUND('',#2073,.T.);
#2220=FACE_BOUND('',#2074,.T.);
#2221=FACE_BOUND('',#2075,.T.);
#2222=FACE_BOUND('',#2076,.T.);
#2223=FACE_BOUND('',#2077,.T.);
#2224=FACE_BOUND('',#2078,.T.);
#2225=FACE_BOUND('',#2079,.T.);
#2226=FACE_BOUND('',#2080,.T.);
#2227=FACE_BOUND('',#2081,.T.);
#2228=FACE_BOUND('',#2082,.T.);
#2229=FACE_BOUND('',#2083,.T.);
#2230=FACE_BOUND('',#2084,.T.);
#2231=FACE_BOUND('',#2085,.T.);
#2232=FACE_BOUND('',#2086,.T.);
#2233=FACE_BOUND('',#2087,.T.);
#2234=FACE_BOUND('',#2088,.T.);
#2235=FACE_BOUND('',#2089,.T.);
#2236=FACE_BOUND('',#2090,.T.);
#2237=FACE_BOUND('',#2091,.T.);
#2238=FACE_BOUND('',#2092,.T.);
#2239=FACE_BOUND('',#2093,.T.);
#2240=FACE_BOUND('',#2094,.T.);
#2241=FACE_BOUND('',#2095,.T.);
#2242=FACE_BOUND('',#2096,.T.);
#2243=FACE_BOUND('',#2097,.T.);
#2244=FACE_BOUND('',#2098,.T.);
#2245=FACE_BOUND('',#2099,.T.);
#2246=FACE_BOUND('',#2100,.T.);
#2247=FACE_BOUND('',#2101,.T.);
#2248=FACE_BOUND('',#2102,.T.);
#2249=FACE_BOUND('',#2103,.T.);
#2250=FACE_BOUND('',#2104,.T.);
#2251=FACE_BOUND('',#2105,.T.);
#2252=FACE_BOUND('',#2106,.T.);
#2253=FACE_BOUND('',#2107,.T.);
#2254=FACE_BOUND('',#2108,.T.);
#2255=FACE_BOUND('',#2109,.T.);
#2256=FACE_BOUND('',#2110,.T.);
#2257=FACE_BOUND('',#2111,.T.);
#2258=FACE_BOUND('',#2112,.T.);
#2259=FACE_BOUND('',#2113,.T.);
#2260=FACE_BOUND('',#2114,.T.);
#2261=FACE_BOUND('',#2115,.T.);
#2262=FACE_BOUND('',#2116,.T.);
#2263=FACE_BOUND('',#2117,.T.);
#2264=FACE_BOUND('',#2118,.T.);
#2265=FACE_BOUND('',#2119,.T.);
#2266=FACE_BOUND('',#2120,.T.);
#2267=FACE_BOUND('',#2121,.T.);
#2268=FACE_BOUND('',#2122,.T.);
#2269=FACE_BOUND('',#2123,.T.);
#2270=FACE_BOUND('',#2124,.T.);
#2271=FACE_BOUND('',#2125,.T.);
#2272=FACE_BOUND('',#2126,.T.);
#2273=FACE_BOUND('',#2127,.T.);
#2274=FACE_BOUND('',#2128,.T.);
#2275=FACE_BOUND('',#2129,.T.);
#2276=FACE_BOUND('',#2130,.T.);
#2277=FACE_BOUND('',#2131,.T.);
#2278=FACE_BOUND('',#2132,.T.);
#2279=FACE_BOUND('',#2133,.T.);
#2280=FACE_BOUND('',#2134,.T.);
#2281=FACE_BOUND('',#2135,.T.);
#2282=FACE_BOUND('',#2136,.T.);
#2283=FACE_BOUND('',#2137,.T.);
#2284=FACE_BOUND('',#2138,.T.);
#2285=FACE_BOUND('',#2139,.T.);
#2286=PLANE('',#2596);
#2287=PLANE('',#2597);
#2288=PLANE('',#2598);
#2289=PLANE('',#2599);
#2290=PLANE('',#2600);
#2291=PLANE('',#2601);
#2292=PLANE('',#2602);
#2293=PLANE('',#2603);
#2294=PLANE('',#2604);
#2295=PLANE('',#2605);
#2296=PLANE('',#2606);
#2297=PLANE('',#2607);
#2298=PLANE('',#2608);
#2299=PLANE('',#2609);
#2300=PLANE('',#2610);
#2301=PLANE('',#2611);
#2302=PLANE('',#2612);
#2303=PLANE('',#2613);
#2304=PLANE('',#2614);
#2305=PLANE('',#2615);
#2306=PLANE('',#2616);
#2307=PLANE('',#2617);
#2308=PLANE('',#2618);
#2309=PLANE('',#2619);
#2310=PLANE('',#2620);
#2311=PLANE('',#2621);
#2312=PLANE('',#2622);
#2313=PLANE('',#2623);
#2314=PLANE('',#2624);
#2315=PLANE('',#2625);
#2316=PLANE('',#2626);
#2317=PLANE('',#2627);
#2318=PLANE('',#2628);
#2319=PLANE('',#2629);
#2320=PLANE('',#2631);
#2321=PLANE('',#2632);
#2322=PLANE('',#2633);
#2323=PLANE('',#2634);
#2324=PLANE('',#2635);
#2325=PLANE('',#2636);
#2326=PLANE('',#2637);
#2327=PLANE('',#2638);
#2328=PLANE('',#2639);
#2329=PLANE('',#2640);
#2330=PLANE('',#2641);
#2331=PLANE('',#2642);
#2332=PLANE('',#2643);
#2333=PLANE('',#2644);
#2334=PLANE('',#2645);
#2335=PLANE('',#2646);
#2336=PLANE('',#2647);
#2337=PLANE('',#2648);
#2338=PLANE('',#2649);
#2339=PLANE('',#2650);
#2340=PLANE('',#2651);
#2341=PLANE('',#2652);
#2342=PLANE('',#2653);
#2343=PLANE('',#2654);
#2344=PLANE('',#2655);
#2345=PLANE('',#2656);
#2346=PLANE('',#2658);
#2347=PLANE('',#2659);
#2348=PLANE('',#2660);
#2349=PLANE('',#2661);
#2350=PLANE('',#2662);
#2351=PLANE('',#2663);
#2352=PLANE('',#2664);
#2353=PLANE('',#2665);
#2354=PLANE('',#2666);
#2355=PLANE('',#2667);
#2356=PLANE('',#2668);
#2357=PLANE('',#2669);
#2358=PLANE('',#2670);
#2359=PLANE('',#2671);
#2360=PLANE('',#2672);
#2361=PLANE('',#2673);
#2362=PLANE('',#2674);
#2363=PLANE('',#2675);
#2364=PLANE('',#2676);
#2365=PLANE('',#2677);
#2366=PLANE('',#2678);
#2367=PLANE('',#2679);
#2368=PLANE('',#2680);
#2369=PLANE('',#2681);
#2370=PLANE('',#2682);
#2371=PLANE('',#2683);
#2372=PLANE('',#2685);
#2373=PLANE('',#2686);
#2374=PLANE('',#2687);
#2375=PLANE('',#2692);
#2376=PLANE('',#2697);
#2377=PLANE('',#2698);
#2378=PLANE('',#2702);
#2379=PLANE('',#2709);
#2380=PLANE('',#2713);
#2381=PLANE('',#2714);
#2382=PLANE('',#2717);
#2383=PLANE('',#2722);
#2384=PLANE('',#2725);
#2385=PLANE('',#2726);
#2386=PLANE('',#2729);
#2387=PLANE('',#2734);
#2388=PLANE('',#2737);
#2389=PLANE('',#2738);
#2390=PLANE('',#2739);
#2391=PLANE('',#2740);
#2392=PLANE('',#2741);
#2393=PLANE('',#2742);
#2394=PLANE('',#2743);
#2395=PLANE('',#2744);
#2396=PLANE('',#2745);
#2397=PLANE('',#2746);
#2398=PLANE('',#2747);
#2399=PLANE('',#2748);
#2400=PLANE('',#2749);
#2401=PLANE('',#2750);
#2402=PLANE('',#2751);
#2403=PLANE('',#2752);
#2404=PLANE('',#2753);
#2405=PLANE('',#2754);
#2406=PLANE('',#2755);
#2407=PLANE('',#2756);
#2408=PLANE('',#2757);
#2409=PLANE('',#2758);
#2410=ADVANCED_FACE('',(#2140),#2286,.F.);
#2411=ADVANCED_FACE('',(#2141),#2287,.T.);
#2412=ADVANCED_FACE('',(#2142),#2288,.T.);
#2413=ADVANCED_FACE('',(#2143,#2144),#2289,.T.);
#2414=ADVANCED_FACE('',(#2145,#2146),#2290,.T.);
#2415=ADVANCED_FACE('',(#2147,#2148),#2291,.T.);
#2416=ADVANCED_FACE('',(#2149,#2150),#2292,.F.);
#2417=ADVANCED_FACE('',(#2151,#2152),#2293,.F.);
#2418=ADVANCED_FACE('',(#2153,#2154),#2294,.F.);
#2419=ADVANCED_FACE('',(#2155),#2295,.F.);
#2420=ADVANCED_FACE('',(#2156),#2296,.F.);
#2421=ADVANCED_FACE('',(#2157),#2297,.F.);
#2422=ADVANCED_FACE('',(#2158),#2298,.F.);
#2423=ADVANCED_FACE('',(#2159),#2299,.T.);
#2424=ADVANCED_FACE('',(#2160),#2300,.T.);
#2425=ADVANCED_FACE('',(#2161),#2301,.T.);
#2426=ADVANCED_FACE('',(#2162),#2302,.T.);
#2427=ADVANCED_FACE('',(#2163),#2303,.T.);
#2428=ADVANCED_FACE('',(#2164),#2304,.T.);
#2429=ADVANCED_FACE('',(#2165),#2305,.T.);
#2430=ADVANCED_FACE('',(#2166),#2306,.T.);
#2431=ADVANCED_FACE('',(#2167),#2307,.T.);
#2432=ADVANCED_FACE('',(#2168),#2308,.T.);
#2433=ADVANCED_FACE('',(#2169),#2309,.T.);
#2434=ADVANCED_FACE('',(#2170),#2310,.T.);
#2435=ADVANCED_FACE('',(#2171),#2311,.F.);
#2436=ADVANCED_FACE('',(#2172),#2312,.T.);
#2437=ADVANCED_FACE('',(#2173),#2313,.T.);
#2438=ADVANCED_FACE('',(#2174),#2314,.T.);
#2439=ADVANCED_FACE('',(#2175),#2315,.T.);
#2440=ADVANCED_FACE('',(#2176),#2316,.T.);
#2441=ADVANCED_FACE('',(#2177),#2317,.T.);
#2442=ADVANCED_FACE('',(#2178),#2318,.T.);
#2443=ADVANCED_FACE('',(#2179),#2319,.T.);
#2444=ADVANCED_FACE('',(#2180),#2320,.F.);
#2445=ADVANCED_FACE('',(#2181),#2321,.F.);
#2446=ADVANCED_FACE('',(#2182,#2183,#2184,#2185,#2186),#2322,.F.);
#2447=ADVANCED_FACE('',(#2187),#2323,.F.);
#2448=ADVANCED_FACE('',(#2188),#2324,.T.);
#2449=ADVANCED_FACE('',(#2189),#2325,.F.);
#2450=ADVANCED_FACE('',(#2190),#2326,.T.);
#2451=ADVANCED_FACE('',(#2191),#2327,.T.);
#2452=ADVANCED_FACE('',(#2192),#2328,.T.);
#2453=ADVANCED_FACE('',(#2193),#2329,.T.);
#2454=ADVANCED_FACE('',(#2194),#2330,.F.);
#2455=ADVANCED_FACE('',(#2195),#2331,.T.);
#2456=ADVANCED_FACE('',(#2196),#2332,.T.);
#2457=ADVANCED_FACE('',(#2197),#2333,.T.);
#2458=ADVANCED_FACE('',(#2198),#2334,.T.);
#2459=ADVANCED_FACE('',(#2199),#2335,.F.);
#2460=ADVANCED_FACE('',(#2200),#2336,.T.);
#2461=ADVANCED_FACE('',(#2201),#2337,.T.);
#2462=ADVANCED_FACE('',(#2202),#2338,.T.);
#2463=ADVANCED_FACE('',(#2203),#2339,.T.);
#2464=ADVANCED_FACE('',(#2204),#2340,.F.);
#2465=ADVANCED_FACE('',(#2205),#2341,.T.);
#2466=ADVANCED_FACE('',(#2206),#2342,.T.);
#2467=ADVANCED_FACE('',(#2207),#2343,.T.);
#2468=ADVANCED_FACE('',(#2208),#2344,.T.);
#2469=ADVANCED_FACE('',(#2209),#2345,.F.);
#2470=ADVANCED_FACE('',(#2210),#2346,.F.);
#2471=ADVANCED_FACE('',(#2211),#2347,.F.);
#2472=ADVANCED_FACE('',(#2212),#2348,.T.);
#2473=ADVANCED_FACE('',(#2213),#2349,.F.);
#2474=ADVANCED_FACE('',(#2214),#2350,.F.);
#2475=ADVANCED_FACE('',(#2215),#2351,.F.);
#2476=ADVANCED_FACE('',(#2216),#2352,.F.);
#2477=ADVANCED_FACE('',(#2217),#2353,.F.);
#2478=ADVANCED_FACE('',(#2218),#2354,.F.);
#2479=ADVANCED_FACE('',(#2219),#2355,.F.);
#2480=ADVANCED_FACE('',(#2220),#2356,.T.);
#2481=ADVANCED_FACE('',(#2221),#2357,.T.);
#2482=ADVANCED_FACE('',(#2222),#2358,.T.);
#2483=ADVANCED_FACE('',(#2223),#2359,.T.);
#2484=ADVANCED_FACE('',(#2224),#2360,.T.);
#2485=ADVANCED_FACE('',(#2225),#2361,.T.);
#2486=ADVANCED_FACE('',(#2226),#2362,.T.);
#2487=ADVANCED_FACE('',(#2227),#2363,.T.);
#2488=ADVANCED_FACE('',(#2228),#2364,.T.);
#2489=ADVANCED_FACE('',(#2229),#2365,.T.);
#2490=ADVANCED_FACE('',(#2230),#2366,.T.);
#2491=ADVANCED_FACE('',(#2231),#2367,.T.);
#2492=ADVANCED_FACE('',(#2232),#2368,.T.);
#2493=ADVANCED_FACE('',(#2233),#2369,.T.);
#2494=ADVANCED_FACE('',(#2234),#2370,.T.);
#2495=ADVANCED_FACE('',(#2235),#2371,.T.);
#2496=ADVANCED_FACE('',(#2236),#2372,.F.);
#2497=ADVANCED_FACE('',(#2237),#2373,.F.);
#2498=ADVANCED_FACE('',(#2238),#2374,.T.);
#2499=ADVANCED_FACE('',(#2239),#2375,.F.);
#2500=ADVANCED_FACE('',(#2240),#2376,.F.);
#2501=ADVANCED_FACE('',(#2241),#2377,.F.);
#2502=ADVANCED_FACE('',(#2242),#18,.F.);
#2503=ADVANCED_FACE('',(#2243),#2378,.F.);
#2504=ADVANCED_FACE('',(#2244),#19,.T.);
#2505=ADVANCED_FACE('',(#2245),#20,.F.);
#2506=ADVANCED_FACE('',(#2246),#2379,.F.);
#2507=ADVANCED_FACE('',(#2247),#21,.T.);
#2508=ADVANCED_FACE('',(#2248),#2380,.F.);
#2509=ADVANCED_FACE('',(#2249),#2381,.F.);
#2510=ADVANCED_FACE('',(#2250),#22,.F.);
#2511=ADVANCED_FACE('',(#2251),#2382,.F.);
#2512=ADVANCED_FACE('',(#2252),#23,.T.);
#2513=ADVANCED_FACE('',(#2253),#24,.F.);
#2514=ADVANCED_FACE('',(#2254),#2383,.F.);
#2515=ADVANCED_FACE('',(#2255),#25,.T.);
#2516=ADVANCED_FACE('',(#2256),#2384,.F.);
#2517=ADVANCED_FACE('',(#2257),#2385,.F.);
#2518=ADVANCED_FACE('',(#2258),#26,.F.);
#2519=ADVANCED_FACE('',(#2259),#2386,.F.);
#2520=ADVANCED_FACE('',(#2260),#27,.T.);
#2521=ADVANCED_FACE('',(#2261),#28,.F.);
#2522=ADVANCED_FACE('',(#2262),#2387,.F.);
#2523=ADVANCED_FACE('',(#2263),#29,.T.);
#2524=ADVANCED_FACE('',(#2264),#2388,.F.);
#2525=ADVANCED_FACE('',(#2265),#2389,.F.);
#2526=ADVANCED_FACE('',(#2266),#2390,.F.);
#2527=ADVANCED_FACE('',(#2267),#2391,.F.);
#2528=ADVANCED_FACE('',(#2268),#2392,.F.);
#2529=ADVANCED_FACE('',(#2269),#2393,.F.);
#2530=ADVANCED_FACE('',(#2270),#2394,.T.);
#2531=ADVANCED_FACE('',(#2271),#2395,.T.);
#2532=ADVANCED_FACE('',(#2272),#2396,.T.);
#2533=ADVANCED_FACE('',(#2273),#2397,.T.);
#2534=ADVANCED_FACE('',(#2274),#2398,.F.);
#2535=ADVANCED_FACE('',(#2275),#2399,.T.);
#2536=ADVANCED_FACE('',(#2276),#2400,.T.);
#2537=ADVANCED_FACE('',(#2277),#2401,.T.);
#2538=ADVANCED_FACE('',(#2278),#2402,.T.);
#2539=ADVANCED_FACE('',(#2279),#2403,.F.);
#2540=ADVANCED_FACE('',(#2280),#2404,.T.);
#2541=ADVANCED_FACE('',(#2281),#2405,.T.);
#2542=ADVANCED_FACE('',(#2282),#2406,.T.);
#2543=ADVANCED_FACE('',(#2283),#2407,.T.);
#2544=ADVANCED_FACE('',(#2284),#2408,.F.);
#2545=ADVANCED_FACE('',(#2285),#2409,.T.);
#2546=CLOSED_SHELL('',(#2410,#2411,#2412,#2413,#2414,#2415,#2416,#2417,
#2418,#2419,#2420,#2421,#2422,#2423,#2424,#2425,#2426,#2427,#2428,#2429,
#2430,#2431,#2432,#2433,#2434,#2435,#2436,#2437,#2438,#2439,#2440,#2441,
#2442,#2443));
#2547=CLOSED_SHELL('',(#2444,#2445,#2446,#2447,#2448,#2449,#2450,#2451,
#2452,#2453,#2454,#2455,#2456,#2457,#2458,#2459,#2460,#2461,#2462,#2463,
#2464,#2465,#2466,#2467,#2468,#2469));
#2548=CLOSED_SHELL('',(#2470,#2471,#2472,#2473,#2474,#2475,#2476,#2477,
#2478,#2479,#2480,#2481,#2482,#2483,#2484,#2485,#2486,#2487,#2488,#2489,
#2490,#2491,#2492,#2493,#2494,#2495));
#2549=CLOSED_SHELL('',(#2496,#2497,#2498,#2499,#2500,#2501,#2502,#2503,
#2504,#2505,#2506,#2507,#2508,#2509,#2510,#2511,#2512,#2513,#2514,#2515,
#2516,#2517,#2518,#2519,#2520,#2521,#2522,#2523,#2524,#2525,#2526,#2527,
#2528,#2529,#2530,#2531,#2532,#2533,#2534,#2535,#2536,#2537,#2538,#2539,
#2540,#2541,#2542,#2543,#2544,#2545));
#2550=STYLED_ITEM('',(#2554),#2581);
#2551=STYLED_ITEM('',(#2555),#2582);
#2552=STYLED_ITEM('',(#2556),#2583);
#2553=STYLED_ITEM('',(#2557),#2584);
#2554=PRESENTATION_STYLE_ASSIGNMENT((#2558));
#2555=PRESENTATION_STYLE_ASSIGNMENT((#2559));
#2556=PRESENTATION_STYLE_ASSIGNMENT((#2560));
#2557=PRESENTATION_STYLE_ASSIGNMENT((#2561));
#2558=SURFACE_STYLE_USAGE(.BOTH.,#2562);
#2559=SURFACE_STYLE_USAGE(.BOTH.,#2563);
#2560=SURFACE_STYLE_USAGE(.BOTH.,#2564);
#2561=SURFACE_STYLE_USAGE(.BOTH.,#2565);
#2562=SURFACE_SIDE_STYLE('',(#2566));
#2563=SURFACE_SIDE_STYLE('',(#2567));
#2564=SURFACE_SIDE_STYLE('',(#2568));
#2565=SURFACE_SIDE_STYLE('',(#2569));
#2566=SURFACE_STYLE_FILL_AREA(#2570);
#2567=SURFACE_STYLE_FILL_AREA(#2571);
#2568=SURFACE_STYLE_FILL_AREA(#2572);
#2569=SURFACE_STYLE_FILL_AREA(#2573);
#2570=FILL_AREA_STYLE('',(#2574));
#2571=FILL_AREA_STYLE('',(#2575));
#2572=FILL_AREA_STYLE('',(#2576));
#2573=FILL_AREA_STYLE('',(#2577));
#2574=FILL_AREA_STYLE_COLOUR('',#2578);
#2575=FILL_AREA_STYLE_COLOUR('',#2578);
#2576=FILL_AREA_STYLE_COLOUR('',#2579);
#2577=FILL_AREA_STYLE_COLOUR('',#2580);
#2578=COLOUR_RGB('',0.0549019612371922,0.0549019612371922,0.0549019612371922);
#2579=COLOUR_RGB('',0.831372559070587,0.701960802078247,0.176470592617989);
#2580=COLOUR_RGB('',0.670588254928589,0.670588254928589,0.670588254928589);
#2581=MANIFOLD_SOLID_BREP('TSM-103-01-SH_body',#2546);
#2582=MANIFOLD_SOLID_BREP('PPP-08-01-3--SH',#2547);
#2583=MANIFOLD_SOLID_BREP('T-1S6-08-L(-01-3-SH)',#2548);
#2584=MANIFOLD_SOLID_BREP('T-1S6-08-L(-01-3-SH)2',#2549);
#2585=SHAPE_DEFINITION_REPRESENTATION(#4144,#2590);
#2586=SHAPE_DEFINITION_REPRESENTATION(#4145,#2591);
#2587=SHAPE_DEFINITION_REPRESENTATION(#4147,#2592);
#2588=SHAPE_DEFINITION_REPRESENTATION(#4149,#2593);
#2589=SHAPE_DEFINITION_REPRESENTATION(#4151,#2594);
#2590=SHAPE_REPRESENTATION('TSM-103-01-L-SH-P-TR',(#2595,#2630,#2657,#2684,
#2759),#4128);
#2591=SHAPE_REPRESENTATION('TSM-103-01-SH_body',(#2595),#4129);
#2592=SHAPE_REPRESENTATION('PPP-08-01-3--SH',(#2595),#4130);
#2593=SHAPE_REPRESENTATION('T-1S6-08-L(-01-3-SH)',(#2595),#4131);
#2594=SHAPE_REPRESENTATION('T-1S6-08-L(-01-3-SH)2',(#2595),#4132);
#2595=AXIS2_PLACEMENT_3D('',#3414,#2760,#2761);
#2596=AXIS2_PLACEMENT_3D('',#3415,#2762,#2763);
#2597=AXIS2_PLACEMENT_3D('',#3456,#2784,#2785);
#2598=AXIS2_PLACEMENT_3D('',#3465,#2790,#2791);
#2599=AXIS2_PLACEMENT_3D('',#3474,#2796,#2797);
#2600=AXIS2_PLACEMENT_3D('',#3488,#2805,#2806);
#2601=AXIS2_PLACEMENT_3D('',#3502,#2814,#2815);
#2602=AXIS2_PLACEMENT_3D('',#3516,#2823,#2824);
#2603=AXIS2_PLACEMENT_3D('',#3530,#2832,#2833);
#2604=AXIS2_PLACEMENT_3D('',#3544,#2841,#2842);
#2605=AXIS2_PLACEMENT_3D('',#3558,#2850,#2851);
#2606=AXIS2_PLACEMENT_3D('',#3561,#2854,#2855);
#2607=AXIS2_PLACEMENT_3D('',#3564,#2858,#2859);
#2608=AXIS2_PLACEMENT_3D('',#3567,#2862,#2863);
#2609=AXIS2_PLACEMENT_3D('',#3568,#2864,#2865);
#2610=AXIS2_PLACEMENT_3D('',#3571,#2868,#2869);
#2611=AXIS2_PLACEMENT_3D('',#3573,#2871,#2872);
#2612=AXIS2_PLACEMENT_3D('',#3575,#2874,#2875);
#2613=AXIS2_PLACEMENT_3D('',#3578,#2878,#2879);
#2614=AXIS2_PLACEMENT_3D('',#3580,#2881,#2882);
#2615=AXIS2_PLACEMENT_3D('',#3582,#2884,#2885);
#2616=AXIS2_PLACEMENT_3D('',#3585,#2888,#2889);
#2617=AXIS2_PLACEMENT_3D('',#3587,#2891,#2892);
#2618=AXIS2_PLACEMENT_3D('',#3589,#2894,#2895);
#2619=AXIS2_PLACEMENT_3D('',#3590,#2896,#2897);
#2620=AXIS2_PLACEMENT_3D('',#3591,#2898,#2899);
#2621=AXIS2_PLACEMENT_3D('',#3592,#2900,#2901);
#2622=AXIS2_PLACEMENT_3D('',#3593,#2902,#2903);
#2623=AXIS2_PLACEMENT_3D('',#3596,#2906,#2907);
#2624=AXIS2_PLACEMENT_3D('',#3599,#2910,#2911);
#2625=AXIS2_PLACEMENT_3D('',#3602,#2914,#2915);
#2626=AXIS2_PLACEMENT_3D('',#3605,#2918,#2919);
#2627=AXIS2_PLACEMENT_3D('',#3606,#2920,#2921);
#2628=AXIS2_PLACEMENT_3D('',#3607,#2922,#2923);
#2629=AXIS2_PLACEMENT_3D('',#3608,#2924,#2925);
#2630=AXIS2_PLACEMENT_3D('',#3609,#2926,#2927);
#2631=AXIS2_PLACEMENT_3D('',#3610,#2928,#2929);
#2632=AXIS2_PLACEMENT_3D('',#3619,#2934,#2935);
#2633=AXIS2_PLACEMENT_3D('',#3625,#2939,#2940);
#2634=AXIS2_PLACEMENT_3D('',#3663,#2960,#2961);
#2635=AXIS2_PLACEMENT_3D('',#3666,#2964,#2965);
#2636=AXIS2_PLACEMENT_3D('',#3667,#2966,#2967);
#2637=AXIS2_PLACEMENT_3D('',#3668,#2968,#2969);
#2638=AXIS2_PLACEMENT_3D('',#3674,#2973,#2974);
#2639=AXIS2_PLACEMENT_3D('',#3678,#2977,#2978);
#2640=AXIS2_PLACEMENT_3D('',#3682,#2981,#2982);
#2641=AXIS2_PLACEMENT_3D('',#3684,#2984,#2985);
#2642=AXIS2_PLACEMENT_3D('',#3685,#2986,#2987);
#2643=AXIS2_PLACEMENT_3D('',#3691,#2991,#2992);
#2644=AXIS2_PLACEMENT_3D('',#3695,#2995,#2996);
#2645=AXIS2_PLACEMENT_3D('',#3699,#2999,#3000);
#2646=AXIS2_PLACEMENT_3D('',#3701,#3002,#3003);
#2647=AXIS2_PLACEMENT_3D('',#3702,#3004,#3005);
#2648=AXIS2_PLACEMENT_3D('',#3708,#3009,#3010);
#2649=AXIS2_PLACEMENT_3D('',#3712,#3013,#3014);
#2650=AXIS2_PLACEMENT_3D('',#3716,#3017,#3018);
#2651=AXIS2_PLACEMENT_3D('',#3718,#3020,#3021);
#2652=AXIS2_PLACEMENT_3D('',#3719,#3022,#3023);
#2653=AXIS2_PLACEMENT_3D('',#3725,#3027,#3028);
#2654=AXIS2_PLACEMENT_3D('',#3729,#3031,#3032);
#2655=AXIS2_PLACEMENT_3D('',#3733,#3035,#3036);
#2656=AXIS2_PLACEMENT_3D('',#3735,#3038,#3039);
#2657=AXIS2_PLACEMENT_3D('',#3736,#3040,#3041);
#2658=AXIS2_PLACEMENT_3D('',#3737,#3042,#3043);
#2659=AXIS2_PLACEMENT_3D('',#3762,#3056,#3057);
#2660=AXIS2_PLACEMENT_3D('',#3787,#3070,#3071);
#2661=AXIS2_PLACEMENT_3D('',#3790,#3074,#3075);
#2662=AXIS2_PLACEMENT_3D('',#3793,#3078,#3079);
#2663=AXIS2_PLACEMENT_3D('',#3796,#3082,#3083);
#2664=AXIS2_PLACEMENT_3D('',#3798,#3085,#3086);
#2665=AXIS2_PLACEMENT_3D('',#3800,#3088,#3089);
#2666=AXIS2_PLACEMENT_3D('',#3803,#3092,#3093);
#2667=AXIS2_PLACEMENT_3D('',#3805,#3095,#3096);
#2668=AXIS2_PLACEMENT_3D('',#3807,#3098,#3099);
#2669=AXIS2_PLACEMENT_3D('',#3813,#3103,#3104);
#2670=AXIS2_PLACEMENT_3D('',#3817,#3107,#3108);
#2671=AXIS2_PLACEMENT_3D('',#3821,#3111,#3112);
#2672=AXIS2_PLACEMENT_3D('',#3823,#3114,#3115);
#2673=AXIS2_PLACEMENT_3D('',#3824,#3116,#3117);
#2674=AXIS2_PLACEMENT_3D('',#3830,#3121,#3122);
#2675=AXIS2_PLACEMENT_3D('',#3834,#3125,#3126);
#2676=AXIS2_PLACEMENT_3D('',#3838,#3129,#3130);
#2677=AXIS2_PLACEMENT_3D('',#3840,#3132,#3133);
#2678=AXIS2_PLACEMENT_3D('',#3841,#3134,#3135);
#2679=AXIS2_PLACEMENT_3D('',#3847,#3139,#3140);
#2680=AXIS2_PLACEMENT_3D('',#3851,#3143,#3144);
#2681=AXIS2_PLACEMENT_3D('',#3855,#3147,#3148);
#2682=AXIS2_PLACEMENT_3D('',#3857,#3150,#3151);
#2683=AXIS2_PLACEMENT_3D('',#3858,#3152,#3153);
#2684=AXIS2_PLACEMENT_3D('',#3859,#3154,#3155);
#2685=AXIS2_PLACEMENT_3D('',#3860,#3156,#3157);
#2686=AXIS2_PLACEMENT_3D('',#3885,#3170,#3171);
#2687=AXIS2_PLACEMENT_3D('',#3910,#3184,#3185);
#2688=AXIS2_PLACEMENT_3D('',#3912,#3187,#3188);
#2689=AXIS2_PLACEMENT_3D('',#3916,#3190,#3191);
#2690=AXIS2_PLACEMENT_3D('',#3924,#3195,#3196);
#2691=AXIS2_PLACEMENT_3D('',#3928,#3198,#3199);
#2692=AXIS2_PLACEMENT_3D('',#3929,#3200,#3201);
#2693=AXIS2_PLACEMENT_3D('',#3931,#3203,#3204);
#2694=AXIS2_PLACEMENT_3D('',#3935,#3206,#3207);
#2695=AXIS2_PLACEMENT_3D('',#3943,#3211,#3212);
#2696=AXIS2_PLACEMENT_3D('',#3947,#3214,#3215);
#2697=AXIS2_PLACEMENT_3D('',#3948,#3216,#3217);
#2698=AXIS2_PLACEMENT_3D('',#3957,#3222,#3223);
#2699=AXIS2_PLACEMENT_3D('',#3966,#3228,#3229);
#2700=AXIS2_PLACEMENT_3D('',#3967,#3230,#3231);
#2701=AXIS2_PLACEMENT_3D('',#3969,#3232,#3233);
#2702=AXIS2_PLACEMENT_3D('',#3972,#3235,#3236);
#2703=AXIS2_PLACEMENT_3D('',#3978,#3240,#3241);
#2704=AXIS2_PLACEMENT_3D('',#3979,#3242,#3243);
#2705=AXIS2_PLACEMENT_3D('',#3980,#3244,#3245);
#2706=AXIS2_PLACEMENT_3D('',#3981,#3246,#3247);
#2707=AXIS2_PLACEMENT_3D('',#3982,#3248,#3249);
#2708=AXIS2_PLACEMENT_3D('',#3984,#3250,#3251);
#2709=AXIS2_PLACEMENT_3D('',#3987,#3253,#3254);
#2710=AXIS2_PLACEMENT_3D('',#3993,#3258,#3259);
#2711=AXIS2_PLACEMENT_3D('',#3994,#3260,#3261);
#2712=AXIS2_PLACEMENT_3D('',#3995,#3262,#3263);
#2713=AXIS2_PLACEMENT_3D('',#3996,#3264,#3265);
#2714=AXIS2_PLACEMENT_3D('',#4002,#3269,#3270);
#2715=AXIS2_PLACEMENT_3D('',#4008,#3274,#3275);
#2716=AXIS2_PLACEMENT_3D('',#4009,#3276,#3277);
#2717=AXIS2_PLACEMENT_3D('',#4012,#3279,#3280);
#2718=AXIS2_PLACEMENT_3D('',#4016,#3283,#3284);
#2719=AXIS2_PLACEMENT_3D('',#4017,#3285,#3286);
#2720=AXIS2_PLACEMENT_3D('',#4018,#3287,#3288);
#2721=AXIS2_PLACEMENT_3D('',#4019,#3289,#3290);
#2722=AXIS2_PLACEMENT_3D('',#4022,#3292,#3293);
#2723=AXIS2_PLACEMENT_3D('',#4026,#3296,#3297);
#2724=AXIS2_PLACEMENT_3D('',#4027,#3298,#3299);
#2725=AXIS2_PLACEMENT_3D('',#4028,#3300,#3301);
#2726=AXIS2_PLACEMENT_3D('',#4034,#3305,#3306);
#2727=AXIS2_PLACEMENT_3D('',#4040,#3310,#3311);
#2728=AXIS2_PLACEMENT_3D('',#4041,#3312,#3313);
#2729=AXIS2_PLACEMENT_3D('',#4044,#3315,#3316);
#2730=AXIS2_PLACEMENT_3D('',#4048,#3319,#3320);
#2731=AXIS2_PLACEMENT_3D('',#4049,#3321,#3322);
#2732=AXIS2_PLACEMENT_3D('',#4050,#3323,#3324);
#2733=AXIS2_PLACEMENT_3D('',#4051,#3325,#3326);
#2734=AXIS2_PLACEMENT_3D('',#4054,#3328,#3329);
#2735=AXIS2_PLACEMENT_3D('',#4058,#3332,#3333);
#2736=AXIS2_PLACEMENT_3D('',#4059,#3334,#3335);
#2737=AXIS2_PLACEMENT_3D('',#4060,#3336,#3337);
#2738=AXIS2_PLACEMENT_3D('',#4063,#3340,#3341);
#2739=AXIS2_PLACEMENT_3D('',#4065,#3343,#3344);
#2740=AXIS2_PLACEMENT_3D('',#4067,#3346,#3347);
#2741=AXIS2_PLACEMENT_3D('',#4070,#3350,#3351);
#2742=AXIS2_PLACEMENT_3D('',#4072,#3353,#3354);
#2743=AXIS2_PLACEMENT_3D('',#4074,#3356,#3357);
#2744=AXIS2_PLACEMENT_3D('',#4080,#3361,#3362);
#2745=AXIS2_PLACEMENT_3D('',#4084,#3365,#3366);
#2746=AXIS2_PLACEMENT_3D('',#4088,#3369,#3370);
#2747=AXIS2_PLACEMENT_3D('',#4090,#3372,#3373);
#2748=AXIS2_PLACEMENT_3D('',#4091,#3374,#3375);
#2749=AXIS2_PLACEMENT_3D('',#4097,#3379,#3380);
#2750=AXIS2_PLACEMENT_3D('',#4101,#3383,#3384);
#2751=AXIS2_PLACEMENT_3D('',#4105,#3387,#3388);
#2752=AXIS2_PLACEMENT_3D('',#4107,#3390,#3391);
#2753=AXIS2_PLACEMENT_3D('',#4108,#3392,#3393);
#2754=AXIS2_PLACEMENT_3D('',#4114,#3397,#3398);
#2755=AXIS2_PLACEMENT_3D('',#4118,#3401,#3402);
#2756=AXIS2_PLACEMENT_3D('',#4122,#3405,#3406);
#2757=AXIS2_PLACEMENT_3D('',#4124,#3408,#3409);
#2758=AXIS2_PLACEMENT_3D('',#4125,#3410,#3411);
#2759=AXIS2_PLACEMENT_3D('',#4126,#3412,#3413);
#2760=DIRECTION('',(0.,0.,1.));
#2761=DIRECTION('',(1.,0.,0.));
#2762=DIRECTION('',(0.,1.,0.));
#2763=DIRECTION('',(0.,0.,1.));
#2764=DIRECTION('',(-1.70740499604016E-16,0.,1.));
#2765=DIRECTION('',(1.,0.,0.));
#2766=DIRECTION('',(0.,0.,-1.));
#2767=DIRECTION('',(1.,0.,0.));
#2768=DIRECTION('',(0.,0.,1.));
#2769=DIRECTION('',(1.,0.,0.));
#2770=DIRECTION('',(1.70740499604016E-16,0.,-1.));
#2771=DIRECTION('',(1.,0.,0.));
#2772=DIRECTION('',(0.,0.,-1.));
#2773=DIRECTION('',(1.,0.,0.));
#2774=DIRECTION('',(1.70740499604016E-16,0.,-1.));
#2775=DIRECTION('',(-1.,0.,0.));
#2776=DIRECTION('',(0.,0.,1.));
#2777=DIRECTION('',(1.,0.,0.));
#2778=DIRECTION('',(0.,0.,-1.));
#2779=DIRECTION('',(-1.,0.,0.));
#2780=DIRECTION('',(-1.70740499604016E-16,0.,1.));
#2781=DIRECTION('',(1.,0.,0.));
#2782=DIRECTION('',(0.,0.,-1.));
#2783=DIRECTION('',(1.,0.,0.));
#2784=DIRECTION('',(0.,1.,0.));
#2785=DIRECTION('',(0.,0.,1.));
#2786=DIRECTION('',(0.,0.,-1.));
#2787=DIRECTION('',(1.,0.,0.));
#2788=DIRECTION('',(0.,0.,-1.));
#2789=DIRECTION('',(-1.,0.,0.));
#2790=DIRECTION('',(0.,1.,0.));
#2791=DIRECTION('',(0.,0.,1.));
#2792=DIRECTION('',(0.,0.,-1.));
#2793=DIRECTION('',(1.,0.,0.));
#2794=DIRECTION('',(0.,0.,-1.));
#2795=DIRECTION('',(-1.,0.,0.));
#2796=DIRECTION('',(0.,0.,1.));
#2797=DIRECTION('',(1.,0.,0.));
#2798=DIRECTION('',(-1.,0.,0.));
#2799=DIRECTION('',(0.,1.,0.));
#2800=DIRECTION('',(1.,-5.44453123737297E-17,0.));
#2801=DIRECTION('',(0.,-1.,0.));
#2802=DIRECTION('',(-1.70740499604016E-16,-1.,0.));
#2803=DIRECTION('',(-1.,0.,0.));
#2804=DIRECTION('',(0.,-1.,0.));
#2805=DIRECTION('',(0.,0.,1.));
#2806=DIRECTION('',(1.,0.,0.));
#2807=DIRECTION('',(-1.,0.,0.));
#2808=DIRECTION('',(0.,1.,0.));
#2809=DIRECTION('',(1.,-5.44453123737298E-17,0.));
#2810=DIRECTION('',(0.,-1.,0.));
#2811=DIRECTION('',(1.70740499604016E-16,1.,0.));
#2812=DIRECTION('',(0.,1.,0.));
#2813=DIRECTION('',(-1.,0.,0.));
#2814=DIRECTION('',(0.,0.,1.));
#2815=DIRECTION('',(1.,0.,0.));
#2816=DIRECTION('',(-1.,0.,0.));
#2817=DIRECTION('',(0.,1.,0.));
#2818=DIRECTION('',(1.,-5.44453123737297E-17,0.));
#2819=DIRECTION('',(0.,-1.,0.));
#2820=DIRECTION('',(0.,-1.,0.));
#2821=DIRECTION('',(-1.,0.,0.));
#2822=DIRECTION('',(0.,1.,0.));
#2823=DIRECTION('',(0.,0.,1.));
#2824=DIRECTION('',(1.,0.,0.));
#2825=DIRECTION('',(-1.,0.,0.));
#2826=DIRECTION('',(0.,-1.,0.));
#2827=DIRECTION('',(1.,-5.44453123737297E-17,0.));
#2828=DIRECTION('',(0.,1.,0.));
#2829=DIRECTION('',(1.70740499604016E-16,1.,0.));
#2830=DIRECTION('',(0.,-1.,0.));
#2831=DIRECTION('',(-1.,0.,0.));
#2832=DIRECTION('',(0.,0.,1.));
#2833=DIRECTION('',(1.,0.,0.));
#2834=DIRECTION('',(-1.,0.,0.));
#2835=DIRECTION('',(0.,-1.,0.));
#2836=DIRECTION('',(1.,-5.44453123737297E-17,0.));
#2837=DIRECTION('',(0.,1.,0.));
#2838=DIRECTION('',(0.,1.,0.));
#2839=DIRECTION('',(-1.,0.,0.));
#2840=DIRECTION('',(0.,1.,0.));
#2841=DIRECTION('',(0.,0.,1.));
#2842=DIRECTION('',(1.,0.,0.));
#2843=DIRECTION('',(-1.,0.,0.));
#2844=DIRECTION('',(0.,-1.,0.));
#2845=DIRECTION('',(1.,-5.44453123737298E-17,0.));
#2846=DIRECTION('',(0.,1.,0.));
#2847=DIRECTION('',(1.70740499604016E-16,1.,0.));
#2848=DIRECTION('',(-1.,0.,0.));
#2849=DIRECTION('',(0.,1.,0.));
#2850=DIRECTION('',(0.,-1.,0.));
#2851=DIRECTION('',(0.,0.,-1.));
#2852=DIRECTION('',(0.,0.,1.));
#2853=DIRECTION('',(0.,0.,-1.));
#2854=DIRECTION('',(0.,-1.,0.));
#2855=DIRECTION('',(0.,0.,-1.));
#2856=DIRECTION('',(0.,0.,-1.));
#2857=DIRECTION('',(0.,0.,1.));
#2858=DIRECTION('',(0.,-1.,0.));
#2859=DIRECTION('',(0.,0.,-1.));
#2860=DIRECTION('',(0.,0.,-1.));
#2861=DIRECTION('',(0.,0.,-1.));
#2862=DIRECTION('',(1.,0.,0.));
#2863=DIRECTION('',(0.,0.,-1.));
#2864=DIRECTION('',(0.,-1.,0.));
#2865=DIRECTION('',(0.,0.,-1.));
#2866=DIRECTION('',(0.,0.,-1.));
#2867=DIRECTION('',(0.,0.,-1.));
#2868=DIRECTION('',(-1.,0.,0.));
#2869=DIRECTION('',(0.,0.,1.));
#2870=DIRECTION('',(0.,0.,-1.));
#2871=DIRECTION('',(5.44453123737298E-17,1.,0.));
#2872=DIRECTION('',(-1.,5.44453123737298E-17,0.));
#2873=DIRECTION('',(0.,0.,-1.));
#2874=DIRECTION('',(0.,-1.,0.));
#2875=DIRECTION('',(0.,0.,-1.));
#2876=DIRECTION('',(0.,0.,-1.));
#2877=DIRECTION('',(0.,0.,-1.));
#2878=DIRECTION('',(-1.,0.,0.));
#2879=DIRECTION('',(0.,0.,1.));
#2880=DIRECTION('',(0.,0.,-1.));
#2881=DIRECTION('',(5.44453123737297E-17,1.,0.));
#2882=DIRECTION('',(-1.,5.44453123737297E-17,0.));
#2883=DIRECTION('',(0.,0.,-1.));
#2884=DIRECTION('',(0.,-1.,0.));
#2885=DIRECTION('',(0.,0.,-1.));
#2886=DIRECTION('',(0.,0.,-1.));
#2887=DIRECTION('',(0.,0.,-1.));
#2888=DIRECTION('',(-1.,0.,0.));
#2889=DIRECTION('',(0.,0.,1.));
#2890=DIRECTION('',(0.,0.,-1.));
#2891=DIRECTION('',(5.44453123737297E-17,1.,0.));
#2892=DIRECTION('',(-1.,5.44453123737297E-17,0.));
#2893=DIRECTION('',(0.,0.,-1.));
#2894=DIRECTION('',(1.,0.,0.));
#2895=DIRECTION('',(0.,0.,-1.));
#2896=DIRECTION('',(1.,0.,0.));
#2897=DIRECTION('',(0.,0.,-1.));
#2898=DIRECTION('',(1.,0.,0.));
#2899=DIRECTION('',(0.,0.,-1.));
#2900=DIRECTION('',(-1.,0.,0.));
#2901=DIRECTION('',(0.,0.,1.));
#2902=DIRECTION('',(-1.,1.70740499604016E-16,0.));
#2903=DIRECTION('',(-1.70740499604016E-16,-1.,0.));
#2904=DIRECTION('',(0.,-1.,0.));
#2905=DIRECTION('',(0.,-1.,0.));
#2906=DIRECTION('',(1.,0.,0.));
#2907=DIRECTION('',(0.,0.,-1.));
#2908=DIRECTION('',(0.,-1.,0.));
#2909=DIRECTION('',(0.,-1.,0.));
#2910=DIRECTION('',(1.,-1.70740499604016E-16,0.));
#2911=DIRECTION('',(1.70740499604016E-16,1.,0.));
#2912=DIRECTION('',(0.,-1.,0.));
#2913=DIRECTION('',(0.,-1.,0.));
#2914=DIRECTION('',(-1.,0.,0.));
#2915=DIRECTION('',(0.,0.,1.));
#2916=DIRECTION('',(0.,-1.,0.));
#2917=DIRECTION('',(0.,-1.,0.));
#2918=DIRECTION('',(0.,0.,-1.));
#2919=DIRECTION('',(-1.,0.,0.));
#2920=DIRECTION('',(0.,0.,-1.));
#2921=DIRECTION('',(-1.,0.,0.));
#2922=DIRECTION('',(0.,0.,1.));
#2923=DIRECTION('',(1.,0.,0.));
#2924=DIRECTION('',(0.,0.,1.));
#2925=DIRECTION('',(1.,0.,0.));
#2926=DIRECTION('',(0.,0.,1.));
#2927=DIRECTION('',(1.,0.,0.));
#2928=DIRECTION('',(0.,-1.,0.));
#2929=DIRECTION('',(0.,0.,-1.));
#2930=DIRECTION('',(-1.,0.,0.));
#2931=DIRECTION('',(0.,0.,-1.));
#2932=DIRECTION('',(-1.,0.,0.));
#2933=DIRECTION('',(0.,0.,-1.));
#2934=DIRECTION('',(1.,0.,0.));
#2935=DIRECTION('',(0.,0.,-1.));
#2936=DIRECTION('',(0.,-1.,0.));
#2937=DIRECTION('',(0.,0.,-1.));
#2938=DIRECTION('',(0.,-1.,0.));
#2939=DIRECTION('',(0.,1.,0.));
#2940=DIRECTION('',(0.,0.,1.));
#2941=DIRECTION('',(-1.,0.,0.));
#2942=DIRECTION('',(0.,0.,1.));
#2943=DIRECTION('',(1.,0.,0.));
#2944=DIRECTION('',(0.,0.,-1.));
#2945=DIRECTION('',(-1.,0.,0.));
#2946=DIRECTION('',(0.,0.,1.));
#2947=DIRECTION('',(1.,0.,0.));
#2948=DIRECTION('',(0.,0.,-1.));
#2949=DIRECTION('',(-1.,0.,0.));
#2950=DIRECTION('',(0.,0.,1.));
#2951=DIRECTION('',(1.,0.,0.));
#2952=DIRECTION('',(0.,0.,-1.));
#2953=DIRECTION('',(-1.,0.,0.));
#2954=DIRECTION('',(0.,0.,1.));
#2955=DIRECTION('',(1.,0.,0.));
#2956=DIRECTION('',(0.,0.,-1.));
#2957=DIRECTION('',(1.,0.,0.));
#2958=DIRECTION('',(0.,0.,-1.));
#2959=DIRECTION('',(1.,0.,0.));
#2960=DIRECTION('',(-1.,0.,0.));
#2961=DIRECTION('',(0.,0.,1.));
#2962=DIRECTION('',(0.,1.,0.));
#2963=DIRECTION('',(0.,1.,0.));
#2964=DIRECTION('',(0.,0.,1.));
#2965=DIRECTION('',(1.,0.,0.));
#2966=DIRECTION('',(0.,0.,1.));
#2967=DIRECTION('',(1.,0.,0.));
#2968=DIRECTION('',(-1.,0.,0.));
#2969=DIRECTION('',(0.,0.,1.));
#2970=DIRECTION('',(0.,1.,0.));
#2971=DIRECTION('',(0.,0.,1.));
#2972=DIRECTION('',(0.,1.,0.));
#2973=DIRECTION('',(0.,0.,1.));
#2974=DIRECTION('',(1.,0.,0.));
#2975=DIRECTION('',(1.,0.,0.));
#2976=DIRECTION('',(0.,1.,0.));
#2977=DIRECTION('',(1.,0.,0.));
#2978=DIRECTION('',(0.,0.,-1.));
#2979=DIRECTION('',(0.,0.,-1.));
#2980=DIRECTION('',(0.,1.,0.));
#2981=DIRECTION('',(0.,0.,-1.));
#2982=DIRECTION('',(-1.,0.,0.));
#2983=DIRECTION('',(-1.,0.,0.));
#2984=DIRECTION('',(0.,1.,0.));
#2985=DIRECTION('',(0.,0.,1.));
#2986=DIRECTION('',(-1.,0.,0.));
#2987=DIRECTION('',(0.,0.,1.));
#2988=DIRECTION('',(0.,1.,0.));
#2989=DIRECTION('',(0.,0.,1.));
#2990=DIRECTION('',(0.,1.,0.));
#2991=DIRECTION('',(0.,0.,1.));
#2992=DIRECTION('',(1.,0.,0.));
#2993=DIRECTION('',(1.,0.,0.));
#2994=DIRECTION('',(0.,1.,0.));
#2995=DIRECTION('',(1.,0.,0.));
#2996=DIRECTION('',(0.,0.,-1.));
#2997=DIRECTION('',(0.,0.,-1.));
#2998=DIRECTION('',(0.,1.,0.));
#2999=DIRECTION('',(0.,0.,-1.));
#3000=DIRECTION('',(-1.,0.,0.));
#3001=DIRECTION('',(-1.,0.,0.));
#3002=DIRECTION('',(0.,1.,0.));
#3003=DIRECTION('',(0.,0.,1.));
#3004=DIRECTION('',(-1.,0.,0.));
#3005=DIRECTION('',(0.,0.,1.));
#3006=DIRECTION('',(0.,1.,0.));
#3007=DIRECTION('',(0.,0.,1.));
#3008=DIRECTION('',(0.,1.,0.));
#3009=DIRECTION('',(0.,0.,1.));
#3010=DIRECTION('',(1.,0.,0.));
#3011=DIRECTION('',(1.,0.,0.));
#3012=DIRECTION('',(0.,1.,0.));
#3013=DIRECTION('',(1.,0.,0.));
#3014=DIRECTION('',(0.,0.,-1.));
#3015=DIRECTION('',(0.,0.,-1.));
#3016=DIRECTION('',(0.,1.,0.));
#3017=DIRECTION('',(0.,0.,-1.));
#3018=DIRECTION('',(-1.,0.,0.));
#3019=DIRECTION('',(-1.,0.,0.));
#3020=DIRECTION('',(0.,1.,0.));
#3021=DIRECTION('',(0.,0.,1.));
#3022=DIRECTION('',(-1.,0.,0.));
#3023=DIRECTION('',(0.,0.,1.));
#3024=DIRECTION('',(0.,1.,0.));
#3025=DIRECTION('',(0.,0.,1.));
#3026=DIRECTION('',(0.,1.,0.));
#3027=DIRECTION('',(0.,0.,1.));
#3028=DIRECTION('',(1.,0.,0.));
#3029=DIRECTION('',(1.,0.,0.));
#3030=DIRECTION('',(0.,1.,0.));
#3031=DIRECTION('',(1.,0.,0.));
#3032=DIRECTION('',(0.,0.,-1.));
#3033=DIRECTION('',(0.,0.,-1.));
#3034=DIRECTION('',(0.,1.,0.));
#3035=DIRECTION('',(0.,0.,-1.));
#3036=DIRECTION('',(-1.,0.,0.));
#3037=DIRECTION('',(-1.,0.,0.));
#3038=DIRECTION('',(0.,1.,0.));
#3039=DIRECTION('',(0.,0.,1.));
#3040=DIRECTION('',(0.,0.,1.));
#3041=DIRECTION('',(1.,0.,0.));
#3042=DIRECTION('',(0.,0.,1.));
#3043=DIRECTION('',(1.,0.,0.));
#3044=DIRECTION('',(1.,0.,0.));
#3045=DIRECTION('',(0.,1.,0.));
#3046=DIRECTION('',(-1.,0.,0.));
#3047=DIRECTION('',(0.,-1.,0.));
#3048=DIRECTION('',(1.,0.,0.));
#3049=DIRECTION('',(0.,1.,0.));
#3050=DIRECTION('',(-1.,0.,0.));
#3051=DIRECTION('',(0.,-1.,0.));
#3052=DIRECTION('',(1.,0.,0.));
#3053=DIRECTION('',(0.,1.,0.));
#3054=DIRECTION('',(-1.,0.,0.));
#3055=DIRECTION('',(0.,1.,0.));
#3056=DIRECTION('',(0.,0.,-1.));
#3057=DIRECTION('',(-1.,0.,0.));
#3058=DIRECTION('',(-1.,0.,0.));
#3059=DIRECTION('',(0.,-1.,0.));
#3060=DIRECTION('',(-1.,0.,0.));
#3061=DIRECTION('',(0.,-1.,0.));
#3062=DIRECTION('',(-1.,0.,0.));
#3063=DIRECTION('',(0.,1.,0.));
#3064=DIRECTION('',(-1.,0.,0.));
#3065=DIRECTION('',(0.,-1.,0.));
#3066=DIRECTION('',(-1.,0.,0.));
#3067=DIRECTION('',(0.,1.,0.));
#3068=DIRECTION('',(-1.,0.,0.));
#3069=DIRECTION('',(0.,-1.,0.));
#3070=DIRECTION('',(1.,0.,0.));
#3071=DIRECTION('',(0.,0.,-1.));
#3072=DIRECTION('',(0.,-7.85406298178476E-17,-1.));
#3073=DIRECTION('',(0.,0.,1.));
#3074=DIRECTION('',(1.,0.,0.));
#3075=DIRECTION('',(0.,0.,-1.));
#3076=DIRECTION('',(0.,-7.85406298178476E-17,-1.));
#3077=DIRECTION('',(0.,0.,1.));
#3078=DIRECTION('',(-1.,0.,0.));
#3079=DIRECTION('',(0.,0.,1.));
#3080=DIRECTION('',(0.,0.,-1.));
#3081=DIRECTION('',(0.,0.,1.));
#3082=DIRECTION('',(0.,-1.,0.));
#3083=DIRECTION('',(0.,0.,-1.));
#3084=DIRECTION('',(0.,0.,1.));
#3085=DIRECTION('',(1.,0.,0.));
#3086=DIRECTION('',(0.,0.,-1.));
#3087=DIRECTION('',(0.,0.,1.));
#3088=DIRECTION('',(-1.,0.,0.));
#3089=DIRECTION('',(0.,0.,1.));
#3090=DIRECTION('',(0.,0.,-1.));
#3091=DIRECTION('',(0.,0.,1.));
#3092=DIRECTION('',(0.,-1.,0.));
#3093=DIRECTION('',(0.,0.,-1.));
#3094=DIRECTION('',(0.,0.,1.));
#3095=DIRECTION('',(1.,0.,0.));
#3096=DIRECTION('',(0.,0.,-1.));
#3097=DIRECTION('',(0.,0.,1.));
#3098=DIRECTION('',(-0.939692620785908,0.342020143325669,0.));
#3099=DIRECTION('',(0.342020143325669,0.939692620785908,0.));
#3100=DIRECTION('',(-0.323615577118185,-0.889126490715988,0.323615577118185));
#3101=DIRECTION('',(0.,0.,-1.));
#3102=DIRECTION('',(-0.323615577118185,-0.889126490715988,-0.323615577118185));
#3103=DIRECTION('',(0.,0.342020143325669,0.939692620785908));
#3104=DIRECTION('',(0.,0.939692620785908,-0.342020143325669));
#3105=DIRECTION('',(0.323615577118185,-0.889126490715988,0.323615577118185));
#3106=DIRECTION('',(-1.,0.,0.));
#3107=DIRECTION('',(0.939692620785908,0.342020143325669,0.));
#3108=DIRECTION('',(-0.342020143325669,0.939692620785908,0.));
#3109=DIRECTION('',(0.323615577118185,-0.889126490715988,-0.323615577118185));
#3110=DIRECTION('',(0.,0.,1.));
#3111=DIRECTION('',(0.,0.342020143325669,-0.939692620785908));
#3112=DIRECTION('',(0.,0.939692620785908,0.342020143325669));
#3113=DIRECTION('',(1.,0.,0.));
#3114=DIRECTION('',(0.,1.,0.));
#3115=DIRECTION('',(0.,0.,1.));
#3116=DIRECTION('',(-0.939692620785908,0.342020143325669,0.));
#3117=DIRECTION('',(0.342020143325669,0.939692620785908,0.));
#3118=DIRECTION('',(-0.323615577118185,-0.889126490715988,0.323615577118185));
#3119=DIRECTION('',(0.,0.,-1.));
#3120=DIRECTION('',(-0.323615577118185,-0.889126490715988,-0.323615577118185));
#3121=DIRECTION('',(0.,0.342020143325669,0.939692620785908));
#3122=DIRECTION('',(0.,0.939692620785908,-0.342020143325669));
#3123=DIRECTION('',(0.323615577118185,-0.889126490715988,0.323615577118185));
#3124=DIRECTION('',(-1.,0.,0.));
#3125=DIRECTION('',(0.939692620785908,0.342020143325669,0.));
#3126=DIRECTION('',(-0.342020143325669,0.939692620785908,0.));
#3127=DIRECTION('',(0.323615577118185,-0.889126490715988,-0.323615577118185));
#3128=DIRECTION('',(0.,0.,1.));
#3129=DIRECTION('',(0.,0.342020143325669,-0.939692620785908));
#3130=DIRECTION('',(0.,0.939692620785908,0.342020143325669));
#3131=DIRECTION('',(1.,0.,0.));
#3132=DIRECTION('',(0.,1.,0.));
#3133=DIRECTION('',(0.,0.,1.));
#3134=DIRECTION('',(-0.939692620785908,0.342020143325669,0.));
#3135=DIRECTION('',(0.342020143325669,0.939692620785908,0.));
#3136=DIRECTION('',(-0.323615577118185,-0.889126490715988,0.323615577118185));
#3137=DIRECTION('',(0.,0.,-1.));
#3138=DIRECTION('',(-0.323615577118185,-0.889126490715988,-0.323615577118185));
#3139=DIRECTION('',(0.,0.342020143325669,0.939692620785908));
#3140=DIRECTION('',(0.,0.939692620785908,-0.342020143325669));
#3141=DIRECTION('',(0.323615577118185,-0.889126490715988,0.323615577118185));
#3142=DIRECTION('',(-1.,0.,0.));
#3143=DIRECTION('',(0.939692620785908,0.342020143325669,0.));
#3144=DIRECTION('',(-0.342020143325669,0.939692620785908,0.));
#3145=DIRECTION('',(0.323615577118185,-0.889126490715988,-0.323615577118185));
#3146=DIRECTION('',(0.,0.,1.));
#3147=DIRECTION('',(0.,0.342020143325669,-0.939692620785908));
#3148=DIRECTION('',(0.,0.939692620785908,0.342020143325669));
#3149=DIRECTION('',(1.,0.,0.));
#3150=DIRECTION('',(0.,1.,0.));
#3151=DIRECTION('',(0.,0.,1.));
#3152=DIRECTION('',(0.,-1.,7.85406298178476E-17));
#3153=DIRECTION('',(0.,-7.85406298178476E-17,-1.));
#3154=DIRECTION('',(0.,-1.,0.));
#3155=DIRECTION('',(1.,0.,0.));
#3156=DIRECTION('',(0.,0.,1.));
#3157=DIRECTION('',(1.,0.,0.));
#3158=DIRECTION('',(-1.,0.,0.));
#3159=DIRECTION('',(0.,1.,0.));
#3160=DIRECTION('',(-1.,0.,0.));
#3161=DIRECTION('',(0.,1.,0.));
#3162=DIRECTION('',(-1.,0.,0.));
#3163=DIRECTION('',(0.,-1.,0.));
#3164=DIRECTION('',(-1.,0.,0.));
#3165=DIRECTION('',(0.,1.,0.));
#3166=DIRECTION('',(-1.,0.,0.));
#3167=DIRECTION('',(0.,-1.,0.));
#3168=DIRECTION('',(-1.,0.,0.));
#3169=DIRECTION('',(0.,1.,0.));
#3170=DIRECTION('',(0.,0.,-1.));
#3171=DIRECTION('',(-1.,0.,0.));
#3172=DIRECTION('',(1.,0.,0.));
#3173=DIRECTION('',(0.,-1.,0.));
#3174=DIRECTION('',(-1.,0.,0.));
#3175=DIRECTION('',(0.,1.,0.));
#3176=DIRECTION('',(1.,0.,0.));
#3177=DIRECTION('',(0.,-1.,0.));
#3178=DIRECTION('',(-1.,0.,0.));
#3179=DIRECTION('',(0.,1.,0.));
#3180=DIRECTION('',(1.,0.,0.));
#3181=DIRECTION('',(0.,-1.,0.));
#3182=DIRECTION('',(-1.,0.,0.));
#3183=DIRECTION('',(0.,-1.,0.));
#3184=DIRECTION('',(1.,0.,0.));
#3185=DIRECTION('',(0.,0.,-1.));
#3186=DIRECTION('',(0.,-7.76869273198275E-17,1.));
#3187=DIRECTION('',(1.,0.,0.));
#3188=DIRECTION('',(0.,0.,-1.));
#3189=DIRECTION('',(0.,-0.707106809265619,0.707106753107475));
#3190=DIRECTION('',(1.,0.,0.));
#3191=DIRECTION('',(0.,0.,-1.));
#3192=DIRECTION('',(0.,-1.,0.));
#3193=DIRECTION('',(0.,0.,-1.));
#3194=DIRECTION('',(0.,1.,0.));
#3195=DIRECTION('',(1.,0.,0.));
#3196=DIRECTION('',(0.,0.,-1.));
#3197=DIRECTION('',(0.,0.707106809265619,-0.707106753107475));
#3198=DIRECTION('',(1.,0.,0.));
#3199=DIRECTION('',(0.,0.,-1.));
#3200=DIRECTION('',(1.,0.,0.));
#3201=DIRECTION('',(0.,0.,-1.));
#3202=DIRECTION('',(0.,-7.76869273198275E-17,1.));
#3203=DIRECTION('',(1.,0.,0.));
#3204=DIRECTION('',(0.,0.,-1.));
#3205=DIRECTION('',(0.,0.707106809265619,-0.707106753107475));
#3206=DIRECTION('',(1.,0.,0.));
#3207=DIRECTION('',(0.,0.,-1.));
#3208=DIRECTION('',(0.,1.,0.));
#3209=DIRECTION('',(0.,0.,-1.));
#3210=DIRECTION('',(0.,-1.,0.));
#3211=DIRECTION('',(1.,0.,0.));
#3212=DIRECTION('',(0.,0.,-1.));
#3213=DIRECTION('',(0.,-0.707106809265619,0.707106753107475));
#3214=DIRECTION('',(1.,0.,0.));
#3215=DIRECTION('',(0.,0.,-1.));
#3216=DIRECTION('',(0.,0.,-1.));
#3217=DIRECTION('',(-1.,0.,0.));
#3218=DIRECTION('',(-1.,0.,0.));
#3219=DIRECTION('',(0.,-1.,0.));
#3220=DIRECTION('',(-1.,0.,0.));
#3221=DIRECTION('',(0.,1.,0.));
#3222=DIRECTION('',(0.,0.,1.));
#3223=DIRECTION('',(1.,0.,0.));
#3224=DIRECTION('',(-1.,0.,0.));
#3225=DIRECTION('',(0.,-1.,0.));
#3226=DIRECTION('',(-1.,0.,0.));
#3227=DIRECTION('',(0.,1.,0.));
#3228=DIRECTION('',(-1.,0.,0.));
#3229=DIRECTION('',(0.,0.,1.));
#3230=DIRECTION('',(-1.,0.,0.));
#3231=DIRECTION('',(0.,0.,1.));
#3232=DIRECTION('',(1.,0.,0.));
#3233=DIRECTION('',(0.,0.,-1.));
#3234=DIRECTION('',(-1.,0.,0.));
#3235=DIRECTION('',(0.,0.707106753107475,0.707106809265619));
#3236=DIRECTION('',(0.,-0.707106809265619,0.707106753107475));
#3237=DIRECTION('',(-1.,0.,0.));
#3238=DIRECTION('',(0.,-0.707106809265619,0.707106753107475));
#3239=DIRECTION('',(0.,0.707106809265619,-0.707106753107475));
#3240=DIRECTION('',(-1.,0.,0.));
#3241=DIRECTION('',(0.,0.,1.));
#3242=DIRECTION('',(-1.,0.,0.));
#3243=DIRECTION('',(0.,0.,1.));
#3244=DIRECTION('',(1.,0.,0.));
#3245=DIRECTION('',(0.,0.,-1.));
#3246=DIRECTION('',(-1.,0.,0.));
#3247=DIRECTION('',(0.,0.,1.));
#3248=DIRECTION('',(-1.,0.,0.));
#3249=DIRECTION('',(0.,0.,1.));
#3250=DIRECTION('',(1.,0.,0.));
#3251=DIRECTION('',(0.,0.,-1.));
#3252=DIRECTION('',(-1.,0.,0.));
#3253=DIRECTION('',(0.,-0.707106753107475,-0.707106809265619));
#3254=DIRECTION('',(0.,0.707106809265619,-0.707106753107475));
#3255=DIRECTION('',(-1.,0.,0.));
#3256=DIRECTION('',(0.,0.707106809265619,-0.707106753107475));
#3257=DIRECTION('',(0.,-0.707106809265619,0.707106753107475));
#3258=DIRECTION('',(-1.,0.,0.));
#3259=DIRECTION('',(0.,0.,1.));
#3260=DIRECTION('',(-1.,0.,0.));
#3261=DIRECTION('',(0.,0.,1.));
#3262=DIRECTION('',(1.,0.,0.));
#3263=DIRECTION('',(0.,0.,-1.));
#3264=DIRECTION('',(0.,0.,-1.));
#3265=DIRECTION('',(-1.,0.,0.));
#3266=DIRECTION('',(-1.,0.,0.));
#3267=DIRECTION('',(0.,-1.,0.));
#3268=DIRECTION('',(-1.,0.,0.));
#3269=DIRECTION('',(0.,0.,1.));
#3270=DIRECTION('',(1.,0.,0.));
#3271=DIRECTION('',(-1.,0.,0.));
#3272=DIRECTION('',(0.,-1.,0.));
#3273=DIRECTION('',(-1.,0.,0.));
#3274=DIRECTION('',(-1.,0.,0.));
#3275=DIRECTION('',(0.,0.,1.));
#3276=DIRECTION('',(-1.,0.,0.));
#3277=DIRECTION('',(0.,0.,1.));
#3278=DIRECTION('',(-1.,0.,0.));
#3279=DIRECTION('',(0.,0.707106753107475,0.707106809265619));
#3280=DIRECTION('',(0.,-0.707106809265619,0.707106753107475));
#3281=DIRECTION('',(-1.,0.,0.));
#3282=DIRECTION('',(0.,-0.707106809265619,0.707106753107475));
#3283=DIRECTION('',(-1.,0.,0.));
#3284=DIRECTION('',(0.,0.,1.));
#3285=DIRECTION('',(-1.,0.,0.));
#3286=DIRECTION('',(0.,0.,1.));
#3287=DIRECTION('',(-1.,0.,0.));
#3288=DIRECTION('',(0.,0.,1.));
#3289=DIRECTION('',(-1.,0.,0.));
#3290=DIRECTION('',(0.,0.,1.));
#3291=DIRECTION('',(-1.,0.,0.));
#3292=DIRECTION('',(0.,-0.707106753107475,-0.707106809265619));
#3293=DIRECTION('',(0.,0.707106809265619,-0.707106753107475));
#3294=DIRECTION('',(-1.,0.,0.));
#3295=DIRECTION('',(0.,0.707106809265619,-0.707106753107475));
#3296=DIRECTION('',(-1.,0.,0.));
#3297=DIRECTION('',(0.,0.,1.));
#3298=DIRECTION('',(-1.,0.,0.));
#3299=DIRECTION('',(0.,0.,1.));
#3300=DIRECTION('',(0.,0.,-1.));
#3301=DIRECTION('',(-1.,0.,0.));
#3302=DIRECTION('',(-1.,0.,0.));
#3303=DIRECTION('',(0.,1.,0.));
#3304=DIRECTION('',(-1.,0.,0.));
#3305=DIRECTION('',(0.,0.,1.));
#3306=DIRECTION('',(1.,0.,0.));
#3307=DIRECTION('',(-1.,0.,0.));
#3308=DIRECTION('',(0.,1.,0.));
#3309=DIRECTION('',(-1.,0.,0.));
#3310=DIRECTION('',(-1.,0.,0.));
#3311=DIRECTION('',(0.,0.,1.));
#3312=DIRECTION('',(1.,0.,0.));
#3313=DIRECTION('',(0.,0.,-1.));
#3314=DIRECTION('',(-1.,0.,0.));
#3315=DIRECTION('',(0.,0.707106753107475,0.707106809265619));
#3316=DIRECTION('',(0.,-0.707106809265619,0.707106753107475));
#3317=DIRECTION('',(0.,0.707106809265619,-0.707106753107475));
#3318=DIRECTION('',(-1.,0.,0.));
#3319=DIRECTION('',(-1.,0.,0.));
#3320=DIRECTION('',(0.,0.,1.));
#3321=DIRECTION('',(1.,0.,0.));
#3322=DIRECTION('',(0.,0.,-1.));
#3323=DIRECTION('',(-1.,0.,0.));
#3324=DIRECTION('',(0.,0.,1.));
#3325=DIRECTION('',(1.,0.,0.));
#3326=DIRECTION('',(0.,0.,-1.));
#3327=DIRECTION('',(-1.,0.,0.));
#3328=DIRECTION('',(0.,-0.707106753107475,-0.707106809265619));
#3329=DIRECTION('',(0.,0.707106809265619,-0.707106753107475));
#3330=DIRECTION('',(0.,-0.707106809265619,0.707106753107475));
#3331=DIRECTION('',(-1.,0.,0.));
#3332=DIRECTION('',(-1.,0.,0.));
#3333=DIRECTION('',(0.,0.,1.));
#3334=DIRECTION('',(1.,0.,0.));
#3335=DIRECTION('',(0.,0.,-1.));
#3336=DIRECTION('',(0.,1.,0.));
#3337=DIRECTION('',(0.,0.,1.));
#3338=DIRECTION('',(0.,0.,1.));
#3339=DIRECTION('',(0.,0.,1.));
#3340=DIRECTION('',(-1.,0.,0.));
#3341=DIRECTION('',(0.,0.,1.));
#3342=DIRECTION('',(0.,0.,1.));
#3343=DIRECTION('',(1.,0.,0.));
#3344=DIRECTION('',(0.,0.,-1.));
#3345=DIRECTION('',(0.,0.,-1.));
#3346=DIRECTION('',(0.,1.,0.));
#3347=DIRECTION('',(0.,0.,1.));
#3348=DIRECTION('',(0.,0.,1.));
#3349=DIRECTION('',(0.,0.,1.));
#3350=DIRECTION('',(-1.,0.,0.));
#3351=DIRECTION('',(0.,0.,1.));
#3352=DIRECTION('',(0.,0.,1.));
#3353=DIRECTION('',(1.,0.,0.));
#3354=DIRECTION('',(0.,0.,-1.));
#3355=DIRECTION('',(0.,0.,-1.));
#3356=DIRECTION('',(-0.939692620785908,-0.342020143325669,0.));
#3357=DIRECTION('',(0.342020143325669,-0.939692620785908,0.));
#3358=DIRECTION('',(-0.323615577118185,0.889126490715988,-0.323615577118185));
#3359=DIRECTION('',(0.,0.,1.));
#3360=DIRECTION('',(-0.323615577118185,0.889126490715988,0.323615577118185));
#3361=DIRECTION('',(0.,-0.342020143325669,0.939692620785908));
#3362=DIRECTION('',(0.,-0.939692620785908,-0.342020143325669));
#3363=DIRECTION('',(1.,0.,0.));
#3364=DIRECTION('',(0.323615577118185,0.889126490715988,0.323615577118185));
#3365=DIRECTION('',(0.939692620785908,-0.342020143325669,0.));
#3366=DIRECTION('',(-0.342020143325669,-0.939692620785908,0.));
#3367=DIRECTION('',(0.,0.,-1.));
#3368=DIRECTION('',(0.323615577118185,0.889126490715988,-0.323615577118185));
#3369=DIRECTION('',(0.,-0.342020143325669,-0.939692620785908));
#3370=DIRECTION('',(0.,-0.939692620785908,0.342020143325669));
#3371=DIRECTION('',(-1.,0.,0.));
#3372=DIRECTION('',(0.,1.,0.));
#3373=DIRECTION('',(0.,0.,1.));
#3374=DIRECTION('',(-0.939692620785908,-0.342020143325669,0.));
#3375=DIRECTION('',(0.342020143325669,-0.939692620785908,0.));
#3376=DIRECTION('',(-0.323615577118185,0.889126490715988,-0.323615577118185));
#3377=DIRECTION('',(0.,0.,1.));
#3378=DIRECTION('',(-0.323615577118185,0.889126490715988,0.323615577118185));
#3379=DIRECTION('',(0.,-0.342020143325669,0.939692620785908));
#3380=DIRECTION('',(0.,-0.939692620785908,-0.342020143325669));
#3381=DIRECTION('',(1.,0.,0.));
#3382=DIRECTION('',(0.323615577118185,0.889126490715988,0.323615577118185));
#3383=DIRECTION('',(0.939692620785908,-0.342020143325669,0.));
#3384=DIRECTION('',(-0.342020143325669,-0.939692620785908,0.));
#3385=DIRECTION('',(0.,0.,-1.));
#3386=DIRECTION('',(0.323615577118185,0.889126490715988,-0.323615577118185));
#3387=DIRECTION('',(0.,-0.342020143325669,-0.939692620785908));
#3388=DIRECTION('',(0.,-0.939692620785908,0.342020143325669));
#3389=DIRECTION('',(-1.,0.,0.));
#3390=DIRECTION('',(0.,1.,0.));
#3391=DIRECTION('',(0.,0.,1.));
#3392=DIRECTION('',(-0.939692620785908,-0.342020143325669,0.));
#3393=DIRECTION('',(0.342020143325669,-0.939692620785908,0.));
#3394=DIRECTION('',(-0.323615577118185,0.889126490715988,-0.323615577118185));
#3395=DIRECTION('',(0.,0.,1.));
#3396=DIRECTION('',(-0.323615577118185,0.889126490715988,0.323615577118185));
#3397=DIRECTION('',(0.,-0.342020143325669,0.939692620785908));
#3398=DIRECTION('',(0.,-0.939692620785908,-0.342020143325669));
#3399=DIRECTION('',(1.,0.,0.));
#3400=DIRECTION('',(0.323615577118185,0.889126490715988,0.323615577118185));
#3401=DIRECTION('',(0.939692620785908,-0.342020143325669,0.));
#3402=DIRECTION('',(-0.342020143325669,-0.939692620785908,0.));
#3403=DIRECTION('',(0.,0.,-1.));
#3404=DIRECTION('',(0.323615577118185,0.889126490715988,-0.323615577118185));
#3405=DIRECTION('',(0.,-0.342020143325669,-0.939692620785908));
#3406=DIRECTION('',(0.,-0.939692620785908,0.342020143325669));
#3407=DIRECTION('',(-1.,0.,0.));
#3408=DIRECTION('',(0.,1.,0.));
#3409=DIRECTION('',(0.,0.,1.));
#3410=DIRECTION('',(0.,1.,7.76869273198275E-17));
#3411=DIRECTION('',(0.,-7.76869273198275E-17,1.));
#3412=DIRECTION('',(0.,-1.,0.));
#3413=DIRECTION('',(1.,0.,0.));
#3414=CARTESIAN_POINT('',(0.,0.,0.));
#3415=CARTESIAN_POINT('',(-0.15,-0.06,0.05));
#3416=CARTESIAN_POINT('',(0.0649999999999999,-0.06,0.05));
#3417=CARTESIAN_POINT('',(0.0649999999999999,-0.0599999999999999,0.045));
#3418=CARTESIAN_POINT('',(0.0649999999999999,-0.06,0.05));
#3419=CARTESIAN_POINT('',(-0.15,-0.06,0.045));
#3420=CARTESIAN_POINT('',(0.0349999999999998,-0.0599999999999999,0.045));
#3421=CARTESIAN_POINT('',(0.0349999999999998,-0.06,0.05));
#3422=CARTESIAN_POINT('',(0.0349999999999998,-0.06,0.05));
#3423=CARTESIAN_POINT('',(-0.15,-0.06,0.05));
#3424=CARTESIAN_POINT('',(-0.0350000000000001,-0.06,0.05));
#3425=CARTESIAN_POINT('',(-0.0350000000000001,-0.06,0.05));
#3426=CARTESIAN_POINT('',(-0.0350000000000001,-0.0599999999999999,0.045));
#3427=CARTESIAN_POINT('',(-0.15,-0.06,0.045));
#3428=CARTESIAN_POINT('',(-0.0649999999999999,-0.0599999999999999,0.045));
#3429=CARTESIAN_POINT('',(-0.0649999999999999,-0.06,0.05));
#3430=CARTESIAN_POINT('',(-0.0649999999999999,-0.06,0.05));
#3431=CARTESIAN_POINT('',(-0.15,-0.06,0.05));
#3432=CARTESIAN_POINT('',(-0.15,-0.06,0.05));
#3433=CARTESIAN_POINT('',(-0.15,-0.06,0.05));
#3434=CARTESIAN_POINT('',(-0.15,-0.06,-0.05));
#3435=CARTESIAN_POINT('',(-0.15,-0.06,-0.05));
#3436=CARTESIAN_POINT('',(-0.065,-0.06,-0.05));
#3437=CARTESIAN_POINT('',(-0.065,-0.06,0.05));
#3438=CARTESIAN_POINT('',(-0.065,-0.0599999999999999,-0.045));
#3439=CARTESIAN_POINT('',(-0.15,-0.06,-0.045));
#3440=CARTESIAN_POINT('',(-0.035,-0.0599999999999999,-0.045));
#3441=CARTESIAN_POINT('',(-0.035,-0.06,0.05));
#3442=CARTESIAN_POINT('',(-0.035,-0.06,-0.05));
#3443=CARTESIAN_POINT('',(-0.15,-0.06,-0.05));
#3444=CARTESIAN_POINT('',(0.035,-0.06,-0.05));
#3445=CARTESIAN_POINT('',(0.035,-0.06,0.05));
#3446=CARTESIAN_POINT('',(0.035,-0.0599999999999999,-0.045));
#3447=CARTESIAN_POINT('',(-0.15,-0.06,-0.045));
#3448=CARTESIAN_POINT('',(0.065,-0.0599999999999999,-0.045));
#3449=CARTESIAN_POINT('',(0.065,-0.06,0.05));
#3450=CARTESIAN_POINT('',(0.065,-0.06,-0.05));
#3451=CARTESIAN_POINT('',(-0.15,-0.06,-0.05));
#3452=CARTESIAN_POINT('',(0.15,-0.06,-0.05));
#3453=CARTESIAN_POINT('',(0.15,-0.06,0.05));
#3454=CARTESIAN_POINT('',(0.15,-0.06,0.05));
#3455=CARTESIAN_POINT('',(-0.15,-0.06,0.05));
#3456=CARTESIAN_POINT('',(0.035,0.048,0.05));
#3457=CARTESIAN_POINT('',(0.035,0.048,0.05));
#3458=CARTESIAN_POINT('',(0.0349999999999998,0.048,0.045));
#3459=CARTESIAN_POINT('',(0.035,0.048,-0.045));
#3460=CARTESIAN_POINT('',(0.035,0.048,0.045));
#3461=CARTESIAN_POINT('',(0.0649999999999999,0.048,0.045));
#3462=CARTESIAN_POINT('',(0.065,0.048,0.05));
#3463=CARTESIAN_POINT('',(0.065,0.048,-0.045));
#3464=CARTESIAN_POINT('',(0.035,0.048,-0.045));
#3465=CARTESIAN_POINT('',(-0.065,0.048,0.05));
#3466=CARTESIAN_POINT('',(-0.065,0.048,0.05));
#3467=CARTESIAN_POINT('',(-0.0649999999999999,0.048,0.045));
#3468=CARTESIAN_POINT('',(-0.065,0.048,-0.045));
#3469=CARTESIAN_POINT('',(-0.065,0.048,0.045));
#3470=CARTESIAN_POINT('',(-0.0350000000000001,0.048,0.045));
#3471=CARTESIAN_POINT('',(-0.035,0.048,0.05));
#3472=CARTESIAN_POINT('',(-0.035,0.048,-0.045));
#3473=CARTESIAN_POINT('',(-0.065,0.048,-0.045));
#3474=CARTESIAN_POINT('',(0.,0.,0.05));
#3475=CARTESIAN_POINT('',(-0.08775,0.02225,0.05));
#3476=CARTESIAN_POINT('',(-0.08775,0.02225,0.05));
#3477=CARTESIAN_POINT('',(-0.11225,0.02225,0.05));
#3478=CARTESIAN_POINT('',(-0.08775,-0.00225,0.05));
#3479=CARTESIAN_POINT('',(-0.08775,-0.00225,0.05));
#3480=CARTESIAN_POINT('',(-0.11225,-0.00225,0.05));
#3481=CARTESIAN_POINT('',(-0.11225,-0.00225,0.05));
#3482=CARTESIAN_POINT('',(-0.11225,0.02225,0.05));
#3483=CARTESIAN_POINT('',(-0.065,0.148,0.05));
#3484=CARTESIAN_POINT('',(-0.065,0.06,0.05));
#3485=CARTESIAN_POINT('',(0.15,0.06,0.05));
#3486=CARTESIAN_POINT('',(-0.15,0.06,0.05));
#3487=CARTESIAN_POINT('',(-0.15,0.06,0.05));
#3488=CARTESIAN_POINT('',(0.,0.,0.05));
#3489=CARTESIAN_POINT('',(0.11225,0.02225,0.05));
#3490=CARTESIAN_POINT('',(0.11225,0.02225,0.05));
#3491=CARTESIAN_POINT('',(0.08775,0.02225,0.05));
#3492=CARTESIAN_POINT('',(0.11225,-0.00225,0.05));
#3493=CARTESIAN_POINT('',(0.11225,-0.00225,0.05));
#3494=CARTESIAN_POINT('',(0.08775,-0.00225,0.05));
#3495=CARTESIAN_POINT('',(0.08775,-0.00225,0.05));
#3496=CARTESIAN_POINT('',(0.08775,0.02225,0.05));
#3497=CARTESIAN_POINT('',(0.065,0.048,0.05));
#3498=CARTESIAN_POINT('',(0.065,0.06,0.05));
#3499=CARTESIAN_POINT('',(0.15,-0.06,0.05));
#3500=CARTESIAN_POINT('',(0.15,0.06,0.05));
#3501=CARTESIAN_POINT('',(0.15,0.06,0.05));
#3502=CARTESIAN_POINT('',(0.,0.,0.05));
#3503=CARTESIAN_POINT('',(0.01225,0.02225,0.05));
#3504=CARTESIAN_POINT('',(0.01225,0.02225,0.05));
#3505=CARTESIAN_POINT('',(-0.01225,0.02225,0.05));
#3506=CARTESIAN_POINT('',(0.01225,-0.00225,0.05));
#3507=CARTESIAN_POINT('',(0.01225,-0.00225,0.05));
#3508=CARTESIAN_POINT('',(-0.01225,-0.00225,0.05));
#3509=CARTESIAN_POINT('',(-0.01225,-0.00225,0.05));
#3510=CARTESIAN_POINT('',(-0.01225,0.02225,0.05));
#3511=CARTESIAN_POINT('',(0.035,0.1,0.05));
#3512=CARTESIAN_POINT('',(0.035,0.06,0.05));
#3513=CARTESIAN_POINT('',(0.15,0.06,0.05));
#3514=CARTESIAN_POINT('',(-0.035,0.06,0.05));
#3515=CARTESIAN_POINT('',(-0.035,0.048,0.05));
#3516=CARTESIAN_POINT('',(0.,0.,-0.05));
#3517=CARTESIAN_POINT('',(-0.08775,0.02225,-0.05));
#3518=CARTESIAN_POINT('',(-0.08775,0.02225,-0.05));
#3519=CARTESIAN_POINT('',(-0.11225,0.02225,-0.05));
#3520=CARTESIAN_POINT('',(-0.11225,0.02225,-0.05));
#3521=CARTESIAN_POINT('',(-0.11225,-0.00225,-0.05));
#3522=CARTESIAN_POINT('',(-0.11225,-0.00225,-0.05));
#3523=CARTESIAN_POINT('',(-0.08775,-0.00225,-0.05));
#3524=CARTESIAN_POINT('',(-0.08775,-0.00225,-0.05));
#3525=CARTESIAN_POINT('',(-0.065,1.10981324742611E-17,-0.05));
#3526=CARTESIAN_POINT('',(-0.065,0.06,-0.05));
#3527=CARTESIAN_POINT('',(-0.15,0.06,-0.05));
#3528=CARTESIAN_POINT('',(-0.15,0.06,-0.05));
#3529=CARTESIAN_POINT('',(0.15,0.06,-0.05));
#3530=CARTESIAN_POINT('',(0.,0.,-0.05));
#3531=CARTESIAN_POINT('',(0.01225,0.02225,-0.05));
#3532=CARTESIAN_POINT('',(0.01225,0.02225,-0.05));
#3533=CARTESIAN_POINT('',(-0.01225,0.02225,-0.05));
#3534=CARTESIAN_POINT('',(-0.01225,0.02225,-0.05));
#3535=CARTESIAN_POINT('',(-0.01225,-0.00225,-0.05));
#3536=CARTESIAN_POINT('',(-0.01225,-0.00225,-0.05));
#3537=CARTESIAN_POINT('',(0.01225,-0.00225,-0.05));
#3538=CARTESIAN_POINT('',(0.01225,-0.00225,-0.05));
#3539=CARTESIAN_POINT('',(-0.035,0.048,-0.05));
#3540=CARTESIAN_POINT('',(-0.0349999999999999,0.06,-0.05));
#3541=CARTESIAN_POINT('',(0.15,0.06,-0.05));
#3542=CARTESIAN_POINT('',(0.035,0.06,-0.05));
#3543=CARTESIAN_POINT('',(0.035,0.,-0.05));
#3544=CARTESIAN_POINT('',(0.,0.,-0.05));
#3545=CARTESIAN_POINT('',(0.11225,0.02225,-0.05));
#3546=CARTESIAN_POINT('',(0.11225,0.02225,-0.05));
#3547=CARTESIAN_POINT('',(0.08775,0.02225,-0.05));
#3548=CARTESIAN_POINT('',(0.08775,0.02225,-0.05));
#3549=CARTESIAN_POINT('',(0.08775,-0.00225,-0.05));
#3550=CARTESIAN_POINT('',(0.08775,-0.00225,-0.05));
#3551=CARTESIAN_POINT('',(0.11225,-0.00225,-0.05));
#3552=CARTESIAN_POINT('',(0.11225,-0.00225,-0.05));
#3553=CARTESIAN_POINT('',(0.065,0.048,-0.05));
#3554=CARTESIAN_POINT('',(0.065,0.06,-0.05));
#3555=CARTESIAN_POINT('',(0.15,0.06,-0.05));
#3556=CARTESIAN_POINT('',(0.15,0.06,-0.05));
#3557=CARTESIAN_POINT('',(0.15,-0.06,-0.05));
#3558=CARTESIAN_POINT('',(0.15,0.06,0.05));
#3559=CARTESIAN_POINT('',(-0.065,0.06,0.05));
#3560=CARTESIAN_POINT('',(-0.15,0.06,0.05));
#3561=CARTESIAN_POINT('',(0.15,0.06,0.05));
#3562=CARTESIAN_POINT('',(-0.035,0.06,0.05));
#3563=CARTESIAN_POINT('',(0.035,0.06,0.05));
#3564=CARTESIAN_POINT('',(0.15,0.06,0.05));
#3565=CARTESIAN_POINT('',(0.065,0.06,0.05));
#3566=CARTESIAN_POINT('',(0.15,0.06,0.05));
#3567=CARTESIAN_POINT('',(-0.15,0.06,0.05));
#3568=CARTESIAN_POINT('',(0.11225,0.02225,0.05));
#3569=CARTESIAN_POINT('',(0.11225,0.02225,0.05));
#3570=CARTESIAN_POINT('',(0.08775,0.02225,0.05));
#3571=CARTESIAN_POINT('',(0.11225,-0.00225,0.05));
#3572=CARTESIAN_POINT('',(0.11225,-0.00225,0.05));
#3573=CARTESIAN_POINT('',(0.08775,-0.00225,0.05));
#3574=CARTESIAN_POINT('',(0.08775,-0.00225,0.05));
#3575=CARTESIAN_POINT('',(0.01225,0.02225,0.05));
#3576=CARTESIAN_POINT('',(0.01225,0.02225,0.05));
#3577=CARTESIAN_POINT('',(-0.01225,0.02225,0.05));
#3578=CARTESIAN_POINT('',(0.01225,-0.00225,0.05));
#3579=CARTESIAN_POINT('',(0.01225,-0.00225,0.05));
#3580=CARTESIAN_POINT('',(-0.01225,-0.00225,0.05));
#3581=CARTESIAN_POINT('',(-0.01225,-0.00225,0.05));
#3582=CARTESIAN_POINT('',(-0.08775,0.02225,0.05));
#3583=CARTESIAN_POINT('',(-0.08775,0.02225,0.05));
#3584=CARTESIAN_POINT('',(-0.11225,0.02225,0.05));
#3585=CARTESIAN_POINT('',(-0.08775,-0.00225,0.05));
#3586=CARTESIAN_POINT('',(-0.08775,-0.00225,0.05));
#3587=CARTESIAN_POINT('',(-0.11225,-0.00225,0.05));
#3588=CARTESIAN_POINT('',(-0.11225,-0.00225,0.05));
#3589=CARTESIAN_POINT('',(0.08775,0.02225,0.05));
#3590=CARTESIAN_POINT('',(-0.01225,0.02225,0.05));
#3591=CARTESIAN_POINT('',(-0.11225,0.02225,0.05));
#3592=CARTESIAN_POINT('',(0.15,-0.06,0.05));
#3593=CARTESIAN_POINT('',(0.065,0.048,0.05));
#3594=CARTESIAN_POINT('',(0.065,0.12,-0.045));
#3595=CARTESIAN_POINT('',(0.0649999999999999,0.12,0.045));
#3596=CARTESIAN_POINT('',(0.035,0.1,0.05));
#3597=CARTESIAN_POINT('',(0.0349999999999998,0.12,0.045));
#3598=CARTESIAN_POINT('',(0.035,0.12,-0.045));
#3599=CARTESIAN_POINT('',(-0.065,0.148,0.05));
#3600=CARTESIAN_POINT('',(-0.0649999999999999,0.12,0.045));
#3601=CARTESIAN_POINT('',(-0.065,0.12,-0.045));
#3602=CARTESIAN_POINT('',(-0.035,0.048,0.05));
#3603=CARTESIAN_POINT('',(-0.035,0.12,-0.045));
#3604=CARTESIAN_POINT('',(-0.0350000000000001,0.12,0.045));
#3605=CARTESIAN_POINT('',(-0.065,0.12,-0.045));
#3606=CARTESIAN_POINT('',(0.035,0.12,-0.045));
#3607=CARTESIAN_POINT('',(-0.0350000000000001,0.12,0.045));
#3608=CARTESIAN_POINT('',(0.0649999999999999,0.12,0.045));
#3609=CARTESIAN_POINT('',(0.,0.06,7.34788079488412E-18));
#3610=CARTESIAN_POINT('',(0.15,0.05,0.125));
#3611=CARTESIAN_POINT('',(0.15,0.05,-0.125));
#3612=CARTESIAN_POINT('',(0.15,0.05,-0.125));
#3613=CARTESIAN_POINT('',(-0.15,0.05,-0.125));
#3614=CARTESIAN_POINT('',(-0.15,0.05,0.125));
#3615=CARTESIAN_POINT('',(-0.15,0.05,0.125));
#3616=CARTESIAN_POINT('',(0.15,0.05,0.125));
#3617=CARTESIAN_POINT('',(0.15,0.05,0.125));
#3618=CARTESIAN_POINT('',(0.15,0.05,0.125));
#3619=CARTESIAN_POINT('',(-0.15,0.05,0.125));
#3620=CARTESIAN_POINT('',(-0.15,0.05,-0.125));
#3621=CARTESIAN_POINT('',(-0.15,0.,-0.125));
#3622=CARTESIAN_POINT('',(-0.15,0.,0.125));
#3623=CARTESIAN_POINT('',(-0.15,0.,0.125));
#3624=CARTESIAN_POINT('',(-0.15,0.05,0.125));
#3625=CARTESIAN_POINT('',(-0.15,0.,0.125));
#3626=CARTESIAN_POINT('',(0.082,0.,0.0589089799999995));
#3627=CARTESIAN_POINT('',(0.082,0.,0.0589089799999995));
#3628=CARTESIAN_POINT('',(0.017,0.,0.0589089799999995));
#3629=CARTESIAN_POINT('',(0.017,0.,0.0589089799999995));
#3630=CARTESIAN_POINT('',(0.017,0.,0.0990910199999995));
#3631=CARTESIAN_POINT('',(0.017,0.,0.0990910199999995));
#3632=CARTESIAN_POINT('',(0.082,0.,0.0990910199999995));
#3633=CARTESIAN_POINT('',(0.082,0.,0.0990910199999995));
#3634=CARTESIAN_POINT('',(-0.0170000000000002,0.,-0.09909102));
#3635=CARTESIAN_POINT('',(-0.0170000000000002,0.,-0.09909102));
#3636=CARTESIAN_POINT('',(-0.0820000000000002,0.,-0.09909102));
#3637=CARTESIAN_POINT('',(-0.0820000000000002,0.,-0.09909102));
#3638=CARTESIAN_POINT('',(-0.0820000000000002,0.,-0.05890898));
#3639=CARTESIAN_POINT('',(-0.0820000000000002,0.,-0.05890898));
#3640=CARTESIAN_POINT('',(-0.0170000000000002,0.,-0.05890898));
#3641=CARTESIAN_POINT('',(-0.0170000000000002,0.,-0.05890898));
#3642=CARTESIAN_POINT('',(0.0820000000000002,0.,-0.0990910199999995));
#3643=CARTESIAN_POINT('',(0.0820000000000002,0.,-0.0990910199999995));
#3644=CARTESIAN_POINT('',(0.0170000000000002,0.,-0.0990910199999995));
#3645=CARTESIAN_POINT('',(0.0170000000000002,0.,-0.0990910199999995));
#3646=CARTESIAN_POINT('',(0.0170000000000002,0.,-0.0589089799999994));
#3647=CARTESIAN_POINT('',(0.0170000000000002,0.,-0.0589089799999994));
#3648=CARTESIAN_POINT('',(0.0820000000000002,0.,-0.0589089799999994));
#3649=CARTESIAN_POINT('',(0.0820000000000002,0.,-0.0589089799999994));
#3650=CARTESIAN_POINT('',(-0.017,0.,0.05890898));
#3651=CARTESIAN_POINT('',(-0.017,0.,0.05890898));
#3652=CARTESIAN_POINT('',(-0.082,0.,0.05890898));
#3653=CARTESIAN_POINT('',(-0.082,0.,0.05890898));
#3654=CARTESIAN_POINT('',(-0.082,0.,0.09909102));
#3655=CARTESIAN_POINT('',(-0.082,0.,0.09909102));
#3656=CARTESIAN_POINT('',(-0.017,0.,0.09909102));
#3657=CARTESIAN_POINT('',(-0.017,0.,0.09909102));
#3658=CARTESIAN_POINT('',(-0.15,0.,-0.125));
#3659=CARTESIAN_POINT('',(0.15,0.,-0.125));
#3660=CARTESIAN_POINT('',(0.15,0.,0.125));
#3661=CARTESIAN_POINT('',(0.15,0.,0.125));
#3662=CARTESIAN_POINT('',(-0.15,0.,0.125));
#3663=CARTESIAN_POINT('',(0.15,0.,0.125));
#3664=CARTESIAN_POINT('',(0.15,0.,-0.125));
#3665=CARTESIAN_POINT('',(0.15,0.,0.125));
#3666=CARTESIAN_POINT('',(0.,0.,0.125));
#3667=CARTESIAN_POINT('',(0.,0.,-0.125));
#3668=CARTESIAN_POINT('',(-0.082,-0.115,0.05890898));
#3669=CARTESIAN_POINT('',(-0.082,-0.115,0.05890898));
#3670=CARTESIAN_POINT('',(-0.082,-0.115,0.05890898));
#3671=CARTESIAN_POINT('',(-0.082,-0.115,0.05890898));
#3672=CARTESIAN_POINT('',(-0.082,-0.115,0.09909102));
#3673=CARTESIAN_POINT('',(-0.082,-0.115,0.09909102));
#3674=CARTESIAN_POINT('',(-0.082,-0.115,0.09909102));
#3675=CARTESIAN_POINT('',(-0.082,-0.115,0.09909102));
#3676=CARTESIAN_POINT('',(-0.017,-0.115,0.09909102));
#3677=CARTESIAN_POINT('',(-0.017,-0.115,0.09909102));
#3678=CARTESIAN_POINT('',(-0.017,-0.115,0.09909102));
#3679=CARTESIAN_POINT('',(-0.017,-0.115,0.09909102));
#3680=CARTESIAN_POINT('',(-0.017,-0.115,0.05890898));
#3681=CARTESIAN_POINT('',(-0.017,-0.115,0.05890898));
#3682=CARTESIAN_POINT('',(-0.017,-0.115,0.05890898));
#3683=CARTESIAN_POINT('',(-0.017,-0.115,0.05890898));
#3684=CARTESIAN_POINT('',(0.,-0.115,0.));
#3685=CARTESIAN_POINT('',(0.0170000000000002,-0.115,-0.0990910199999995));
#3686=CARTESIAN_POINT('',(0.0170000000000002,-0.115,-0.0990910199999995));
#3687=CARTESIAN_POINT('',(0.0170000000000002,-0.115,-0.0990910199999995));
#3688=CARTESIAN_POINT('',(0.0170000000000002,-0.115,-0.0990910199999995));
#3689=CARTESIAN_POINT('',(0.0170000000000002,-0.115,-0.0589089799999994));
#3690=CARTESIAN_POINT('',(0.0170000000000002,-0.115,-0.0589089799999994));
#3691=CARTESIAN_POINT('',(0.0170000000000002,-0.115,-0.0589089799999994));
#3692=CARTESIAN_POINT('',(0.0170000000000002,-0.115,-0.0589089799999994));
#3693=CARTESIAN_POINT('',(0.0820000000000002,-0.115,-0.0589089799999994));
#3694=CARTESIAN_POINT('',(0.0820000000000002,-0.115,-0.0589089799999994));
#3695=CARTESIAN_POINT('',(0.0820000000000002,-0.115,-0.0589089799999994));
#3696=CARTESIAN_POINT('',(0.0820000000000002,-0.115,-0.0589089799999994));
#3697=CARTESIAN_POINT('',(0.0820000000000002,-0.115,-0.0990910199999995));
#3698=CARTESIAN_POINT('',(0.0820000000000002,-0.115,-0.0990910199999995));
#3699=CARTESIAN_POINT('',(0.0820000000000002,-0.115,-0.0990910199999995));
#3700=CARTESIAN_POINT('',(0.0820000000000002,-0.115,-0.0990910199999995));
#3701=CARTESIAN_POINT('',(0.0990000000000002,-0.115,-0.157999999999999));
#3702=CARTESIAN_POINT('',(-0.0820000000000002,-0.115,-0.09909102));
#3703=CARTESIAN_POINT('',(-0.0820000000000002,-0.115,-0.09909102));
#3704=CARTESIAN_POINT('',(-0.0820000000000002,-0.115,-0.09909102));
#3705=CARTESIAN_POINT('',(-0.0820000000000002,-0.115,-0.09909102));
#3706=CARTESIAN_POINT('',(-0.0820000000000002,-0.115,-0.05890898));
#3707=CARTESIAN_POINT('',(-0.0820000000000002,-0.115,-0.05890898));
#3708=CARTESIAN_POINT('',(-0.0820000000000002,-0.115,-0.05890898));
#3709=CARTESIAN_POINT('',(-0.0820000000000002,-0.115,-0.05890898));
#3710=CARTESIAN_POINT('',(-0.0170000000000002,-0.115,-0.05890898));
#3711=CARTESIAN_POINT('',(-0.0170000000000002,-0.115,-0.05890898));
#3712=CARTESIAN_POINT('',(-0.0170000000000002,-0.115,-0.05890898));
#3713=CARTESIAN_POINT('',(-0.0170000000000002,-0.115,-0.05890898));
#3714=CARTESIAN_POINT('',(-0.0170000000000002,-0.115,-0.09909102));
#3715=CARTESIAN_POINT('',(-0.0170000000000002,-0.115,-0.09909102));
#3716=CARTESIAN_POINT('',(-0.0170000000000002,-0.115,-0.09909102));
#3717=CARTESIAN_POINT('',(-0.0170000000000002,-0.115,-0.09909102));
#3718=CARTESIAN_POINT('',(-1.96351574544619E-16,-0.115,-0.158));
#3719=CARTESIAN_POINT('',(0.017,-0.115,0.0589089799999995));
#3720=CARTESIAN_POINT('',(0.017,-0.115,0.0589089799999995));
#3721=CARTESIAN_POINT('',(0.017,-0.115,0.0589089799999995));
#3722=CARTESIAN_POINT('',(0.017,-0.115,0.0589089799999995));
#3723=CARTESIAN_POINT('',(0.017,-0.115,0.0990910199999995));
#3724=CARTESIAN_POINT('',(0.017,-0.115,0.0990910199999995));
#3725=CARTESIAN_POINT('',(0.017,-0.115,0.0990910199999995));
#3726=CARTESIAN_POINT('',(0.017,-0.115,0.0990910199999995));
#3727=CARTESIAN_POINT('',(0.082,-0.115,0.0990910199999995));
#3728=CARTESIAN_POINT('',(0.082,-0.115,0.0990910199999995));
#3729=CARTESIAN_POINT('',(0.082,-0.115,0.0990910199999995));
#3730=CARTESIAN_POINT('',(0.082,-0.115,0.0990910199999995));
#3731=CARTESIAN_POINT('',(0.082,-0.115,0.0589089799999995));
#3732=CARTESIAN_POINT('',(0.082,-0.115,0.0589089799999995));
#3733=CARTESIAN_POINT('',(0.082,-0.115,0.0589089799999995));
#3734=CARTESIAN_POINT('',(0.082,-0.115,0.0589089799999995));
#3735=CARTESIAN_POINT('',(0.099,-0.115,-5.29295548772451E-16));
#3736=CARTESIAN_POINT('',(0.,0.12,7.34788079488412E-18));
#3737=CARTESIAN_POINT('',(0.1125,0.16856602,-0.0825));
#3738=CARTESIAN_POINT('',(0.1125,0.229999999999998,-0.0825));
#3739=CARTESIAN_POINT('',(-0.1125,0.229999999999998,-0.0825));
#3740=CARTESIAN_POINT('',(0.1125,0.229999999999998,-0.0825));
#3741=CARTESIAN_POINT('',(-0.1125,0.16856602,-0.0825));
#3742=CARTESIAN_POINT('',(-0.1125,0.49,-0.0825));
#3743=CARTESIAN_POINT('',(0.1125,0.49,-0.0825));
#3744=CARTESIAN_POINT('',(-0.0875,0.49,-0.0825));
#3745=CARTESIAN_POINT('',(-0.0875,0.16856602,-0.0825));
#3746=CARTESIAN_POINT('',(-0.0875,0.235,-0.0825));
#3747=CARTESIAN_POINT('',(0.1125,0.235,-0.0825));
#3748=CARTESIAN_POINT('',(-0.0125,0.235,-0.0825));
#3749=CARTESIAN_POINT('',(-0.0125,0.16856602,-0.0825));
#3750=CARTESIAN_POINT('',(-0.0125,0.49,-0.0825));
#3751=CARTESIAN_POINT('',(0.1125,0.49,-0.0825));
#3752=CARTESIAN_POINT('',(0.0125,0.49,-0.0825));
#3753=CARTESIAN_POINT('',(0.0125,0.16856602,-0.0825));
#3754=CARTESIAN_POINT('',(0.0125,0.235,-0.0825));
#3755=CARTESIAN_POINT('',(0.1125,0.235,-0.0825));
#3756=CARTESIAN_POINT('',(0.0875,0.235,-0.0825));
#3757=CARTESIAN_POINT('',(0.0875,0.16856602,-0.0825));
#3758=CARTESIAN_POINT('',(0.0875,0.49,-0.0825));
#3759=CARTESIAN_POINT('',(0.1125,0.49,-0.0825));
#3760=CARTESIAN_POINT('',(0.1125,0.49,-0.0825));
#3761=CARTESIAN_POINT('',(0.1125,0.16856602,-0.0825));
#3762=CARTESIAN_POINT('',(0.1125,0.49,-0.0575));
#3763=CARTESIAN_POINT('',(0.1125,0.229999999999998,-0.0575));
#3764=CARTESIAN_POINT('',(0.1125,0.229999999999998,-0.0575));
#3765=CARTESIAN_POINT('',(-0.1125,0.229999999999998,-0.0575));
#3766=CARTESIAN_POINT('',(0.1125,0.49,-0.0575));
#3767=CARTESIAN_POINT('',(0.1125,0.49,-0.0575));
#3768=CARTESIAN_POINT('',(0.1125,0.49,-0.0575));
#3769=CARTESIAN_POINT('',(0.0875,0.49,-0.0575));
#3770=CARTESIAN_POINT('',(0.0875,0.49,-0.0575));
#3771=CARTESIAN_POINT('',(0.0875,0.235,-0.0575));
#3772=CARTESIAN_POINT('',(0.1125,0.235,-0.0575));
#3773=CARTESIAN_POINT('',(0.0125,0.235,-0.0575));
#3774=CARTESIAN_POINT('',(0.0125,0.49,-0.0575));
#3775=CARTESIAN_POINT('',(0.0125,0.49,-0.0575));
#3776=CARTESIAN_POINT('',(0.1125,0.49,-0.0575));
#3777=CARTESIAN_POINT('',(-0.0125,0.49,-0.0575));
#3778=CARTESIAN_POINT('',(-0.0125,0.49,-0.0575));
#3779=CARTESIAN_POINT('',(-0.0125,0.235,-0.0575));
#3780=CARTESIAN_POINT('',(0.1125,0.235,-0.0575));
#3781=CARTESIAN_POINT('',(-0.0875,0.235,-0.0575));
#3782=CARTESIAN_POINT('',(-0.0875,0.49,-0.0575));
#3783=CARTESIAN_POINT('',(-0.0875,0.49,-0.0575));
#3784=CARTESIAN_POINT('',(0.1125,0.49,-0.0575));
#3785=CARTESIAN_POINT('',(-0.1125,0.49,-0.0575));
#3786=CARTESIAN_POINT('',(-0.1125,0.49,-0.0575));
#3787=CARTESIAN_POINT('',(0.1125,0.08,-0.05));
#3788=CARTESIAN_POINT('',(0.1125,0.229999999999998,-0.05));
#3789=CARTESIAN_POINT('',(0.1125,0.49,-0.0825));
#3790=CARTESIAN_POINT('',(-0.1125,0.08,-0.05));
#3791=CARTESIAN_POINT('',(-0.1125,0.229999999999998,-0.05));
#3792=CARTESIAN_POINT('',(-0.1125,0.49,-0.0825));
#3793=CARTESIAN_POINT('',(-0.0875,0.645,-0.23));
#3794=CARTESIAN_POINT('',(-0.0875,0.49,-0.0825));
#3795=CARTESIAN_POINT('',(-0.0875,0.235,-0.23));
#3796=CARTESIAN_POINT('',(-0.0875,0.235,-0.23));
#3797=CARTESIAN_POINT('',(-0.0125,0.235,-0.23));
#3798=CARTESIAN_POINT('',(-0.0125,0.235,-0.23));
#3799=CARTESIAN_POINT('',(-0.0125,0.49,-0.0825));
#3800=CARTESIAN_POINT('',(0.0125,0.645,-0.23));
#3801=CARTESIAN_POINT('',(0.0125,0.49,-0.0825));
#3802=CARTESIAN_POINT('',(0.0125,0.235,-0.23));
#3803=CARTESIAN_POINT('',(0.0125,0.235,-0.23));
#3804=CARTESIAN_POINT('',(0.0875,0.235,-0.23));
#3805=CARTESIAN_POINT('',(0.0875,0.235,-0.23));
#3806=CARTESIAN_POINT('',(0.0875,0.49,-0.0825));
#3807=CARTESIAN_POINT('',(-0.1125,0.49,-0.0825));
#3808=CARTESIAN_POINT('',(-0.1125,0.49,-0.0575));
#3809=CARTESIAN_POINT('',(-0.105220595314676,0.51,-0.064779404685324));
#3810=CARTESIAN_POINT('',(-0.105220595314676,0.51,-0.0825));
#3811=CARTESIAN_POINT('',(-0.105220595314676,0.51,-0.075220595314676));
#3812=CARTESIAN_POINT('',(-0.1125,0.49,-0.0825));
#3813=CARTESIAN_POINT('',(-0.1125,0.49,-0.0575));
#3814=CARTESIAN_POINT('',(-0.0875,0.49,-0.0575));
#3815=CARTESIAN_POINT('',(-0.0947794046853241,0.51,-0.064779404685324));
#3816=CARTESIAN_POINT('',(-0.1125,0.51,-0.064779404685324));
#3817=CARTESIAN_POINT('',(-0.0875,0.49,-0.0575));
#3818=CARTESIAN_POINT('',(-0.0875,0.49,-0.0825));
#3819=CARTESIAN_POINT('',(-0.0947794046853241,0.51,-0.075220595314676));
#3820=CARTESIAN_POINT('',(-0.0947794046853241,0.51,-0.0575));
#3821=CARTESIAN_POINT('',(-0.0875,0.49,-0.0825));
#3822=CARTESIAN_POINT('',(-0.0875,0.51,-0.075220595314676));
#3823=CARTESIAN_POINT('',(0.,0.51,0.));
#3824=CARTESIAN_POINT('',(0.0875,0.49,-0.0825));
#3825=CARTESIAN_POINT('',(0.0875,0.49,-0.0575));
#3826=CARTESIAN_POINT('',(0.094779404685324,0.51,-0.064779404685324));
#3827=CARTESIAN_POINT('',(0.094779404685324,0.51,-0.0825));
#3828=CARTESIAN_POINT('',(0.094779404685324,0.51,-0.075220595314676));
#3829=CARTESIAN_POINT('',(0.0875,0.49,-0.0825));
#3830=CARTESIAN_POINT('',(0.0875,0.49,-0.0575));
#3831=CARTESIAN_POINT('',(0.1125,0.49,-0.0575));
#3832=CARTESIAN_POINT('',(0.105220595314676,0.51,-0.064779404685324));
#3833=CARTESIAN_POINT('',(0.0875,0.51,-0.064779404685324));
#3834=CARTESIAN_POINT('',(0.1125,0.49,-0.0575));
#3835=CARTESIAN_POINT('',(0.1125,0.49,-0.0825));
#3836=CARTESIAN_POINT('',(0.105220595314676,0.51,-0.075220595314676));
#3837=CARTESIAN_POINT('',(0.105220595314676,0.51,-0.0575));
#3838=CARTESIAN_POINT('',(0.1125,0.49,-0.0825));
#3839=CARTESIAN_POINT('',(0.1125,0.51,-0.075220595314676));
#3840=CARTESIAN_POINT('',(0.2,0.51,0.));
#3841=CARTESIAN_POINT('',(-0.0125,0.49,-0.0825));
#3842=CARTESIAN_POINT('',(-0.0125,0.49,-0.0575));
#3843=CARTESIAN_POINT('',(-0.00522059531467596,0.51,-0.064779404685324));
#3844=CARTESIAN_POINT('',(-0.00522059531467596,0.51,-0.0825));
#3845=CARTESIAN_POINT('',(-0.00522059531467596,0.51,-0.075220595314676));
#3846=CARTESIAN_POINT('',(-0.0125,0.49,-0.0825));
#3847=CARTESIAN_POINT('',(-0.0125,0.49,-0.0575));
#3848=CARTESIAN_POINT('',(0.0125,0.49,-0.0575));
#3849=CARTESIAN_POINT('',(0.00522059531467594,0.51,-0.064779404685324));
#3850=CARTESIAN_POINT('',(-0.0125,0.51,-0.064779404685324));
#3851=CARTESIAN_POINT('',(0.0125,0.49,-0.0575));
#3852=CARTESIAN_POINT('',(0.0125,0.49,-0.0825));
#3853=CARTESIAN_POINT('',(0.00522059531467594,0.51,-0.075220595314676));
#3854=CARTESIAN_POINT('',(0.00522059531467594,0.51,-0.0575));
#3855=CARTESIAN_POINT('',(0.0125,0.49,-0.0825));
#3856=CARTESIAN_POINT('',(0.0125,0.51,-0.075220595314676));
#3857=CARTESIAN_POINT('',(0.1,0.51,0.));
#3858=CARTESIAN_POINT('',(50.,0.229999999999997,-20.));
#3859=CARTESIAN_POINT('',(0.,-1.38777878078145E-17,-0.23));
#3860=CARTESIAN_POINT('',(0.1125,0.16856602,-0.0825));
#3861=CARTESIAN_POINT('',(0.1125,0.229999999999998,-0.0825));
#3862=CARTESIAN_POINT('',(0.1125,0.229999999999998,-0.0825));
#3863=CARTESIAN_POINT('',(-0.1125,0.229999999999998,-0.0825));
#3864=CARTESIAN_POINT('',(0.1125,0.16856602,-0.0825));
#3865=CARTESIAN_POINT('',(0.1125,0.16856602,-0.0825));
#3866=CARTESIAN_POINT('',(0.1125,0.16856602,-0.0825));
#3867=CARTESIAN_POINT('',(0.0875,0.16856602,-0.0825));
#3868=CARTESIAN_POINT('',(0.0875,0.16856602,-0.0825));
#3869=CARTESIAN_POINT('',(0.0875,0.225,-0.0825));
#3870=CARTESIAN_POINT('',(0.1125,0.225,-0.0825));
#3871=CARTESIAN_POINT('',(0.0125,0.225,-0.0825));
#3872=CARTESIAN_POINT('',(0.0125,0.16856602,-0.0825));
#3873=CARTESIAN_POINT('',(0.0125,0.16856602,-0.0825));
#3874=CARTESIAN_POINT('',(0.1125,0.16856602,-0.0825));
#3875=CARTESIAN_POINT('',(-0.0125,0.16856602,-0.0825));
#3876=CARTESIAN_POINT('',(-0.0125,0.16856602,-0.0825));
#3877=CARTESIAN_POINT('',(-0.0125,0.225,-0.0825));
#3878=CARTESIAN_POINT('',(0.1125,0.225,-0.0825));
#3879=CARTESIAN_POINT('',(-0.0875,0.225,-0.0825));
#3880=CARTESIAN_POINT('',(-0.0875,0.16856602,-0.0825));
#3881=CARTESIAN_POINT('',(-0.0875,0.16856602,-0.0825));
#3882=CARTESIAN_POINT('',(0.1125,0.16856602,-0.0825));
#3883=CARTESIAN_POINT('',(-0.1125,0.16856602,-0.0825));
#3884=CARTESIAN_POINT('',(-0.1125,0.16856602,-0.0825));
#3885=CARTESIAN_POINT('',(0.1125,0.49,-0.0575));
#3886=CARTESIAN_POINT('',(0.1125,0.229999999999998,-0.0575));
#3887=CARTESIAN_POINT('',(-0.1125,0.229999999999998,-0.0575));
#3888=CARTESIAN_POINT('',(0.1125,0.229999999999998,-0.0575));
#3889=CARTESIAN_POINT('',(-0.1125,0.49,-0.0575));
#3890=CARTESIAN_POINT('',(-0.1125,0.16856602,-0.0575));
#3891=CARTESIAN_POINT('',(0.1125,0.16856602,-0.0575));
#3892=CARTESIAN_POINT('',(-0.0875,0.16856602,-0.0575));
#3893=CARTESIAN_POINT('',(-0.0875,0.49,-0.0575));
#3894=CARTESIAN_POINT('',(-0.0875,0.225,-0.0575));
#3895=CARTESIAN_POINT('',(0.1125,0.225,-0.0575));
#3896=CARTESIAN_POINT('',(-0.0125,0.225,-0.0575));
#3897=CARTESIAN_POINT('',(-0.0125,0.49,-0.0575));
#3898=CARTESIAN_POINT('',(-0.0125,0.16856602,-0.0575));
#3899=CARTESIAN_POINT('',(0.1125,0.16856602,-0.0575));
#3900=CARTESIAN_POINT('',(0.0125,0.16856602,-0.0575));
#3901=CARTESIAN_POINT('',(0.0125,0.49,-0.0575));
#3902=CARTESIAN_POINT('',(0.0125,0.225,-0.0575));
#3903=CARTESIAN_POINT('',(0.1125,0.225,-0.0575));
#3904=CARTESIAN_POINT('',(0.0875,0.225,-0.0575));
#3905=CARTESIAN_POINT('',(0.0875,0.49,-0.0575));
#3906=CARTESIAN_POINT('',(0.0875,0.16856602,-0.0575));
#3907=CARTESIAN_POINT('',(0.1125,0.16856602,-0.0575));
#3908=CARTESIAN_POINT('',(0.1125,0.16856602,-0.0575));
#3909=CARTESIAN_POINT('',(0.1125,0.49,-0.0575));
#3910=CARTESIAN_POINT('',(0.1125,0.08,-0.05));
#3911=CARTESIAN_POINT('',(0.1125,0.229999999999998,-0.05));
#3912=CARTESIAN_POINT('',(0.1125,0.16856602,-0.0325));
#3913=CARTESIAN_POINT('',(0.1125,0.150888351172313,-0.0501776702316404));
#3914=CARTESIAN_POINT('',(0.1125,0.150888351172313,-0.0501776702316405));
#3915=CARTESIAN_POINT('',(0.1125,0.115355337655374,-0.014644659536719));
#3916=CARTESIAN_POINT('',(0.1125,0.08,-0.0500000000000001));
#3917=CARTESIAN_POINT('',(0.1125,0.08,-8.53702498020082E-18));
#3918=CARTESIAN_POINT('',(0.1125,0.08,0.));
#3919=CARTESIAN_POINT('',(0.1125,0.02,0.));
#3920=CARTESIAN_POINT('',(0.1125,0.02,0.));
#3921=CARTESIAN_POINT('',(0.1125,0.02,-0.025));
#3922=CARTESIAN_POINT('',(0.1125,0.02,-0.025));
#3923=CARTESIAN_POINT('',(0.1125,0.08,-0.025));
#3924=CARTESIAN_POINT('',(0.1125,0.08,-0.05));
#3925=CARTESIAN_POINT('',(0.1125,0.0976776688276869,-0.0323223297683595));
#3926=CARTESIAN_POINT('',(0.1125,0.0976776688276869,-0.0323223297683595));
#3927=CARTESIAN_POINT('',(0.1125,0.133210682344626,-0.067855340463281));
#3928=CARTESIAN_POINT('',(0.1125,0.16856602,-0.0324999999999999));
#3929=CARTESIAN_POINT('',(-0.1125,0.08,-0.05));
#3930=CARTESIAN_POINT('',(-0.1125,0.229999999999998,-0.05));
#3931=CARTESIAN_POINT('',(-0.1125,0.16856602,-0.0324999999999999));
#3932=CARTESIAN_POINT('',(-0.1125,0.133210682344626,-0.067855340463281));
#3933=CARTESIAN_POINT('',(-0.1125,0.0976776688276869,-0.0323223297683595));
#3934=CARTESIAN_POINT('',(-0.1125,0.0976776688276869,-0.0323223297683595));
#3935=CARTESIAN_POINT('',(-0.1125,0.08,-0.05));
#3936=CARTESIAN_POINT('',(-0.1125,0.08,-0.025));
#3937=CARTESIAN_POINT('',(-0.1125,0.02,-0.025));
#3938=CARTESIAN_POINT('',(-0.1125,0.02,-0.025));
#3939=CARTESIAN_POINT('',(-0.1125,0.02,0.));
#3940=CARTESIAN_POINT('',(-0.1125,0.02,0.));
#3941=CARTESIAN_POINT('',(-0.1125,0.08,0.));
#3942=CARTESIAN_POINT('',(-0.1125,0.08,-8.53702498020082E-18));
#3943=CARTESIAN_POINT('',(-0.1125,0.08,-0.0500000000000001));
#3944=CARTESIAN_POINT('',(-0.1125,0.115355337655374,-0.014644659536719));
#3945=CARTESIAN_POINT('',(-0.1125,0.150888351172313,-0.0501776702316405));
#3946=CARTESIAN_POINT('',(-0.1125,0.150888351172313,-0.0501776702316404));
#3947=CARTESIAN_POINT('',(-0.1125,0.16856602,-0.0325));
#3948=CARTESIAN_POINT('',(0.1125,0.08,0.));
#3949=CARTESIAN_POINT('',(0.1125,0.02,0.));
#3950=CARTESIAN_POINT('',(0.0125,0.02,0.));
#3951=CARTESIAN_POINT('',(-0.0125,0.02,0.));
#3952=CARTESIAN_POINT('',(0.0125,0.225,0.));
#3953=CARTESIAN_POINT('',(0.0125,0.08,0.));
#3954=CARTESIAN_POINT('',(0.1125,0.08,-8.53702498020082E-18));
#3955=CARTESIAN_POINT('',(-0.0125,0.08,-8.53702498020082E-18));
#3956=CARTESIAN_POINT('',(-0.0125,-0.185,0.));
#3957=CARTESIAN_POINT('',(0.1125,0.02,-0.025));
#3958=CARTESIAN_POINT('',(0.1125,0.08,-0.025));
#3959=CARTESIAN_POINT('',(0.0125,0.08,-0.025));
#3960=CARTESIAN_POINT('',(-0.0125,0.08,-0.025));
#3961=CARTESIAN_POINT('',(0.0125,0.02,-0.025));
#3962=CARTESIAN_POINT('',(0.0125,0.02,-0.025));
#3963=CARTESIAN_POINT('',(0.1125,0.02,-0.025));
#3964=CARTESIAN_POINT('',(-0.0125,0.02,-0.025));
#3965=CARTESIAN_POINT('',(-0.0125,0.02,-0.025));
#3966=CARTESIAN_POINT('',(0.1125,0.08,-0.05));
#3967=CARTESIAN_POINT('',(0.0125,0.08,-0.05));
#3968=CARTESIAN_POINT('',(0.0125,0.0976776688276869,-0.0323223297683595));
#3969=CARTESIAN_POINT('',(-0.0125,0.08,-0.05));
#3970=CARTESIAN_POINT('',(-0.0125,0.0976776688276869,-0.0323223297683595));
#3971=CARTESIAN_POINT('',(0.1125,0.0976776688276869,-0.0323223297683595));
#3972=CARTESIAN_POINT('',(0.1125,0.0976776688276869,-0.0323223297683595));
#3973=CARTESIAN_POINT('',(0.1125,0.133210682344626,-0.067855340463281));
#3974=CARTESIAN_POINT('',(0.0125,0.133210682344626,-0.067855340463281));
#3975=CARTESIAN_POINT('',(-0.0125,0.133210682344626,-0.067855340463281));
#3976=CARTESIAN_POINT('',(0.0125,0.0976776688276869,-0.0323223297683595));
#3977=CARTESIAN_POINT('',(-0.0125,0.0976776688276869,-0.0323223297683595));
#3978=CARTESIAN_POINT('',(0.1125,0.16856602,-0.0324999999999999));
#3979=CARTESIAN_POINT('',(0.0125,0.16856602,-0.0324999999999999));
#3980=CARTESIAN_POINT('',(-0.0125,0.16856602,-0.0324999999999999));
#3981=CARTESIAN_POINT('',(0.1125,0.16856602,-0.0325));
#3982=CARTESIAN_POINT('',(0.0125,0.16856602,-0.0325));
#3983=CARTESIAN_POINT('',(0.0125,0.150888351172313,-0.0501776702316405));
#3984=CARTESIAN_POINT('',(-0.0125,0.16856602,-0.0325));
#3985=CARTESIAN_POINT('',(-0.0125,0.150888351172313,-0.0501776702316405));
#3986=CARTESIAN_POINT('',(0.1125,0.150888351172313,-0.0501776702316404));
#3987=CARTESIAN_POINT('',(0.1125,0.150888351172313,-0.0501776702316405));
#3988=CARTESIAN_POINT('',(0.1125,0.115355337655374,-0.014644659536719));
#3989=CARTESIAN_POINT('',(0.0125,0.115355337655374,-0.014644659536719));
#3990=CARTESIAN_POINT('',(-0.0125,0.115355337655374,-0.014644659536719));
#3991=CARTESIAN_POINT('',(0.0125,0.150888351172313,-0.0501776702316405));
#3992=CARTESIAN_POINT('',(-0.0125,0.150888351172313,-0.0501776702316405));
#3993=CARTESIAN_POINT('',(0.1125,0.08,-0.0500000000000001));
#3994=CARTESIAN_POINT('',(0.0125,0.08,-0.0500000000000001));
#3995=CARTESIAN_POINT('',(-0.0125,0.08,-0.0500000000000001));
#3996=CARTESIAN_POINT('',(0.1125,0.08,0.));
#3997=CARTESIAN_POINT('',(0.1125,0.02,0.));
#3998=CARTESIAN_POINT('',(-0.0875,0.02,0.));
#3999=CARTESIAN_POINT('',(-0.0875,0.225,0.));
#4000=CARTESIAN_POINT('',(-0.0875,0.08,0.));
#4001=CARTESIAN_POINT('',(0.1125,0.08,-8.53702498020082E-18));
#4002=CARTESIAN_POINT('',(0.1125,0.02,-0.025));
#4003=CARTESIAN_POINT('',(0.1125,0.08,-0.025));
#4004=CARTESIAN_POINT('',(-0.0875,0.08,-0.025));
#4005=CARTESIAN_POINT('',(-0.0875,0.02,-0.025));
#4006=CARTESIAN_POINT('',(-0.0875,0.02,-0.025));
#4007=CARTESIAN_POINT('',(0.1125,0.02,-0.025));
#4008=CARTESIAN_POINT('',(0.1125,0.08,-0.05));
#4009=CARTESIAN_POINT('',(-0.0875,0.08,-0.05));
#4010=CARTESIAN_POINT('',(-0.0875,0.0976776688276869,-0.0323223297683595));
#4011=CARTESIAN_POINT('',(0.1125,0.0976776688276869,-0.0323223297683595));
#4012=CARTESIAN_POINT('',(0.1125,0.0976776688276869,-0.0323223297683595));
#4013=CARTESIAN_POINT('',(0.1125,0.133210682344626,-0.067855340463281));
#4014=CARTESIAN_POINT('',(-0.0875,0.133210682344626,-0.067855340463281));
#4015=CARTESIAN_POINT('',(-0.0875,0.0976776688276869,-0.0323223297683595));
#4016=CARTESIAN_POINT('',(0.1125,0.16856602,-0.0324999999999999));
#4017=CARTESIAN_POINT('',(-0.0875,0.16856602,-0.0324999999999999));
#4018=CARTESIAN_POINT('',(0.1125,0.16856602,-0.0325));
#4019=CARTESIAN_POINT('',(-0.0875,0.16856602,-0.0325));
#4020=CARTESIAN_POINT('',(-0.0875,0.150888351172313,-0.0501776702316405));
#4021=CARTESIAN_POINT('',(0.1125,0.150888351172313,-0.0501776702316404));
#4022=CARTESIAN_POINT('',(0.1125,0.150888351172313,-0.0501776702316405));
#4023=CARTESIAN_POINT('',(0.1125,0.115355337655374,-0.014644659536719));
#4024=CARTESIAN_POINT('',(-0.0875,0.115355337655374,-0.014644659536719));
#4025=CARTESIAN_POINT('',(-0.0875,0.150888351172313,-0.0501776702316405));
#4026=CARTESIAN_POINT('',(0.1125,0.08,-0.0500000000000001));
#4027=CARTESIAN_POINT('',(-0.0875,0.08,-0.0500000000000001));
#4028=CARTESIAN_POINT('',(0.1125,0.08,0.));
#4029=CARTESIAN_POINT('',(0.1125,0.08,-8.53702498020082E-18));
#4030=CARTESIAN_POINT('',(0.0875,0.08,-8.53702498020082E-18));
#4031=CARTESIAN_POINT('',(0.0875,-0.185,0.));
#4032=CARTESIAN_POINT('',(0.0875,0.02,0.));
#4033=CARTESIAN_POINT('',(0.1125,0.02,0.));
#4034=CARTESIAN_POINT('',(0.1125,0.02,-0.025));
#4035=CARTESIAN_POINT('',(0.1125,0.02,-0.025));
#4036=CARTESIAN_POINT('',(0.0875,0.02,-0.025));
#4037=CARTESIAN_POINT('',(0.0875,0.02,-0.025));
#4038=CARTESIAN_POINT('',(0.0875,0.08,-0.025));
#4039=CARTESIAN_POINT('',(0.1125,0.08,-0.025));
#4040=CARTESIAN_POINT('',(0.1125,0.08,-0.05));
#4041=CARTESIAN_POINT('',(0.0875,0.08,-0.05));
#4042=CARTESIAN_POINT('',(0.0875,0.0976776688276869,-0.0323223297683595));
#4043=CARTESIAN_POINT('',(0.1125,0.0976776688276869,-0.0323223297683595));
#4044=CARTESIAN_POINT('',(0.1125,0.0976776688276869,-0.0323223297683595));
#4045=CARTESIAN_POINT('',(0.0875,0.0976776688276869,-0.0323223297683595));
#4046=CARTESIAN_POINT('',(0.0875,0.133210682344626,-0.067855340463281));
#4047=CARTESIAN_POINT('',(0.1125,0.133210682344626,-0.067855340463281));
#4048=CARTESIAN_POINT('',(0.1125,0.16856602,-0.0324999999999999));
#4049=CARTESIAN_POINT('',(0.0875,0.16856602,-0.0324999999999999));
#4050=CARTESIAN_POINT('',(0.1125,0.16856602,-0.0325));
#4051=CARTESIAN_POINT('',(0.0875,0.16856602,-0.0325));
#4052=CARTESIAN_POINT('',(0.0875,0.150888351172313,-0.0501776702316405));
#4053=CARTESIAN_POINT('',(0.1125,0.150888351172313,-0.0501776702316404));
#4054=CARTESIAN_POINT('',(0.1125,0.150888351172313,-0.0501776702316405));
#4055=CARTESIAN_POINT('',(0.0875,0.150888351172313,-0.0501776702316405));
#4056=CARTESIAN_POINT('',(0.0875,0.115355337655374,-0.014644659536719));
#4057=CARTESIAN_POINT('',(0.1125,0.115355337655374,-0.014644659536719));
#4058=CARTESIAN_POINT('',(0.1125,0.08,-0.0500000000000001));
#4059=CARTESIAN_POINT('',(0.0875,0.08,-0.0500000000000001));
#4060=CARTESIAN_POINT('',(-0.0125,0.225,-0.23));
#4061=CARTESIAN_POINT('',(-0.0125,0.225,-0.23));
#4062=CARTESIAN_POINT('',(-0.0875,0.225,-0.23));
#4063=CARTESIAN_POINT('',(-0.0875,0.225,-0.23));
#4064=CARTESIAN_POINT('',(-0.0875,0.02,0.));
#4065=CARTESIAN_POINT('',(-0.0125,-0.185,-0.23));
#4066=CARTESIAN_POINT('',(-0.0125,0.02,0.));
#4067=CARTESIAN_POINT('',(0.0875,0.225,-0.23));
#4068=CARTESIAN_POINT('',(0.0875,0.225,-0.23));
#4069=CARTESIAN_POINT('',(0.0125,0.225,-0.23));
#4070=CARTESIAN_POINT('',(0.0125,0.225,-0.23));
#4071=CARTESIAN_POINT('',(0.0125,0.02,0.));
#4072=CARTESIAN_POINT('',(0.0875,-0.185,-0.23));
#4073=CARTESIAN_POINT('',(0.0875,0.02,0.));
#4074=CARTESIAN_POINT('',(-0.1125,0.02,-0.025));
#4075=CARTESIAN_POINT('',(-0.109881823956162,0.012806620439397,-0.0223818239561616));
#4076=CARTESIAN_POINT('',(-0.105220595314676,0.,-0.017720595314676));
#4077=CARTESIAN_POINT('',(-0.105220595314676,0.,0.));
#4078=CARTESIAN_POINT('',(-0.105220595314676,0.,-0.00727940468532405));
#4079=CARTESIAN_POINT('',(-0.109881823956162,0.012806620439397,-0.00261817604383839));
#4080=CARTESIAN_POINT('',(-0.1125,0.02,0.));
#4081=CARTESIAN_POINT('',(0.,0.,-0.00727940468532405));
#4082=CARTESIAN_POINT('',(-0.0947794046853241,0.,-0.00727940468532405));
#4083=CARTESIAN_POINT('',(-0.0901181760438384,0.012806620439397,-0.00261817604383839));
#4084=CARTESIAN_POINT('',(-0.0875,0.02,0.));
#4085=CARTESIAN_POINT('',(-0.0947794046853241,0.,0.));
#4086=CARTESIAN_POINT('',(-0.0947794046853241,0.,-0.017720595314676));
#4087=CARTESIAN_POINT('',(-0.0901181760438384,0.012806620439397,-0.0223818239561616));
#4088=CARTESIAN_POINT('',(-0.0875,0.02,-0.025));
#4089=CARTESIAN_POINT('',(0.,0.,-0.017720595314676));
#4090=CARTESIAN_POINT('',(0.,0.,0.));
#4091=CARTESIAN_POINT('',(0.0875,0.02,-0.025));
#4092=CARTESIAN_POINT('',(0.0901181760438384,0.012806620439397,-0.0223818239561616));
#4093=CARTESIAN_POINT('',(0.094779404685324,0.,-0.017720595314676));
#4094=CARTESIAN_POINT('',(0.0947794046853241,0.,0.));
#4095=CARTESIAN_POINT('',(0.094779404685324,0.,-0.00727940468532405));
#4096=CARTESIAN_POINT('',(0.0901181760438384,0.012806620439397,-0.00261817604383839));
#4097=CARTESIAN_POINT('',(0.0875,0.02,0.));
#4098=CARTESIAN_POINT('',(0.2,0.,-0.00727940468532405));
#4099=CARTESIAN_POINT('',(0.105220595314676,0.,-0.00727940468532405));
#4100=CARTESIAN_POINT('',(0.109881823956162,0.012806620439397,-0.00261817604383839));
#4101=CARTESIAN_POINT('',(0.1125,0.02,0.));
#4102=CARTESIAN_POINT('',(0.105220595314676,0.,0.));
#4103=CARTESIAN_POINT('',(0.105220595314676,0.,-0.017720595314676));
#4104=CARTESIAN_POINT('',(0.109881823956162,0.012806620439397,-0.0223818239561616));
#4105=CARTESIAN_POINT('',(0.1125,0.02,-0.025));
#4106=CARTESIAN_POINT('',(0.2,0.,-0.017720595314676));
#4107=CARTESIAN_POINT('',(0.2,0.,0.));
#4108=CARTESIAN_POINT('',(-0.0125,0.02,-0.025));
#4109=CARTESIAN_POINT('',(-0.00988182395616161,0.012806620439397,-0.0223818239561616));
#4110=CARTESIAN_POINT('',(-0.00522059531467596,0.,-0.017720595314676));
#4111=CARTESIAN_POINT('',(-0.00522059531467594,0.,0.));
#4112=CARTESIAN_POINT('',(-0.00522059531467596,0.,-0.00727940468532405));
#4113=CARTESIAN_POINT('',(-0.00988182395616161,0.012806620439397,-0.00261817604383839));
#4114=CARTESIAN_POINT('',(-0.0125,0.02,0.));
#4115=CARTESIAN_POINT('',(0.1,0.,-0.00727940468532405));
#4116=CARTESIAN_POINT('',(0.00522059531467594,0.,-0.00727940468532405));
#4117=CARTESIAN_POINT('',(0.0098818239561616,0.012806620439397,-0.00261817604383839));
#4118=CARTESIAN_POINT('',(0.0125,0.02,0.));
#4119=CARTESIAN_POINT('',(0.00522059531467594,0.,0.));
#4120=CARTESIAN_POINT('',(0.00522059531467594,0.,-0.017720595314676));
#4121=CARTESIAN_POINT('',(0.0098818239561616,0.012806620439397,-0.0223818239561616));
#4122=CARTESIAN_POINT('',(0.0125,0.02,-0.025));
#4123=CARTESIAN_POINT('',(0.1,0.,-0.017720595314676));
#4124=CARTESIAN_POINT('',(0.1,0.,0.));
#4125=CARTESIAN_POINT('',(50.,0.229999999999997,20.));
#4126=CARTESIAN_POINT('',(0.,-1.38777878078145E-17,-0.23));
#4127=MECHANICAL_DESIGN_GEOMETRIC_PRESENTATION_REPRESENTATION('',(#2550,
#2551,#2552,#2553),#4128);
#4128=(
GEOMETRIC_REPRESENTATION_CONTEXT(3)
GLOBAL_UNCERTAINTY_ASSIGNED_CONTEXT((#4133))
GLOBAL_UNIT_ASSIGNED_CONTEXT((#4140,#4139,#4138))
REPRESENTATION_CONTEXT('TSM-103-01-L-SH-P-TR','TOP_LEVEL_ASSEMBLY_PART')
);
#4129=(
GEOMETRIC_REPRESENTATION_CONTEXT(3)
GLOBAL_UNCERTAINTY_ASSIGNED_CONTEXT((#4134))
GLOBAL_UNIT_ASSIGNED_CONTEXT((#4140,#4139,#4138))
REPRESENTATION_CONTEXT('TSM-103-01-SH_body','COMPONENT_PART')
);
#4130=(
GEOMETRIC_REPRESENTATION_CONTEXT(3)
GLOBAL_UNCERTAINTY_ASSIGNED_CONTEXT((#4135))
GLOBAL_UNIT_ASSIGNED_CONTEXT((#4140,#4139,#4138))
REPRESENTATION_CONTEXT('PPP-08-01-3--SH','COMPONENT_PART')
);
#4131=(
GEOMETRIC_REPRESENTATION_CONTEXT(3)
GLOBAL_UNCERTAINTY_ASSIGNED_CONTEXT((#4136))
GLOBAL_UNIT_ASSIGNED_CONTEXT((#4140,#4139,#4138))
REPRESENTATION_CONTEXT('T-1S6-08-L(-01-3-SH)','COMPONENT_PART')
);
#4132=(
GEOMETRIC_REPRESENTATION_CONTEXT(3)
GLOBAL_UNCERTAINTY_ASSIGNED_CONTEXT((#4137))
GLOBAL_UNIT_ASSIGNED_CONTEXT((#4140,#4139,#4138))
REPRESENTATION_CONTEXT('T-1S6-08-L(-01-3-SH)2','COMPONENT_PART')
);
#4133=UNCERTAINTY_MEASURE_WITH_UNIT(LENGTH_MEASURE(3.93700787401575E-7),
#4140,'DISTANCE_ACCURACY_VALUE','Maximum Tolerance applied to model');
#4134=UNCERTAINTY_MEASURE_WITH_UNIT(LENGTH_MEASURE(3.93700787401575E-7),
#4140,'DISTANCE_ACCURACY_VALUE','Maximum Tolerance applied to model');
#4135=UNCERTAINTY_MEASURE_WITH_UNIT(LENGTH_MEASURE(3.93700787401575E-7),
#4140,'DISTANCE_ACCURACY_VALUE','Maximum Tolerance applied to model');
#4136=UNCERTAINTY_MEASURE_WITH_UNIT(LENGTH_MEASURE(3.93700787401575E-7),
#4140,'DISTANCE_ACCURACY_VALUE','Maximum Tolerance applied to model');
#4137=UNCERTAINTY_MEASURE_WITH_UNIT(LENGTH_MEASURE(3.93700787401575E-7),
#4140,'DISTANCE_ACCURACY_VALUE','Maximum Tolerance applied to model');
#4138=(
NAMED_UNIT(*)
SI_UNIT($,.STERADIAN.)
SOLID_ANGLE_UNIT()
);
#4139=(
NAMED_UNIT(*)
PLANE_ANGLE_UNIT()
SI_UNIT($,.RADIAN.)
);
#4140=(
CONVERSION_BASED_UNIT('INCH',#4142)
LENGTH_UNIT()
NAMED_UNIT(#4141)
);
#4141=DIMENSIONAL_EXPONENTS(1.,0.,0.,0.,0.,0.,0.);
#4142=LENGTH_MEASURE_WITH_UNIT(LENGTH_MEASURE(25.4),#4143);
#4143=(
LENGTH_UNIT()
NAMED_UNIT(*)
SI_UNIT(.MILLI.,.METRE.)
);
#4144=PRODUCT_DEFINITION_SHAPE('','',#4153);
#4145=PRODUCT_DEFINITION_SHAPE('','',#4154);
#4146=PRODUCT_DEFINITION_SHAPE(' ','NAUO PRDDFN',#58);
#4147=PRODUCT_DEFINITION_SHAPE('','',#4155);
#4148=PRODUCT_DEFINITION_SHAPE(' ','NAUO PRDDFN',#59);
#4149=PRODUCT_DEFINITION_SHAPE('','',#4156);
#4150=PRODUCT_DEFINITION_SHAPE(' ','NAUO PRDDFN',#60);
#4151=PRODUCT_DEFINITION_SHAPE('','',#4157);
#4152=PRODUCT_DEFINITION_SHAPE(' ','NAUO PRDDFN',#61);
#4153=PRODUCT_DEFINITION('','',#4163,#4158);
#4154=PRODUCT_DEFINITION('','',#4164,#4159);
#4155=PRODUCT_DEFINITION('','',#4165,#4160);
#4156=PRODUCT_DEFINITION('','',#4166,#4161);
#4157=PRODUCT_DEFINITION('','',#4167,#4162);
#4158=PRODUCT_DEFINITION_CONTEXT('',#4189,'design');
#4159=PRODUCT_DEFINITION_CONTEXT('',#4189,'design');
#4160=PRODUCT_DEFINITION_CONTEXT('',#4189,'design');
#4161=PRODUCT_DEFINITION_CONTEXT('',#4189,'design');
#4162=PRODUCT_DEFINITION_CONTEXT('',#4189,'design');
#4163=PRODUCT_DEFINITION_FORMATION_WITH_SPECIFIED_SOURCE('','',#4173,
 .NOT_KNOWN.);
#4164=PRODUCT_DEFINITION_FORMATION_WITH_SPECIFIED_SOURCE('','',#4174,
 .NOT_KNOWN.);
#4165=PRODUCT_DEFINITION_FORMATION_WITH_SPECIFIED_SOURCE('','',#4175,
 .NOT_KNOWN.);
#4166=PRODUCT_DEFINITION_FORMATION_WITH_SPECIFIED_SOURCE('','',#4176,
 .NOT_KNOWN.);
#4167=PRODUCT_DEFINITION_FORMATION_WITH_SPECIFIED_SOURCE('','',#4177,
 .NOT_KNOWN.);
#4168=PRODUCT_RELATED_PRODUCT_CATEGORY('','',(#4173));
#4169=PRODUCT_RELATED_PRODUCT_CATEGORY('','',(#4174));
#4170=PRODUCT_RELATED_PRODUCT_CATEGORY('','',(#4175));
#4171=PRODUCT_RELATED_PRODUCT_CATEGORY('','',(#4176));
#4172=PRODUCT_RELATED_PRODUCT_CATEGORY('','',(#4177));
#4173=PRODUCT('TSM-103-01-L-SH-P-TR','TSM-103-01-L-SH-P-TR',
'TSM-103-01-L-SH-P-TR',(#4183));
#4174=PRODUCT('TSM-103-01-SH_body','TSM-103-01-SH_body',
'TSM-103-01-SH_body',(#4184));
#4175=PRODUCT('PPP-08-01-3--SH','PPP-08-01-3--SH','PPP-08-01-3--SH',(#4185));
#4176=PRODUCT('T-1S6-08-L(-01-3-SH)','T-1S6-08-L(-01-3-SH)',
'T-1S6-08-L(-01-3-SH)',(#4186));
#4177=PRODUCT('T-1S6-08-L(-01-3-SH)2','T-1S6-08-L(-01-3-SH)2',
'T-1S6-08-L(-01-3-SH)2',(#4187));
#4178=PRODUCT_CATEGORY('','');
#4179=PRODUCT_CATEGORY('','');
#4180=PRODUCT_CATEGORY('','');
#4181=PRODUCT_CATEGORY('','');
#4182=PRODUCT_CATEGORY('','');
#4183=PRODUCT_CONTEXT('',#4189,'mechanical');
#4184=PRODUCT_CONTEXT('',#4189,'mechanical');
#4185=PRODUCT_CONTEXT('',#4189,'mechanical');
#4186=PRODUCT_CONTEXT('',#4189,'mechanical');
#4187=PRODUCT_CONTEXT('',#4189,'mechanical');
#4188=APPLICATION_PROTOCOL_DEFINITION('international standard',
'automotive_design',2010,#4189);
#4189=APPLICATION_CONTEXT(
'core data for automotive mechanical design processes');
ENDSEC;
END-ISO-10303-21;
