ISO-10303-21;
HEADER;
/* Generated by software containing ST-Developer
 * from STEP Tools, Inc. (www.steptools.com) 
 */
/* OPTION: using custom renumber hook */

FILE_DESCRIPTION(
/* description */ ('STEP AP214'),
/* implementation_level */ '2;1');

FILE_NAME(
/* name */ 'TSM-102-01-L-SH-P-TR',
/* time_stamp */ '2026-07-24T12:21:06+02:00',
/* author */ ('License CC BY-ND 4.0'),
/* organization */ ('CADENAS'),
/* preprocessor_version */ 'ST-DEVELOPER v20',
/* originating_system */ 'PARTsolutions',
/* authorisation */ '  ');

FILE_SCHEMA (('AUTOMOTIVE_DESIGN {1 0 10303 214 3 1 1}'));
ENDSEC;

DATA;
#10=PROPERTY_DEFINITION_REPRESENTATION(#14,#12);
#11=PROPERTY_DEFINITION_REPRESENTATION(#15,#13);
#12=REPRESENTATION('',(#16),#3000);
#13=REPRESENTATION('',(#17),#3000);
#14=PROPERTY_DEFINITION('pmi validation property','',#3016);
#15=PROPERTY_DEFINITION('pmi validation property','',#3016);
#16=VALUE_REPRESENTATION_ITEM('number of annotations',COUNT_MEASURE(0.));
#17=VALUE_REPRESENTATION_ITEM('number of views',COUNT_MEASURE(0.));
#18=CYLINDRICAL_SURFACE('',#1975,0.025);
#19=CYLINDRICAL_SURFACE('',#1978,0.0500000000000001);
#20=CYLINDRICAL_SURFACE('',#1980,0.025);
#21=CYLINDRICAL_SURFACE('',#1983,0.0500000000000001);
#22=CYLINDRICAL_SURFACE('',#1987,0.025);
#23=CYLINDRICAL_SURFACE('',#1990,0.0500000000000001);
#24=CYLINDRICAL_SURFACE('',#1992,0.025);
#25=CYLINDRICAL_SURFACE('',#1995,0.0500000000000001);
#26=CIRCLE('',#1964,0.025);
#27=CIRCLE('',#1965,0.0500000000000001);
#28=CIRCLE('',#1966,0.025);
#29=CIRCLE('',#1967,0.0500000000000001);
#30=CIRCLE('',#1969,0.0500000000000001);
#31=CIRCLE('',#1970,0.025);
#32=CIRCLE('',#1971,0.0500000000000001);
#33=CIRCLE('',#1972,0.025);
#34=CIRCLE('',#1976,0.025);
#35=CIRCLE('',#1979,0.0500000000000001);
#36=CIRCLE('',#1981,0.025);
#37=CIRCLE('',#1984,0.0500000000000001);
#38=CIRCLE('',#1988,0.025);
#39=CIRCLE('',#1991,0.0500000000000001);
#40=CIRCLE('',#1993,0.025);
#41=CIRCLE('',#1996,0.0500000000000001);
#42=CONTEXT_DEPENDENT_SHAPE_REPRESENTATION(#50,#3018);
#43=CONTEXT_DEPENDENT_SHAPE_REPRESENTATION(#51,#3020);
#44=CONTEXT_DEPENDENT_SHAPE_REPRESENTATION(#52,#3022);
#45=CONTEXT_DEPENDENT_SHAPE_REPRESENTATION(#53,#3024);
#46=NEXT_ASSEMBLY_USAGE_OCCURRENCE('NAUO1','TSM-102-01-SH_body',
'TSM-102-01-SH_body',#3025,#3026,'');
#47=NEXT_ASSEMBLY_USAGE_OCCURRENCE('NAUO2','PPP-08-01-2--SH',
'PPP-08-01-2--SH',#3025,#3027,'');
#48=NEXT_ASSEMBLY_USAGE_OCCURRENCE('NAUO3','T-1S6-08-L(-01-2-SH)',
'T-1S6-08-L(-01-2-SH)',#3025,#3028,'');
#49=NEXT_ASSEMBLY_USAGE_OCCURRENCE('NAUO4','T-1S6-08-L(-01-2-SH)2',
'T-1S6-08-L(-01-2-SH)2',#3025,#3029,'');
#50=(
REPRESENTATION_RELATIONSHIP(' ',' ',#1887,#1886)
REPRESENTATION_RELATIONSHIP_WITH_TRANSFORMATION(#54)
SHAPE_REPRESENTATION_RELATIONSHIP()
);
#51=(
REPRESENTATION_RELATIONSHIP(' ',' ',#1888,#1886)
REPRESENTATION_RELATIONSHIP_WITH_TRANSFORMATION(#55)
SHAPE_REPRESENTATION_RELATIONSHIP()
);
#52=(
REPRESENTATION_RELATIONSHIP(' ',' ',#1889,#1886)
REPRESENTATION_RELATIONSHIP_WITH_TRANSFORMATION(#56)
SHAPE_REPRESENTATION_RELATIONSHIP()
);
#53=(
REPRESENTATION_RELATIONSHIP(' ',' ',#1890,#1886)
REPRESENTATION_RELATIONSHIP_WITH_TRANSFORMATION(#57)
SHAPE_REPRESENTATION_RELATIONSHIP()
);
#54=ITEM_DEFINED_TRANSFORMATION(' ',' ',#1891,#1914);
#55=ITEM_DEFINED_TRANSFORMATION(' ',' ',#1891,#1941);
#56=ITEM_DEFINED_TRANSFORMATION(' ',' ',#1891,#1960);
#57=ITEM_DEFINED_TRANSFORMATION(' ',' ',#1891,#2011);
#58=SHAPE_REPRESENTATION_RELATIONSHIP('','',#1887,#62);
#59=SHAPE_REPRESENTATION_RELATIONSHIP('','',#1888,#63);
#60=SHAPE_REPRESENTATION_RELATIONSHIP('','',#1889,#64);
#61=SHAPE_REPRESENTATION_RELATIONSHIP('','',#1890,#65);
#62=ADVANCED_BREP_SHAPE_REPRESENTATION('',(#1877),#3001);
#63=ADVANCED_BREP_SHAPE_REPRESENTATION('',(#1878),#3002);
#64=ADVANCED_BREP_SHAPE_REPRESENTATION('',(#1879),#3003);
#65=ADVANCED_BREP_SHAPE_REPRESENTATION('',(#1880),#3004);
#66=ORIENTED_EDGE('',*,*,#562,.F.);
#67=ORIENTED_EDGE('',*,*,#563,.F.);
#68=ORIENTED_EDGE('',*,*,#564,.T.);
#69=ORIENTED_EDGE('',*,*,#565,.T.);
#70=ORIENTED_EDGE('',*,*,#566,.F.);
#71=ORIENTED_EDGE('',*,*,#567,.F.);
#72=ORIENTED_EDGE('',*,*,#568,.F.);
#73=ORIENTED_EDGE('',*,*,#569,.T.);
#74=ORIENTED_EDGE('',*,*,#570,.F.);
#75=ORIENTED_EDGE('',*,*,#571,.F.);
#76=ORIENTED_EDGE('',*,*,#572,.F.);
#77=ORIENTED_EDGE('',*,*,#573,.F.);
#78=ORIENTED_EDGE('',*,*,#574,.F.);
#79=ORIENTED_EDGE('',*,*,#575,.T.);
#80=ORIENTED_EDGE('',*,*,#576,.T.);
#81=ORIENTED_EDGE('',*,*,#577,.T.);
#82=ORIENTED_EDGE('',*,*,#578,.F.);
#83=ORIENTED_EDGE('',*,*,#579,.F.);
#84=ORIENTED_EDGE('',*,*,#580,.F.);
#85=ORIENTED_EDGE('',*,*,#581,.F.);
#86=ORIENTED_EDGE('',*,*,#563,.T.);
#87=ORIENTED_EDGE('',*,*,#582,.F.);
#88=ORIENTED_EDGE('',*,*,#583,.T.);
#89=ORIENTED_EDGE('',*,*,#584,.T.);
#90=ORIENTED_EDGE('',*,*,#585,.F.);
#91=ORIENTED_EDGE('',*,*,#586,.F.);
#92=ORIENTED_EDGE('',*,*,#587,.F.);
#93=ORIENTED_EDGE('',*,*,#588,.F.);
#94=ORIENTED_EDGE('',*,*,#589,.F.);
#95=ORIENTED_EDGE('',*,*,#571,.T.);
#96=ORIENTED_EDGE('',*,*,#590,.T.);
#97=ORIENTED_EDGE('',*,*,#591,.T.);
#98=ORIENTED_EDGE('',*,*,#592,.T.);
#99=ORIENTED_EDGE('',*,*,#593,.T.);
#100=ORIENTED_EDGE('',*,*,#594,.T.);
#101=ORIENTED_EDGE('',*,*,#595,.T.);
#102=ORIENTED_EDGE('',*,*,#596,.F.);
#103=ORIENTED_EDGE('',*,*,#565,.F.);
#104=ORIENTED_EDGE('',*,*,#597,.F.);
#105=ORIENTED_EDGE('',*,*,#598,.F.);
#106=ORIENTED_EDGE('',*,*,#599,.T.);
#107=ORIENTED_EDGE('',*,*,#600,.T.);
#108=ORIENTED_EDGE('',*,*,#601,.T.);
#109=ORIENTED_EDGE('',*,*,#602,.T.);
#110=ORIENTED_EDGE('',*,*,#569,.F.);
#111=ORIENTED_EDGE('',*,*,#603,.T.);
#112=ORIENTED_EDGE('',*,*,#604,.F.);
#113=ORIENTED_EDGE('',*,*,#605,.F.);
#114=ORIENTED_EDGE('',*,*,#606,.F.);
#115=ORIENTED_EDGE('',*,*,#598,.T.);
#116=ORIENTED_EDGE('',*,*,#607,.F.);
#117=ORIENTED_EDGE('',*,*,#583,.F.);
#118=ORIENTED_EDGE('',*,*,#608,.F.);
#119=ORIENTED_EDGE('',*,*,#591,.F.);
#120=ORIENTED_EDGE('',*,*,#609,.T.);
#121=ORIENTED_EDGE('',*,*,#604,.T.);
#122=ORIENTED_EDGE('',*,*,#597,.T.);
#123=ORIENTED_EDGE('',*,*,#564,.F.);
#124=ORIENTED_EDGE('',*,*,#584,.F.);
#125=ORIENTED_EDGE('',*,*,#607,.T.);
#126=ORIENTED_EDGE('',*,*,#599,.F.);
#127=ORIENTED_EDGE('',*,*,#610,.F.);
#128=ORIENTED_EDGE('',*,*,#585,.T.);
#129=ORIENTED_EDGE('',*,*,#611,.T.);
#130=ORIENTED_EDGE('',*,*,#602,.F.);
#131=ORIENTED_EDGE('',*,*,#612,.F.);
#132=ORIENTED_EDGE('',*,*,#586,.T.);
#133=ORIENTED_EDGE('',*,*,#610,.T.);
#134=ORIENTED_EDGE('',*,*,#601,.F.);
#135=ORIENTED_EDGE('',*,*,#613,.F.);
#136=ORIENTED_EDGE('',*,*,#587,.T.);
#137=ORIENTED_EDGE('',*,*,#612,.T.);
#138=ORIENTED_EDGE('',*,*,#592,.F.);
#139=ORIENTED_EDGE('',*,*,#614,.F.);
#140=ORIENTED_EDGE('',*,*,#578,.T.);
#141=ORIENTED_EDGE('',*,*,#615,.T.);
#142=ORIENTED_EDGE('',*,*,#595,.F.);
#143=ORIENTED_EDGE('',*,*,#616,.F.);
#144=ORIENTED_EDGE('',*,*,#579,.T.);
#145=ORIENTED_EDGE('',*,*,#614,.T.);
#146=ORIENTED_EDGE('',*,*,#594,.F.);
#147=ORIENTED_EDGE('',*,*,#617,.F.);
#148=ORIENTED_EDGE('',*,*,#580,.T.);
#149=ORIENTED_EDGE('',*,*,#616,.T.);
#150=ORIENTED_EDGE('',*,*,#600,.F.);
#151=ORIENTED_EDGE('',*,*,#611,.F.);
#152=ORIENTED_EDGE('',*,*,#588,.T.);
#153=ORIENTED_EDGE('',*,*,#613,.T.);
#154=ORIENTED_EDGE('',*,*,#593,.F.);
#155=ORIENTED_EDGE('',*,*,#615,.F.);
#156=ORIENTED_EDGE('',*,*,#581,.T.);
#157=ORIENTED_EDGE('',*,*,#617,.T.);
#158=ORIENTED_EDGE('',*,*,#605,.T.);
#159=ORIENTED_EDGE('',*,*,#609,.F.);
#160=ORIENTED_EDGE('',*,*,#590,.F.);
#161=ORIENTED_EDGE('',*,*,#570,.T.);
#162=ORIENTED_EDGE('',*,*,#582,.T.);
#163=ORIENTED_EDGE('',*,*,#562,.T.);
#164=ORIENTED_EDGE('',*,*,#618,.F.);
#165=ORIENTED_EDGE('',*,*,#574,.T.);
#166=ORIENTED_EDGE('',*,*,#619,.T.);
#167=ORIENTED_EDGE('',*,*,#566,.T.);
#168=ORIENTED_EDGE('',*,*,#596,.T.);
#169=ORIENTED_EDGE('',*,*,#606,.T.);
#170=ORIENTED_EDGE('',*,*,#608,.T.);
#171=ORIENTED_EDGE('',*,*,#603,.F.);
#172=ORIENTED_EDGE('',*,*,#568,.T.);
#173=ORIENTED_EDGE('',*,*,#620,.F.);
#174=ORIENTED_EDGE('',*,*,#576,.F.);
#175=ORIENTED_EDGE('',*,*,#621,.T.);
#176=ORIENTED_EDGE('',*,*,#572,.T.);
#177=ORIENTED_EDGE('',*,*,#589,.T.);
#178=ORIENTED_EDGE('',*,*,#567,.T.);
#179=ORIENTED_EDGE('',*,*,#619,.F.);
#180=ORIENTED_EDGE('',*,*,#577,.F.);
#181=ORIENTED_EDGE('',*,*,#620,.T.);
#182=ORIENTED_EDGE('',*,*,#573,.T.);
#183=ORIENTED_EDGE('',*,*,#621,.F.);
#184=ORIENTED_EDGE('',*,*,#575,.F.);
#185=ORIENTED_EDGE('',*,*,#618,.T.);
#186=ORIENTED_EDGE('',*,*,#622,.T.);
#187=ORIENTED_EDGE('',*,*,#623,.F.);
#188=ORIENTED_EDGE('',*,*,#624,.F.);
#189=ORIENTED_EDGE('',*,*,#625,.T.);
#190=ORIENTED_EDGE('',*,*,#626,.T.);
#191=ORIENTED_EDGE('',*,*,#627,.F.);
#192=ORIENTED_EDGE('',*,*,#628,.F.);
#193=ORIENTED_EDGE('',*,*,#623,.T.);
#194=ORIENTED_EDGE('',*,*,#629,.T.);
#195=ORIENTED_EDGE('',*,*,#630,.T.);
#196=ORIENTED_EDGE('',*,*,#631,.T.);
#197=ORIENTED_EDGE('',*,*,#632,.T.);
#198=ORIENTED_EDGE('',*,*,#633,.T.);
#199=ORIENTED_EDGE('',*,*,#634,.T.);
#200=ORIENTED_EDGE('',*,*,#635,.T.);
#201=ORIENTED_EDGE('',*,*,#636,.T.);
#202=ORIENTED_EDGE('',*,*,#637,.T.);
#203=ORIENTED_EDGE('',*,*,#638,.T.);
#204=ORIENTED_EDGE('',*,*,#639,.T.);
#205=ORIENTED_EDGE('',*,*,#640,.T.);
#206=ORIENTED_EDGE('',*,*,#641,.T.);
#207=ORIENTED_EDGE('',*,*,#642,.T.);
#208=ORIENTED_EDGE('',*,*,#643,.T.);
#209=ORIENTED_EDGE('',*,*,#644,.T.);
#210=ORIENTED_EDGE('',*,*,#645,.T.);
#211=ORIENTED_EDGE('',*,*,#646,.F.);
#212=ORIENTED_EDGE('',*,*,#647,.F.);
#213=ORIENTED_EDGE('',*,*,#627,.T.);
#214=ORIENTED_EDGE('',*,*,#648,.T.);
#215=ORIENTED_EDGE('',*,*,#625,.F.);
#216=ORIENTED_EDGE('',*,*,#649,.F.);
#217=ORIENTED_EDGE('',*,*,#646,.T.);
#218=ORIENTED_EDGE('',*,*,#624,.T.);
#219=ORIENTED_EDGE('',*,*,#628,.T.);
#220=ORIENTED_EDGE('',*,*,#647,.T.);
#221=ORIENTED_EDGE('',*,*,#649,.T.);
#222=ORIENTED_EDGE('',*,*,#622,.F.);
#223=ORIENTED_EDGE('',*,*,#648,.F.);
#224=ORIENTED_EDGE('',*,*,#645,.F.);
#225=ORIENTED_EDGE('',*,*,#626,.F.);
#226=ORIENTED_EDGE('',*,*,#642,.F.);
#227=ORIENTED_EDGE('',*,*,#650,.F.);
#228=ORIENTED_EDGE('',*,*,#651,.T.);
#229=ORIENTED_EDGE('',*,*,#652,.T.);
#230=ORIENTED_EDGE('',*,*,#643,.F.);
#231=ORIENTED_EDGE('',*,*,#652,.F.);
#232=ORIENTED_EDGE('',*,*,#653,.T.);
#233=ORIENTED_EDGE('',*,*,#654,.T.);
#234=ORIENTED_EDGE('',*,*,#644,.F.);
#235=ORIENTED_EDGE('',*,*,#654,.F.);
#236=ORIENTED_EDGE('',*,*,#655,.T.);
#237=ORIENTED_EDGE('',*,*,#656,.T.);
#238=ORIENTED_EDGE('',*,*,#641,.F.);
#239=ORIENTED_EDGE('',*,*,#656,.F.);
#240=ORIENTED_EDGE('',*,*,#657,.T.);
#241=ORIENTED_EDGE('',*,*,#650,.T.);
#242=ORIENTED_EDGE('',*,*,#651,.F.);
#243=ORIENTED_EDGE('',*,*,#657,.F.);
#244=ORIENTED_EDGE('',*,*,#655,.F.);
#245=ORIENTED_EDGE('',*,*,#653,.F.);
#246=ORIENTED_EDGE('',*,*,#638,.F.);
#247=ORIENTED_EDGE('',*,*,#658,.F.);
#248=ORIENTED_EDGE('',*,*,#659,.T.);
#249=ORIENTED_EDGE('',*,*,#660,.T.);
#250=ORIENTED_EDGE('',*,*,#639,.F.);
#251=ORIENTED_EDGE('',*,*,#660,.F.);
#252=ORIENTED_EDGE('',*,*,#661,.T.);
#253=ORIENTED_EDGE('',*,*,#662,.T.);
#254=ORIENTED_EDGE('',*,*,#640,.F.);
#255=ORIENTED_EDGE('',*,*,#662,.F.);
#256=ORIENTED_EDGE('',*,*,#663,.T.);
#257=ORIENTED_EDGE('',*,*,#664,.T.);
#258=ORIENTED_EDGE('',*,*,#637,.F.);
#259=ORIENTED_EDGE('',*,*,#664,.F.);
#260=ORIENTED_EDGE('',*,*,#665,.T.);
#261=ORIENTED_EDGE('',*,*,#658,.T.);
#262=ORIENTED_EDGE('',*,*,#659,.F.);
#263=ORIENTED_EDGE('',*,*,#665,.F.);
#264=ORIENTED_EDGE('',*,*,#663,.F.);
#265=ORIENTED_EDGE('',*,*,#661,.F.);
#266=ORIENTED_EDGE('',*,*,#634,.F.);
#267=ORIENTED_EDGE('',*,*,#666,.F.);
#268=ORIENTED_EDGE('',*,*,#667,.T.);
#269=ORIENTED_EDGE('',*,*,#668,.T.);
#270=ORIENTED_EDGE('',*,*,#635,.F.);
#271=ORIENTED_EDGE('',*,*,#668,.F.);
#272=ORIENTED_EDGE('',*,*,#669,.T.);
#273=ORIENTED_EDGE('',*,*,#670,.T.);
#274=ORIENTED_EDGE('',*,*,#636,.F.);
#275=ORIENTED_EDGE('',*,*,#670,.F.);
#276=ORIENTED_EDGE('',*,*,#671,.T.);
#277=ORIENTED_EDGE('',*,*,#672,.T.);
#278=ORIENTED_EDGE('',*,*,#633,.F.);
#279=ORIENTED_EDGE('',*,*,#672,.F.);
#280=ORIENTED_EDGE('',*,*,#673,.T.);
#281=ORIENTED_EDGE('',*,*,#666,.T.);
#282=ORIENTED_EDGE('',*,*,#667,.F.);
#283=ORIENTED_EDGE('',*,*,#673,.F.);
#284=ORIENTED_EDGE('',*,*,#671,.F.);
#285=ORIENTED_EDGE('',*,*,#669,.F.);
#286=ORIENTED_EDGE('',*,*,#630,.F.);
#287=ORIENTED_EDGE('',*,*,#674,.F.);
#288=ORIENTED_EDGE('',*,*,#675,.T.);
#289=ORIENTED_EDGE('',*,*,#676,.T.);
#290=ORIENTED_EDGE('',*,*,#631,.F.);
#291=ORIENTED_EDGE('',*,*,#676,.F.);
#292=ORIENTED_EDGE('',*,*,#677,.T.);
#293=ORIENTED_EDGE('',*,*,#678,.T.);
#294=ORIENTED_EDGE('',*,*,#632,.F.);
#295=ORIENTED_EDGE('',*,*,#678,.F.);
#296=ORIENTED_EDGE('',*,*,#679,.T.);
#297=ORIENTED_EDGE('',*,*,#680,.T.);
#298=ORIENTED_EDGE('',*,*,#629,.F.);
#299=ORIENTED_EDGE('',*,*,#680,.F.);
#300=ORIENTED_EDGE('',*,*,#681,.T.);
#301=ORIENTED_EDGE('',*,*,#674,.T.);
#302=ORIENTED_EDGE('',*,*,#675,.F.);
#303=ORIENTED_EDGE('',*,*,#681,.F.);
#304=ORIENTED_EDGE('',*,*,#679,.F.);
#305=ORIENTED_EDGE('',*,*,#677,.F.);
#306=ORIENTED_EDGE('',*,*,#682,.F.);
#307=ORIENTED_EDGE('',*,*,#683,.T.);
#308=ORIENTED_EDGE('',*,*,#684,.F.);
#309=ORIENTED_EDGE('',*,*,#685,.T.);
#310=ORIENTED_EDGE('',*,*,#686,.T.);
#311=ORIENTED_EDGE('',*,*,#687,.T.);
#312=ORIENTED_EDGE('',*,*,#688,.F.);
#313=ORIENTED_EDGE('',*,*,#689,.F.);
#314=ORIENTED_EDGE('',*,*,#690,.F.);
#315=ORIENTED_EDGE('',*,*,#691,.F.);
#316=ORIENTED_EDGE('',*,*,#692,.T.);
#317=ORIENTED_EDGE('',*,*,#693,.T.);
#318=ORIENTED_EDGE('',*,*,#694,.T.);
#319=ORIENTED_EDGE('',*,*,#695,.T.);
#320=ORIENTED_EDGE('',*,*,#696,.T.);
#321=ORIENTED_EDGE('',*,*,#697,.T.);
#322=ORIENTED_EDGE('',*,*,#691,.T.);
#323=ORIENTED_EDGE('',*,*,#698,.T.);
#324=ORIENTED_EDGE('',*,*,#689,.T.);
#325=ORIENTED_EDGE('',*,*,#699,.T.);
#326=ORIENTED_EDGE('',*,*,#700,.F.);
#327=ORIENTED_EDGE('',*,*,#697,.F.);
#328=ORIENTED_EDGE('',*,*,#701,.F.);
#329=ORIENTED_EDGE('',*,*,#683,.F.);
#330=ORIENTED_EDGE('',*,*,#702,.F.);
#331=ORIENTED_EDGE('',*,*,#695,.F.);
#332=ORIENTED_EDGE('',*,*,#703,.F.);
#333=ORIENTED_EDGE('',*,*,#685,.F.);
#334=ORIENTED_EDGE('',*,*,#703,.T.);
#335=ORIENTED_EDGE('',*,*,#694,.F.);
#336=ORIENTED_EDGE('',*,*,#704,.F.);
#337=ORIENTED_EDGE('',*,*,#686,.F.);
#338=ORIENTED_EDGE('',*,*,#704,.T.);
#339=ORIENTED_EDGE('',*,*,#693,.F.);
#340=ORIENTED_EDGE('',*,*,#705,.F.);
#341=ORIENTED_EDGE('',*,*,#687,.F.);
#342=ORIENTED_EDGE('',*,*,#701,.T.);
#343=ORIENTED_EDGE('',*,*,#706,.F.);
#344=ORIENTED_EDGE('',*,*,#707,.F.);
#345=ORIENTED_EDGE('',*,*,#708,.T.);
#346=ORIENTED_EDGE('',*,*,#696,.F.);
#347=ORIENTED_EDGE('',*,*,#709,.F.);
#348=ORIENTED_EDGE('',*,*,#710,.F.);
#349=ORIENTED_EDGE('',*,*,#706,.T.);
#350=ORIENTED_EDGE('',*,*,#702,.T.);
#351=ORIENTED_EDGE('',*,*,#711,.F.);
#352=ORIENTED_EDGE('',*,*,#712,.F.);
#353=ORIENTED_EDGE('',*,*,#709,.T.);
#354=ORIENTED_EDGE('',*,*,#684,.T.);
#355=ORIENTED_EDGE('',*,*,#708,.F.);
#356=ORIENTED_EDGE('',*,*,#713,.F.);
#357=ORIENTED_EDGE('',*,*,#711,.T.);
#358=ORIENTED_EDGE('',*,*,#707,.T.);
#359=ORIENTED_EDGE('',*,*,#710,.T.);
#360=ORIENTED_EDGE('',*,*,#712,.T.);
#361=ORIENTED_EDGE('',*,*,#713,.T.);
#362=ORIENTED_EDGE('',*,*,#705,.T.);
#363=ORIENTED_EDGE('',*,*,#714,.F.);
#364=ORIENTED_EDGE('',*,*,#715,.F.);
#365=ORIENTED_EDGE('',*,*,#716,.T.);
#366=ORIENTED_EDGE('',*,*,#692,.F.);
#367=ORIENTED_EDGE('',*,*,#717,.F.);
#368=ORIENTED_EDGE('',*,*,#718,.F.);
#369=ORIENTED_EDGE('',*,*,#714,.T.);
#370=ORIENTED_EDGE('',*,*,#699,.F.);
#371=ORIENTED_EDGE('',*,*,#719,.F.);
#372=ORIENTED_EDGE('',*,*,#720,.F.);
#373=ORIENTED_EDGE('',*,*,#717,.T.);
#374=ORIENTED_EDGE('',*,*,#688,.T.);
#375=ORIENTED_EDGE('',*,*,#716,.F.);
#376=ORIENTED_EDGE('',*,*,#721,.F.);
#377=ORIENTED_EDGE('',*,*,#719,.T.);
#378=ORIENTED_EDGE('',*,*,#715,.T.);
#379=ORIENTED_EDGE('',*,*,#718,.T.);
#380=ORIENTED_EDGE('',*,*,#720,.T.);
#381=ORIENTED_EDGE('',*,*,#721,.T.);
#382=ORIENTED_EDGE('',*,*,#690,.T.);
#383=ORIENTED_EDGE('',*,*,#700,.T.);
#384=ORIENTED_EDGE('',*,*,#682,.T.);
#385=ORIENTED_EDGE('',*,*,#698,.F.);
#386=ORIENTED_EDGE('',*,*,#722,.F.);
#387=ORIENTED_EDGE('',*,*,#723,.F.);
#388=ORIENTED_EDGE('',*,*,#724,.T.);
#389=ORIENTED_EDGE('',*,*,#725,.T.);
#390=ORIENTED_EDGE('',*,*,#726,.T.);
#391=ORIENTED_EDGE('',*,*,#727,.T.);
#392=ORIENTED_EDGE('',*,*,#728,.T.);
#393=ORIENTED_EDGE('',*,*,#729,.T.);
#394=ORIENTED_EDGE('',*,*,#730,.F.);
#395=ORIENTED_EDGE('',*,*,#731,.T.);
#396=ORIENTED_EDGE('',*,*,#732,.F.);
#397=ORIENTED_EDGE('',*,*,#733,.T.);
#398=ORIENTED_EDGE('',*,*,#734,.T.);
#399=ORIENTED_EDGE('',*,*,#735,.T.);
#400=ORIENTED_EDGE('',*,*,#736,.F.);
#401=ORIENTED_EDGE('',*,*,#737,.F.);
#402=ORIENTED_EDGE('',*,*,#723,.T.);
#403=ORIENTED_EDGE('',*,*,#738,.T.);
#404=ORIENTED_EDGE('',*,*,#737,.T.);
#405=ORIENTED_EDGE('',*,*,#739,.F.);
#406=ORIENTED_EDGE('',*,*,#740,.T.);
#407=ORIENTED_EDGE('',*,*,#741,.T.);
#408=ORIENTED_EDGE('',*,*,#742,.T.);
#409=ORIENTED_EDGE('',*,*,#743,.T.);
#410=ORIENTED_EDGE('',*,*,#744,.T.);
#411=ORIENTED_EDGE('',*,*,#745,.F.);
#412=ORIENTED_EDGE('',*,*,#746,.T.);
#413=ORIENTED_EDGE('',*,*,#747,.T.);
#414=ORIENTED_EDGE('',*,*,#748,.F.);
#415=ORIENTED_EDGE('',*,*,#729,.F.);
#416=ORIENTED_EDGE('',*,*,#749,.F.);
#417=ORIENTED_EDGE('',*,*,#750,.F.);
#418=ORIENTED_EDGE('',*,*,#751,.T.);
#419=ORIENTED_EDGE('',*,*,#752,.F.);
#420=ORIENTED_EDGE('',*,*,#753,.F.);
#421=ORIENTED_EDGE('',*,*,#754,.F.);
#422=ORIENTED_EDGE('',*,*,#755,.F.);
#423=ORIENTED_EDGE('',*,*,#756,.F.);
#424=ORIENTED_EDGE('',*,*,#757,.T.);
#425=ORIENTED_EDGE('',*,*,#731,.F.);
#426=ORIENTED_EDGE('',*,*,#758,.F.);
#427=ORIENTED_EDGE('',*,*,#759,.F.);
#428=ORIENTED_EDGE('',*,*,#760,.T.);
#429=ORIENTED_EDGE('',*,*,#754,.T.);
#430=ORIENTED_EDGE('',*,*,#761,.F.);
#431=ORIENTED_EDGE('',*,*,#762,.T.);
#432=ORIENTED_EDGE('',*,*,#763,.T.);
#433=ORIENTED_EDGE('',*,*,#752,.T.);
#434=ORIENTED_EDGE('',*,*,#764,.F.);
#435=ORIENTED_EDGE('',*,*,#761,.T.);
#436=ORIENTED_EDGE('',*,*,#751,.F.);
#437=ORIENTED_EDGE('',*,*,#765,.F.);
#438=ORIENTED_EDGE('',*,*,#766,.F.);
#439=ORIENTED_EDGE('',*,*,#767,.T.);
#440=ORIENTED_EDGE('',*,*,#765,.T.);
#441=ORIENTED_EDGE('',*,*,#750,.T.);
#442=ORIENTED_EDGE('',*,*,#728,.F.);
#443=ORIENTED_EDGE('',*,*,#768,.T.);
#444=ORIENTED_EDGE('',*,*,#766,.T.);
#445=ORIENTED_EDGE('',*,*,#749,.T.);
#446=ORIENTED_EDGE('',*,*,#769,.F.);
#447=ORIENTED_EDGE('',*,*,#732,.T.);
#448=ORIENTED_EDGE('',*,*,#757,.F.);
#449=ORIENTED_EDGE('',*,*,#770,.F.);
#450=ORIENTED_EDGE('',*,*,#771,.F.);
#451=ORIENTED_EDGE('',*,*,#772,.T.);
#452=ORIENTED_EDGE('',*,*,#770,.T.);
#453=ORIENTED_EDGE('',*,*,#756,.T.);
#454=ORIENTED_EDGE('',*,*,#760,.F.);
#455=ORIENTED_EDGE('',*,*,#773,.T.);
#456=ORIENTED_EDGE('',*,*,#771,.T.);
#457=ORIENTED_EDGE('',*,*,#755,.T.);
#458=ORIENTED_EDGE('',*,*,#774,.T.);
#459=ORIENTED_EDGE('',*,*,#775,.F.);
#460=ORIENTED_EDGE('',*,*,#776,.F.);
#461=ORIENTED_EDGE('',*,*,#742,.F.);
#462=ORIENTED_EDGE('',*,*,#777,.T.);
#463=ORIENTED_EDGE('',*,*,#778,.T.);
#464=ORIENTED_EDGE('',*,*,#779,.F.);
#465=ORIENTED_EDGE('',*,*,#744,.F.);
#466=ORIENTED_EDGE('',*,*,#780,.F.);
#467=ORIENTED_EDGE('',*,*,#781,.F.);
#468=ORIENTED_EDGE('',*,*,#745,.T.);
#469=ORIENTED_EDGE('',*,*,#779,.T.);
#470=ORIENTED_EDGE('',*,*,#781,.T.);
#471=ORIENTED_EDGE('',*,*,#782,.T.);
#472=ORIENTED_EDGE('',*,*,#783,.F.);
#473=ORIENTED_EDGE('',*,*,#746,.F.);
#474=ORIENTED_EDGE('',*,*,#783,.T.);
#475=ORIENTED_EDGE('',*,*,#784,.T.);
#476=ORIENTED_EDGE('',*,*,#724,.F.);
#477=ORIENTED_EDGE('',*,*,#747,.F.);
#478=ORIENTED_EDGE('',*,*,#785,.F.);
#479=ORIENTED_EDGE('',*,*,#786,.F.);
#480=ORIENTED_EDGE('',*,*,#739,.T.);
#481=ORIENTED_EDGE('',*,*,#736,.T.);
#482=ORIENTED_EDGE('',*,*,#786,.T.);
#483=ORIENTED_EDGE('',*,*,#787,.T.);
#484=ORIENTED_EDGE('',*,*,#788,.F.);
#485=ORIENTED_EDGE('',*,*,#740,.F.);
#486=ORIENTED_EDGE('',*,*,#788,.T.);
#487=ORIENTED_EDGE('',*,*,#789,.T.);
#488=ORIENTED_EDGE('',*,*,#774,.F.);
#489=ORIENTED_EDGE('',*,*,#741,.F.);
#490=ORIENTED_EDGE('',*,*,#790,.T.);
#491=ORIENTED_EDGE('',*,*,#734,.F.);
#492=ORIENTED_EDGE('',*,*,#791,.F.);
#493=ORIENTED_EDGE('',*,*,#726,.F.);
#494=ORIENTED_EDGE('',*,*,#762,.F.);
#495=ORIENTED_EDGE('',*,*,#764,.T.);
#496=ORIENTED_EDGE('',*,*,#767,.F.);
#497=ORIENTED_EDGE('',*,*,#768,.F.);
#498=ORIENTED_EDGE('',*,*,#727,.F.);
#499=ORIENTED_EDGE('',*,*,#791,.T.);
#500=ORIENTED_EDGE('',*,*,#733,.F.);
#501=ORIENTED_EDGE('',*,*,#769,.T.);
#502=ORIENTED_EDGE('',*,*,#772,.F.);
#503=ORIENTED_EDGE('',*,*,#773,.F.);
#504=ORIENTED_EDGE('',*,*,#759,.T.);
#505=ORIENTED_EDGE('',*,*,#792,.F.);
#506=ORIENTED_EDGE('',*,*,#775,.T.);
#507=ORIENTED_EDGE('',*,*,#789,.F.);
#508=ORIENTED_EDGE('',*,*,#787,.F.);
#509=ORIENTED_EDGE('',*,*,#785,.T.);
#510=ORIENTED_EDGE('',*,*,#735,.F.);
#511=ORIENTED_EDGE('',*,*,#790,.F.);
#512=ORIENTED_EDGE('',*,*,#725,.F.);
#513=ORIENTED_EDGE('',*,*,#784,.F.);
#514=ORIENTED_EDGE('',*,*,#782,.F.);
#515=ORIENTED_EDGE('',*,*,#780,.T.);
#516=ORIENTED_EDGE('',*,*,#778,.F.);
#517=ORIENTED_EDGE('',*,*,#793,.F.);
#518=ORIENTED_EDGE('',*,*,#753,.T.);
#519=ORIENTED_EDGE('',*,*,#794,.F.);
#520=ORIENTED_EDGE('',*,*,#795,.T.);
#521=ORIENTED_EDGE('',*,*,#796,.T.);
#522=ORIENTED_EDGE('',*,*,#758,.T.);
#523=ORIENTED_EDGE('',*,*,#796,.F.);
#524=ORIENTED_EDGE('',*,*,#797,.T.);
#525=ORIENTED_EDGE('',*,*,#798,.T.);
#526=ORIENTED_EDGE('',*,*,#792,.T.);
#527=ORIENTED_EDGE('',*,*,#798,.F.);
#528=ORIENTED_EDGE('',*,*,#799,.T.);
#529=ORIENTED_EDGE('',*,*,#800,.T.);
#530=ORIENTED_EDGE('',*,*,#763,.F.);
#531=ORIENTED_EDGE('',*,*,#800,.F.);
#532=ORIENTED_EDGE('',*,*,#801,.T.);
#533=ORIENTED_EDGE('',*,*,#794,.T.);
#534=ORIENTED_EDGE('',*,*,#795,.F.);
#535=ORIENTED_EDGE('',*,*,#801,.F.);
#536=ORIENTED_EDGE('',*,*,#799,.F.);
#537=ORIENTED_EDGE('',*,*,#797,.F.);
#538=ORIENTED_EDGE('',*,*,#793,.T.);
#539=ORIENTED_EDGE('',*,*,#802,.F.);
#540=ORIENTED_EDGE('',*,*,#803,.T.);
#541=ORIENTED_EDGE('',*,*,#804,.T.);
#542=ORIENTED_EDGE('',*,*,#776,.T.);
#543=ORIENTED_EDGE('',*,*,#804,.F.);
#544=ORIENTED_EDGE('',*,*,#805,.T.);
#545=ORIENTED_EDGE('',*,*,#806,.T.);
#546=ORIENTED_EDGE('',*,*,#743,.F.);
#547=ORIENTED_EDGE('',*,*,#806,.F.);
#548=ORIENTED_EDGE('',*,*,#807,.T.);
#549=ORIENTED_EDGE('',*,*,#808,.T.);
#550=ORIENTED_EDGE('',*,*,#777,.F.);
#551=ORIENTED_EDGE('',*,*,#808,.F.);
#552=ORIENTED_EDGE('',*,*,#809,.T.);
#553=ORIENTED_EDGE('',*,*,#802,.T.);
#554=ORIENTED_EDGE('',*,*,#803,.F.);
#555=ORIENTED_EDGE('',*,*,#809,.F.);
#556=ORIENTED_EDGE('',*,*,#807,.F.);
#557=ORIENTED_EDGE('',*,*,#805,.F.);
#558=ORIENTED_EDGE('',*,*,#722,.T.);
#559=ORIENTED_EDGE('',*,*,#748,.T.);
#560=ORIENTED_EDGE('',*,*,#730,.T.);
#561=ORIENTED_EDGE('',*,*,#738,.F.);
#562=EDGE_CURVE('',#810,#811,#970,.T.);
#563=EDGE_CURVE('',#812,#810,#971,.T.);
#564=EDGE_CURVE('',#812,#813,#972,.T.);
#565=EDGE_CURVE('',#813,#814,#973,.T.);
#566=EDGE_CURVE('',#815,#814,#974,.T.);
#567=EDGE_CURVE('',#816,#815,#975,.T.);
#568=EDGE_CURVE('',#817,#816,#976,.T.);
#569=EDGE_CURVE('',#817,#818,#977,.T.);
#570=EDGE_CURVE('',#819,#818,#978,.T.);
#571=EDGE_CURVE('',#820,#819,#979,.T.);
#572=EDGE_CURVE('',#821,#820,#980,.T.);
#573=EDGE_CURVE('',#811,#821,#981,.T.);
#574=EDGE_CURVE('',#822,#823,#982,.T.);
#575=EDGE_CURVE('',#822,#824,#983,.T.);
#576=EDGE_CURVE('',#824,#825,#984,.T.);
#577=EDGE_CURVE('',#825,#823,#985,.T.);
#578=EDGE_CURVE('',#826,#827,#986,.T.);
#579=EDGE_CURVE('',#828,#826,#987,.T.);
#580=EDGE_CURVE('',#829,#828,#988,.T.);
#581=EDGE_CURVE('',#827,#829,#989,.T.);
#582=EDGE_CURVE('',#830,#810,#990,.T.);
#583=EDGE_CURVE('',#830,#831,#991,.T.);
#584=EDGE_CURVE('',#831,#812,#992,.T.);
#585=EDGE_CURVE('',#832,#833,#993,.T.);
#586=EDGE_CURVE('',#834,#832,#994,.T.);
#587=EDGE_CURVE('',#835,#834,#995,.T.);
#588=EDGE_CURVE('',#833,#835,#996,.T.);
#589=EDGE_CURVE('',#820,#836,#997,.T.);
#590=EDGE_CURVE('',#819,#837,#998,.T.);
#591=EDGE_CURVE('',#837,#836,#999,.T.);
#592=EDGE_CURVE('',#838,#839,#1000,.T.);
#593=EDGE_CURVE('',#839,#840,#1001,.T.);
#594=EDGE_CURVE('',#840,#841,#1002,.T.);
#595=EDGE_CURVE('',#841,#838,#1003,.T.);
#596=EDGE_CURVE('',#814,#842,#1004,.T.);
#597=EDGE_CURVE('',#843,#813,#1005,.T.);
#598=EDGE_CURVE('',#842,#843,#1006,.T.);
#599=EDGE_CURVE('',#844,#845,#1007,.T.);
#600=EDGE_CURVE('',#845,#846,#1008,.T.);
#601=EDGE_CURVE('',#846,#847,#1009,.T.);
#602=EDGE_CURVE('',#847,#844,#1010,.T.);
#603=EDGE_CURVE('',#817,#848,#1011,.T.);
#604=EDGE_CURVE('',#849,#848,#1012,.T.);
#605=EDGE_CURVE('',#818,#849,#1013,.T.);
#606=EDGE_CURVE('',#842,#830,#1014,.T.);
#607=EDGE_CURVE('',#831,#843,#1015,.T.);
#608=EDGE_CURVE('',#836,#848,#1016,.T.);
#609=EDGE_CURVE('',#837,#849,#1017,.T.);
#610=EDGE_CURVE('',#832,#844,#1018,.T.);
#611=EDGE_CURVE('',#833,#845,#1019,.T.);
#612=EDGE_CURVE('',#834,#847,#1020,.T.);
#613=EDGE_CURVE('',#835,#846,#1021,.T.);
#614=EDGE_CURVE('',#826,#838,#1022,.T.);
#615=EDGE_CURVE('',#827,#839,#1023,.T.);
#616=EDGE_CURVE('',#828,#841,#1024,.T.);
#617=EDGE_CURVE('',#829,#840,#1025,.T.);
#618=EDGE_CURVE('',#822,#811,#1026,.T.);
#619=EDGE_CURVE('',#823,#815,#1027,.T.);
#620=EDGE_CURVE('',#825,#816,#1028,.T.);
#621=EDGE_CURVE('',#824,#821,#1029,.T.);
#622=EDGE_CURVE('',#850,#851,#1030,.T.);
#623=EDGE_CURVE('',#852,#851,#1031,.T.);
#624=EDGE_CURVE('',#853,#852,#1032,.T.);
#625=EDGE_CURVE('',#853,#850,#1033,.T.);
#626=EDGE_CURVE('',#851,#854,#1034,.T.);
#627=EDGE_CURVE('',#855,#854,#1035,.T.);
#628=EDGE_CURVE('',#852,#855,#1036,.T.);
#629=EDGE_CURVE('',#856,#857,#1037,.T.);
#630=EDGE_CURVE('',#857,#858,#1038,.T.);
#631=EDGE_CURVE('',#858,#859,#1039,.T.);
#632=EDGE_CURVE('',#859,#856,#1040,.T.);
#633=EDGE_CURVE('',#860,#861,#1041,.T.);
#634=EDGE_CURVE('',#861,#862,#1042,.T.);
#635=EDGE_CURVE('',#862,#863,#1043,.T.);
#636=EDGE_CURVE('',#863,#860,#1044,.T.);
#637=EDGE_CURVE('',#864,#865,#1045,.T.);
#638=EDGE_CURVE('',#865,#866,#1046,.T.);
#639=EDGE_CURVE('',#866,#867,#1047,.T.);
#640=EDGE_CURVE('',#867,#864,#1048,.T.);
#641=EDGE_CURVE('',#868,#869,#1049,.T.);
#642=EDGE_CURVE('',#869,#870,#1050,.T.);
#643=EDGE_CURVE('',#870,#871,#1051,.T.);
#644=EDGE_CURVE('',#871,#868,#1052,.T.);
#645=EDGE_CURVE('',#854,#872,#1053,.T.);
#646=EDGE_CURVE('',#873,#872,#1054,.T.);
#647=EDGE_CURVE('',#855,#873,#1055,.T.);
#648=EDGE_CURVE('',#872,#850,#1056,.T.);
#649=EDGE_CURVE('',#873,#853,#1057,.T.);
#650=EDGE_CURVE('',#874,#869,#1058,.T.);
#651=EDGE_CURVE('',#874,#875,#1059,.T.);
#652=EDGE_CURVE('',#875,#870,#1060,.T.);
#653=EDGE_CURVE('',#875,#876,#1061,.T.);
#654=EDGE_CURVE('',#876,#871,#1062,.T.);
#655=EDGE_CURVE('',#876,#877,#1063,.T.);
#656=EDGE_CURVE('',#877,#868,#1064,.T.);
#657=EDGE_CURVE('',#877,#874,#1065,.T.);
#658=EDGE_CURVE('',#878,#865,#1066,.T.);
#659=EDGE_CURVE('',#878,#879,#1067,.T.);
#660=EDGE_CURVE('',#879,#866,#1068,.T.);
#661=EDGE_CURVE('',#879,#880,#1069,.T.);
#662=EDGE_CURVE('',#880,#867,#1070,.T.);
#663=EDGE_CURVE('',#880,#881,#1071,.T.);
#664=EDGE_CURVE('',#881,#864,#1072,.T.);
#665=EDGE_CURVE('',#881,#878,#1073,.T.);
#666=EDGE_CURVE('',#882,#861,#1074,.T.);
#667=EDGE_CURVE('',#882,#883,#1075,.T.);
#668=EDGE_CURVE('',#883,#862,#1076,.T.);
#669=EDGE_CURVE('',#883,#884,#1077,.T.);
#670=EDGE_CURVE('',#884,#863,#1078,.T.);
#671=EDGE_CURVE('',#884,#885,#1079,.T.);
#672=EDGE_CURVE('',#885,#860,#1080,.T.);
#673=EDGE_CURVE('',#885,#882,#1081,.T.);
#674=EDGE_CURVE('',#886,#857,#1082,.T.);
#675=EDGE_CURVE('',#886,#887,#1083,.T.);
#676=EDGE_CURVE('',#887,#858,#1084,.T.);
#677=EDGE_CURVE('',#887,#888,#1085,.T.);
#678=EDGE_CURVE('',#888,#859,#1086,.T.);
#679=EDGE_CURVE('',#888,#889,#1087,.T.);
#680=EDGE_CURVE('',#889,#856,#1088,.T.);
#681=EDGE_CURVE('',#889,#886,#1089,.T.);
#682=EDGE_CURVE('',#890,#891,#1090,.T.);
#683=EDGE_CURVE('',#890,#892,#1091,.T.);
#684=EDGE_CURVE('',#893,#892,#1092,.T.);
#685=EDGE_CURVE('',#893,#894,#1093,.T.);
#686=EDGE_CURVE('',#894,#895,#1094,.T.);
#687=EDGE_CURVE('',#895,#896,#1095,.T.);
#688=EDGE_CURVE('',#897,#896,#1096,.T.);
#689=EDGE_CURVE('',#891,#897,#1097,.T.);
#690=EDGE_CURVE('',#898,#899,#1098,.T.);
#691=EDGE_CURVE('',#900,#898,#1099,.T.);
#692=EDGE_CURVE('',#900,#901,#1100,.T.);
#693=EDGE_CURVE('',#901,#902,#1101,.T.);
#694=EDGE_CURVE('',#902,#903,#1102,.T.);
#695=EDGE_CURVE('',#903,#904,#1103,.T.);
#696=EDGE_CURVE('',#904,#905,#1104,.T.);
#697=EDGE_CURVE('',#905,#899,#1105,.T.);
#698=EDGE_CURVE('',#898,#891,#1106,.T.);
#699=EDGE_CURVE('',#897,#900,#1107,.T.);
#700=EDGE_CURVE('',#899,#890,#1108,.T.);
#701=EDGE_CURVE('',#892,#905,#1109,.T.);
#702=EDGE_CURVE('',#904,#893,#1110,.T.);
#703=EDGE_CURVE('',#894,#903,#1111,.T.);
#704=EDGE_CURVE('',#895,#902,#1112,.T.);
#705=EDGE_CURVE('',#896,#901,#1113,.T.);
#706=EDGE_CURVE('',#906,#905,#1114,.T.);
#707=EDGE_CURVE('',#907,#906,#1115,.F.);
#708=EDGE_CURVE('',#907,#892,#1116,.T.);
#709=EDGE_CURVE('',#908,#904,#1117,.T.);
#710=EDGE_CURVE('',#906,#908,#1118,.F.);
#711=EDGE_CURVE('',#909,#893,#1119,.T.);
#712=EDGE_CURVE('',#908,#909,#1120,.F.);
#713=EDGE_CURVE('',#909,#907,#1121,.F.);
#714=EDGE_CURVE('',#910,#901,#1122,.T.);
#715=EDGE_CURVE('',#911,#910,#1123,.F.);
#716=EDGE_CURVE('',#911,#896,#1124,.T.);
#717=EDGE_CURVE('',#912,#900,#1125,.T.);
#718=EDGE_CURVE('',#910,#912,#1126,.F.);
#719=EDGE_CURVE('',#913,#897,#1127,.T.);
#720=EDGE_CURVE('',#912,#913,#1128,.F.);
#721=EDGE_CURVE('',#913,#911,#1129,.F.);
#722=EDGE_CURVE('',#914,#915,#1130,.T.);
#723=EDGE_CURVE('',#916,#914,#1131,.T.);
#724=EDGE_CURVE('',#916,#917,#1132,.T.);
#725=EDGE_CURVE('',#917,#918,#1133,.T.);
#726=EDGE_CURVE('',#918,#919,#1134,.T.);
#727=EDGE_CURVE('',#919,#920,#1135,.T.);
#728=EDGE_CURVE('',#920,#921,#1136,.T.);
#729=EDGE_CURVE('',#921,#915,#1137,.T.);
#730=EDGE_CURVE('',#922,#923,#1138,.T.);
#731=EDGE_CURVE('',#922,#924,#1139,.T.);
#732=EDGE_CURVE('',#925,#924,#1140,.T.);
#733=EDGE_CURVE('',#925,#926,#1141,.T.);
#734=EDGE_CURVE('',#926,#927,#1142,.T.);
#735=EDGE_CURVE('',#927,#928,#1143,.T.);
#736=EDGE_CURVE('',#929,#928,#1144,.T.);
#737=EDGE_CURVE('',#923,#929,#1145,.T.);
#738=EDGE_CURVE('',#914,#923,#1146,.T.);
#739=EDGE_CURVE('',#930,#929,#26,.T.);
#740=EDGE_CURVE('',#930,#931,#1147,.T.);
#741=EDGE_CURVE('',#931,#932,#27,.T.);
#742=EDGE_CURVE('',#932,#933,#1148,.T.);
#743=EDGE_CURVE('',#933,#934,#1149,.T.);
#744=EDGE_CURVE('',#934,#935,#1150,.T.);
#745=EDGE_CURVE('',#936,#935,#28,.T.);
#746=EDGE_CURVE('',#936,#937,#1151,.T.);
#747=EDGE_CURVE('',#937,#916,#29,.T.);
#748=EDGE_CURVE('',#915,#922,#1152,.T.);
#749=EDGE_CURVE('',#938,#921,#30,.T.);
#750=EDGE_CURVE('',#939,#938,#1153,.T.);
#751=EDGE_CURVE('',#939,#940,#31,.T.);
#752=EDGE_CURVE('',#941,#940,#1154,.T.);
#753=EDGE_CURVE('',#942,#941,#1155,.T.);
#754=EDGE_CURVE('',#943,#942,#1156,.T.);
#755=EDGE_CURVE('',#944,#943,#32,.T.);
#756=EDGE_CURVE('',#945,#944,#1157,.T.);
#757=EDGE_CURVE('',#945,#924,#33,.T.);
#758=EDGE_CURVE('',#946,#942,#1158,.T.);
#759=EDGE_CURVE('',#947,#946,#1159,.T.);
#760=EDGE_CURVE('',#947,#943,#1160,.T.);
#761=EDGE_CURVE('',#948,#940,#1161,.T.);
#762=EDGE_CURVE('',#948,#949,#1162,.T.);
#763=EDGE_CURVE('',#949,#941,#1163,.T.);
#764=EDGE_CURVE('',#948,#950,#34,.T.);
#765=EDGE_CURVE('',#950,#939,#1164,.T.);
#766=EDGE_CURVE('',#951,#938,#1165,.T.);
#767=EDGE_CURVE('',#951,#950,#1166,.T.);
#768=EDGE_CURVE('',#920,#951,#35,.T.);
#769=EDGE_CURVE('',#925,#952,#36,.T.);
#770=EDGE_CURVE('',#952,#945,#1167,.T.);
#771=EDGE_CURVE('',#953,#944,#1168,.T.);
#772=EDGE_CURVE('',#953,#952,#1169,.T.);
#773=EDGE_CURVE('',#947,#953,#37,.T.);
#774=EDGE_CURVE('',#932,#954,#1170,.T.);
#775=EDGE_CURVE('',#955,#954,#1171,.T.);
#776=EDGE_CURVE('',#933,#955,#1172,.T.);
#777=EDGE_CURVE('',#934,#956,#1173,.T.);
#778=EDGE_CURVE('',#956,#957,#1174,.T.);
#779=EDGE_CURVE('',#935,#957,#1175,.T.);
#780=EDGE_CURVE('',#958,#957,#38,.T.);
#781=EDGE_CURVE('',#936,#958,#1176,.T.);
#782=EDGE_CURVE('',#958,#959,#1177,.T.);
#783=EDGE_CURVE('',#937,#959,#1178,.T.);
#784=EDGE_CURVE('',#959,#917,#39,.T.);
#785=EDGE_CURVE('',#960,#928,#40,.T.);
#786=EDGE_CURVE('',#930,#960,#1179,.T.);
#787=EDGE_CURVE('',#960,#961,#1180,.T.);
#788=EDGE_CURVE('',#931,#961,#1181,.T.);
#789=EDGE_CURVE('',#961,#954,#41,.T.);
#790=EDGE_CURVE('',#918,#927,#1182,.T.);
#791=EDGE_CURVE('',#919,#926,#1183,.T.);
#792=EDGE_CURVE('',#949,#946,#1184,.T.);
#793=EDGE_CURVE('',#955,#956,#1185,.T.);
#794=EDGE_CURVE('',#962,#941,#1186,.T.);
#795=EDGE_CURVE('',#962,#963,#1187,.T.);
#796=EDGE_CURVE('',#963,#942,#1188,.T.);
#797=EDGE_CURVE('',#963,#964,#1189,.T.);
#798=EDGE_CURVE('',#964,#946,#1190,.T.);
#799=EDGE_CURVE('',#964,#965,#1191,.T.);
#800=EDGE_CURVE('',#965,#949,#1192,.T.);
#801=EDGE_CURVE('',#965,#962,#1193,.T.);
#802=EDGE_CURVE('',#966,#956,#1194,.T.);
#803=EDGE_CURVE('',#966,#967,#1195,.T.);
#804=EDGE_CURVE('',#967,#955,#1196,.T.);
#805=EDGE_CURVE('',#967,#968,#1197,.T.);
#806=EDGE_CURVE('',#968,#933,#1198,.T.);
#807=EDGE_CURVE('',#968,#969,#1199,.T.);
#808=EDGE_CURVE('',#969,#934,#1200,.T.);
#809=EDGE_CURVE('',#969,#966,#1201,.T.);
#810=VERTEX_POINT('',#2489);
#811=VERTEX_POINT('',#2490);
#812=VERTEX_POINT('',#2492);
#813=VERTEX_POINT('',#2494);
#814=VERTEX_POINT('',#2496);
#815=VERTEX_POINT('',#2498);
#816=VERTEX_POINT('',#2500);
#817=VERTEX_POINT('',#2502);
#818=VERTEX_POINT('',#2504);
#819=VERTEX_POINT('',#2506);
#820=VERTEX_POINT('',#2508);
#821=VERTEX_POINT('',#2510);
#822=VERTEX_POINT('',#2514);
#823=VERTEX_POINT('',#2515);
#824=VERTEX_POINT('',#2517);
#825=VERTEX_POINT('',#2519);
#826=VERTEX_POINT('',#2523);
#827=VERTEX_POINT('',#2524);
#828=VERTEX_POINT('',#2526);
#829=VERTEX_POINT('',#2528);
#830=VERTEX_POINT('',#2531);
#831=VERTEX_POINT('',#2533);
#832=VERTEX_POINT('',#2537);
#833=VERTEX_POINT('',#2538);
#834=VERTEX_POINT('',#2540);
#835=VERTEX_POINT('',#2542);
#836=VERTEX_POINT('',#2545);
#837=VERTEX_POINT('',#2547);
#838=VERTEX_POINT('',#2551);
#839=VERTEX_POINT('',#2552);
#840=VERTEX_POINT('',#2554);
#841=VERTEX_POINT('',#2556);
#842=VERTEX_POINT('',#2559);
#843=VERTEX_POINT('',#2561);
#844=VERTEX_POINT('',#2565);
#845=VERTEX_POINT('',#2566);
#846=VERTEX_POINT('',#2568);
#847=VERTEX_POINT('',#2570);
#848=VERTEX_POINT('',#2573);
#849=VERTEX_POINT('',#2575);
#850=VERTEX_POINT('',#2612);
#851=VERTEX_POINT('',#2613);
#852=VERTEX_POINT('',#2615);
#853=VERTEX_POINT('',#2617);
#854=VERTEX_POINT('',#2621);
#855=VERTEX_POINT('',#2623);
#856=VERTEX_POINT('',#2627);
#857=VERTEX_POINT('',#2628);
#858=VERTEX_POINT('',#2630);
#859=VERTEX_POINT('',#2632);
#860=VERTEX_POINT('',#2635);
#861=VERTEX_POINT('',#2636);
#862=VERTEX_POINT('',#2638);
#863=VERTEX_POINT('',#2640);
#864=VERTEX_POINT('',#2643);
#865=VERTEX_POINT('',#2644);
#866=VERTEX_POINT('',#2646);
#867=VERTEX_POINT('',#2648);
#868=VERTEX_POINT('',#2651);
#869=VERTEX_POINT('',#2652);
#870=VERTEX_POINT('',#2654);
#871=VERTEX_POINT('',#2656);
#872=VERTEX_POINT('',#2659);
#873=VERTEX_POINT('',#2661);
#874=VERTEX_POINT('',#2670);
#875=VERTEX_POINT('',#2672);
#876=VERTEX_POINT('',#2676);
#877=VERTEX_POINT('',#2680);
#878=VERTEX_POINT('',#2687);
#879=VERTEX_POINT('',#2689);
#880=VERTEX_POINT('',#2693);
#881=VERTEX_POINT('',#2697);
#882=VERTEX_POINT('',#2704);
#883=VERTEX_POINT('',#2706);
#884=VERTEX_POINT('',#2710);
#885=VERTEX_POINT('',#2714);
#886=VERTEX_POINT('',#2721);
#887=VERTEX_POINT('',#2723);
#888=VERTEX_POINT('',#2727);
#889=VERTEX_POINT('',#2731);
#890=VERTEX_POINT('',#2739);
#891=VERTEX_POINT('',#2740);
#892=VERTEX_POINT('',#2742);
#893=VERTEX_POINT('',#2744);
#894=VERTEX_POINT('',#2746);
#895=VERTEX_POINT('',#2748);
#896=VERTEX_POINT('',#2750);
#897=VERTEX_POINT('',#2752);
#898=VERTEX_POINT('',#2756);
#899=VERTEX_POINT('',#2757);
#900=VERTEX_POINT('',#2759);
#901=VERTEX_POINT('',#2761);
#902=VERTEX_POINT('',#2763);
#903=VERTEX_POINT('',#2765);
#904=VERTEX_POINT('',#2767);
#905=VERTEX_POINT('',#2769);
#906=VERTEX_POINT('',#2786);
#907=VERTEX_POINT('',#2788);
#908=VERTEX_POINT('',#2792);
#909=VERTEX_POINT('',#2796);
#910=VERTEX_POINT('',#2803);
#911=VERTEX_POINT('',#2805);
#912=VERTEX_POINT('',#2809);
#913=VERTEX_POINT('',#2813);
#914=VERTEX_POINT('',#2822);
#915=VERTEX_POINT('',#2823);
#916=VERTEX_POINT('',#2825);
#917=VERTEX_POINT('',#2827);
#918=VERTEX_POINT('',#2829);
#919=VERTEX_POINT('',#2831);
#920=VERTEX_POINT('',#2833);
#921=VERTEX_POINT('',#2835);
#922=VERTEX_POINT('',#2839);
#923=VERTEX_POINT('',#2840);
#924=VERTEX_POINT('',#2842);
#925=VERTEX_POINT('',#2844);
#926=VERTEX_POINT('',#2846);
#927=VERTEX_POINT('',#2848);
#928=VERTEX_POINT('',#2850);
#929=VERTEX_POINT('',#2852);
#930=VERTEX_POINT('',#2857);
#931=VERTEX_POINT('',#2859);
#932=VERTEX_POINT('',#2861);
#933=VERTEX_POINT('',#2863);
#934=VERTEX_POINT('',#2865);
#935=VERTEX_POINT('',#2867);
#936=VERTEX_POINT('',#2869);
#937=VERTEX_POINT('',#2871);
#938=VERTEX_POINT('',#2876);
#939=VERTEX_POINT('',#2878);
#940=VERTEX_POINT('',#2880);
#941=VERTEX_POINT('',#2882);
#942=VERTEX_POINT('',#2884);
#943=VERTEX_POINT('',#2886);
#944=VERTEX_POINT('',#2888);
#945=VERTEX_POINT('',#2890);
#946=VERTEX_POINT('',#2894);
#947=VERTEX_POINT('',#2896);
#948=VERTEX_POINT('',#2900);
#949=VERTEX_POINT('',#2902);
#950=VERTEX_POINT('',#2906);
#951=VERTEX_POINT('',#2910);
#952=VERTEX_POINT('',#2916);
#953=VERTEX_POINT('',#2920);
#954=VERTEX_POINT('',#2926);
#955=VERTEX_POINT('',#2928);
#956=VERTEX_POINT('',#2932);
#957=VERTEX_POINT('',#2934);
#958=VERTEX_POINT('',#2938);
#959=VERTEX_POINT('',#2942);
#960=VERTEX_POINT('',#2948);
#961=VERTEX_POINT('',#2952);
#962=VERTEX_POINT('',#2965);
#963=VERTEX_POINT('',#2967);
#964=VERTEX_POINT('',#2971);
#965=VERTEX_POINT('',#2975);
#966=VERTEX_POINT('',#2982);
#967=VERTEX_POINT('',#2984);
#968=VERTEX_POINT('',#2988);
#969=VERTEX_POINT('',#2992);
#970=LINE('',#2488,#1202);
#971=LINE('',#2491,#1203);
#972=LINE('',#2493,#1204);
#973=LINE('',#2495,#1205);
#974=LINE('',#2497,#1206);
#975=LINE('',#2499,#1207);
#976=LINE('',#2501,#1208);
#977=LINE('',#2503,#1209);
#978=LINE('',#2505,#1210);
#979=LINE('',#2507,#1211);
#980=LINE('',#2509,#1212);
#981=LINE('',#2511,#1213);
#982=LINE('',#2513,#1214);
#983=LINE('',#2516,#1215);
#984=LINE('',#2518,#1216);
#985=LINE('',#2520,#1217);
#986=LINE('',#2522,#1218);
#987=LINE('',#2525,#1219);
#988=LINE('',#2527,#1220);
#989=LINE('',#2529,#1221);
#990=LINE('',#2530,#1222);
#991=LINE('',#2532,#1223);
#992=LINE('',#2534,#1224);
#993=LINE('',#2536,#1225);
#994=LINE('',#2539,#1226);
#995=LINE('',#2541,#1227);
#996=LINE('',#2543,#1228);
#997=LINE('',#2544,#1229);
#998=LINE('',#2546,#1230);
#999=LINE('',#2548,#1231);
#1000=LINE('',#2550,#1232);
#1001=LINE('',#2553,#1233);
#1002=LINE('',#2555,#1234);
#1003=LINE('',#2557,#1235);
#1004=LINE('',#2558,#1236);
#1005=LINE('',#2560,#1237);
#1006=LINE('',#2562,#1238);
#1007=LINE('',#2564,#1239);
#1008=LINE('',#2567,#1240);
#1009=LINE('',#2569,#1241);
#1010=LINE('',#2571,#1242);
#1011=LINE('',#2572,#1243);
#1012=LINE('',#2574,#1244);
#1013=LINE('',#2576,#1245);
#1014=LINE('',#2578,#1246);
#1015=LINE('',#2579,#1247);
#1016=LINE('',#2581,#1248);
#1017=LINE('',#2582,#1249);
#1018=LINE('',#2585,#1250);
#1019=LINE('',#2586,#1251);
#1020=LINE('',#2588,#1252);
#1021=LINE('',#2590,#1253);
#1022=LINE('',#2592,#1254);
#1023=LINE('',#2593,#1255);
#1024=LINE('',#2595,#1256);
#1025=LINE('',#2597,#1257);
#1026=LINE('',#2602,#1258);
#1027=LINE('',#2603,#1259);
#1028=LINE('',#2605,#1260);
#1029=LINE('',#2606,#1261);
#1030=LINE('',#2611,#1262);
#1031=LINE('',#2614,#1263);
#1032=LINE('',#2616,#1264);
#1033=LINE('',#2618,#1265);
#1034=LINE('',#2620,#1266);
#1035=LINE('',#2622,#1267);
#1036=LINE('',#2624,#1268);
#1037=LINE('',#2626,#1269);
#1038=LINE('',#2629,#1270);
#1039=LINE('',#2631,#1271);
#1040=LINE('',#2633,#1272);
#1041=LINE('',#2634,#1273);
#1042=LINE('',#2637,#1274);
#1043=LINE('',#2639,#1275);
#1044=LINE('',#2641,#1276);
#1045=LINE('',#2642,#1277);
#1046=LINE('',#2645,#1278);
#1047=LINE('',#2647,#1279);
#1048=LINE('',#2649,#1280);
#1049=LINE('',#2650,#1281);
#1050=LINE('',#2653,#1282);
#1051=LINE('',#2655,#1283);
#1052=LINE('',#2657,#1284);
#1053=LINE('',#2658,#1285);
#1054=LINE('',#2660,#1286);
#1055=LINE('',#2662,#1287);
#1056=LINE('',#2664,#1288);
#1057=LINE('',#2665,#1289);
#1058=LINE('',#2669,#1290);
#1059=LINE('',#2671,#1291);
#1060=LINE('',#2673,#1292);
#1061=LINE('',#2675,#1293);
#1062=LINE('',#2677,#1294);
#1063=LINE('',#2679,#1295);
#1064=LINE('',#2681,#1296);
#1065=LINE('',#2683,#1297);
#1066=LINE('',#2686,#1298);
#1067=LINE('',#2688,#1299);
#1068=LINE('',#2690,#1300);
#1069=LINE('',#2692,#1301);
#1070=LINE('',#2694,#1302);
#1071=LINE('',#2696,#1303);
#1072=LINE('',#2698,#1304);
#1073=LINE('',#2700,#1305);
#1074=LINE('',#2703,#1306);
#1075=LINE('',#2705,#1307);
#1076=LINE('',#2707,#1308);
#1077=LINE('',#2709,#1309);
#1078=LINE('',#2711,#1310);
#1079=LINE('',#2713,#1311);
#1080=LINE('',#2715,#1312);
#1081=LINE('',#2717,#1313);
#1082=LINE('',#2720,#1314);
#1083=LINE('',#2722,#1315);
#1084=LINE('',#2724,#1316);
#1085=LINE('',#2726,#1317);
#1086=LINE('',#2728,#1318);
#1087=LINE('',#2730,#1319);
#1088=LINE('',#2732,#1320);
#1089=LINE('',#2734,#1321);
#1090=LINE('',#2738,#1322);
#1091=LINE('',#2741,#1323);
#1092=LINE('',#2743,#1324);
#1093=LINE('',#2745,#1325);
#1094=LINE('',#2747,#1326);
#1095=LINE('',#2749,#1327);
#1096=LINE('',#2751,#1328);
#1097=LINE('',#2753,#1329);
#1098=LINE('',#2755,#1330);
#1099=LINE('',#2758,#1331);
#1100=LINE('',#2760,#1332);
#1101=LINE('',#2762,#1333);
#1102=LINE('',#2764,#1334);
#1103=LINE('',#2766,#1335);
#1104=LINE('',#2768,#1336);
#1105=LINE('',#2770,#1337);
#1106=LINE('',#2772,#1338);
#1107=LINE('',#2773,#1339);
#1108=LINE('',#2775,#1340);
#1109=LINE('',#2776,#1341);
#1110=LINE('',#2778,#1342);
#1111=LINE('',#2779,#1343);
#1112=LINE('',#2781,#1344);
#1113=LINE('',#2783,#1345);
#1114=LINE('',#2785,#1346);
#1115=LINE('',#2787,#1347);
#1116=LINE('',#2789,#1348);
#1117=LINE('',#2791,#1349);
#1118=LINE('',#2793,#1350);
#1119=LINE('',#2795,#1351);
#1120=LINE('',#2797,#1352);
#1121=LINE('',#2799,#1353);
#1122=LINE('',#2802,#1354);
#1123=LINE('',#2804,#1355);
#1124=LINE('',#2806,#1356);
#1125=LINE('',#2808,#1357);
#1126=LINE('',#2810,#1358);
#1127=LINE('',#2812,#1359);
#1128=LINE('',#2814,#1360);
#1129=LINE('',#2816,#1361);
#1130=LINE('',#2821,#1362);
#1131=LINE('',#2824,#1363);
#1132=LINE('',#2826,#1364);
#1133=LINE('',#2828,#1365);
#1134=LINE('',#2830,#1366);
#1135=LINE('',#2832,#1367);
#1136=LINE('',#2834,#1368);
#1137=LINE('',#2836,#1369);
#1138=LINE('',#2838,#1370);
#1139=LINE('',#2841,#1371);
#1140=LINE('',#2843,#1372);
#1141=LINE('',#2845,#1373);
#1142=LINE('',#2847,#1374);
#1143=LINE('',#2849,#1375);
#1144=LINE('',#2851,#1376);
#1145=LINE('',#2853,#1377);
#1146=LINE('',#2855,#1378);
#1147=LINE('',#2858,#1379);
#1148=LINE('',#2862,#1380);
#1149=LINE('',#2864,#1381);
#1150=LINE('',#2866,#1382);
#1151=LINE('',#2870,#1383);
#1152=LINE('',#2874,#1384);
#1153=LINE('',#2877,#1385);
#1154=LINE('',#2881,#1386);
#1155=LINE('',#2883,#1387);
#1156=LINE('',#2885,#1388);
#1157=LINE('',#2889,#1389);
#1158=LINE('',#2893,#1390);
#1159=LINE('',#2895,#1391);
#1160=LINE('',#2897,#1392);
#1161=LINE('',#2899,#1393);
#1162=LINE('',#2901,#1394);
#1163=LINE('',#2903,#1395);
#1164=LINE('',#2907,#1396);
#1165=LINE('',#2909,#1397);
#1166=LINE('',#2911,#1398);
#1167=LINE('',#2917,#1399);
#1168=LINE('',#2919,#1400);
#1169=LINE('',#2921,#1401);
#1170=LINE('',#2925,#1402);
#1171=LINE('',#2927,#1403);
#1172=LINE('',#2929,#1404);
#1173=LINE('',#2931,#1405);
#1174=LINE('',#2933,#1406);
#1175=LINE('',#2935,#1407);
#1176=LINE('',#2939,#1408);
#1177=LINE('',#2941,#1409);
#1178=LINE('',#2943,#1410);
#1179=LINE('',#2949,#1411);
#1180=LINE('',#2951,#1412);
#1181=LINE('',#2953,#1413);
#1182=LINE('',#2957,#1414);
#1183=LINE('',#2958,#1415);
#1184=LINE('',#2960,#1416);
#1185=LINE('',#2962,#1417);
#1186=LINE('',#2964,#1418);
#1187=LINE('',#2966,#1419);
#1188=LINE('',#2968,#1420);
#1189=LINE('',#2970,#1421);
#1190=LINE('',#2972,#1422);
#1191=LINE('',#2974,#1423);
#1192=LINE('',#2976,#1424);
#1193=LINE('',#2978,#1425);
#1194=LINE('',#2981,#1426);
#1195=LINE('',#2983,#1427);
#1196=LINE('',#2985,#1428);
#1197=LINE('',#2987,#1429);
#1198=LINE('',#2989,#1430);
#1199=LINE('',#2991,#1431);
#1200=LINE('',#2993,#1432);
#1201=LINE('',#2995,#1433);
#1202=VECTOR('',#2016,39.3700787401575);
#1203=VECTOR('',#2017,39.3700787401575);
#1204=VECTOR('',#2018,39.3700787401575);
#1205=VECTOR('',#2019,39.3700787401575);
#1206=VECTOR('',#2020,39.3700787401575);
#1207=VECTOR('',#2021,39.3700787401575);
#1208=VECTOR('',#2022,39.3700787401575);
#1209=VECTOR('',#2023,39.3700787401575);
#1210=VECTOR('',#2024,39.3700787401575);
#1211=VECTOR('',#2025,39.3700787401575);
#1212=VECTOR('',#2026,39.3700787401575);
#1213=VECTOR('',#2027,39.3700787401575);
#1214=VECTOR('',#2030,39.3700787401575);
#1215=VECTOR('',#2031,39.3700787401575);
#1216=VECTOR('',#2032,39.3700787401575);
#1217=VECTOR('',#2033,39.3700787401575);
#1218=VECTOR('',#2036,39.3700787401575);
#1219=VECTOR('',#2037,39.3700787401575);
#1220=VECTOR('',#2038,39.3700787401575);
#1221=VECTOR('',#2039,39.3700787401575);
#1222=VECTOR('',#2040,39.3700787401575);
#1223=VECTOR('',#2041,39.3700787401575);
#1224=VECTOR('',#2042,39.3700787401575);
#1225=VECTOR('',#2045,39.3700787401575);
#1226=VECTOR('',#2046,39.3700787401575);
#1227=VECTOR('',#2047,39.3700787401575);
#1228=VECTOR('',#2048,39.3700787401575);
#1229=VECTOR('',#2049,39.3700787401575);
#1230=VECTOR('',#2050,39.3700787401575);
#1231=VECTOR('',#2051,39.3700787401575);
#1232=VECTOR('',#2054,39.3700787401575);
#1233=VECTOR('',#2055,39.3700787401575);
#1234=VECTOR('',#2056,39.3700787401575);
#1235=VECTOR('',#2057,39.3700787401575);
#1236=VECTOR('',#2058,39.3700787401575);
#1237=VECTOR('',#2059,39.3700787401575);
#1238=VECTOR('',#2060,39.3700787401575);
#1239=VECTOR('',#2063,39.3700787401575);
#1240=VECTOR('',#2064,39.3700787401575);
#1241=VECTOR('',#2065,39.3700787401575);
#1242=VECTOR('',#2066,39.3700787401575);
#1243=VECTOR('',#2067,39.3700787401575);
#1244=VECTOR('',#2068,39.3700787401575);
#1245=VECTOR('',#2069,39.3700787401575);
#1246=VECTOR('',#2072,39.3700787401575);
#1247=VECTOR('',#2073,39.3700787401575);
#1248=VECTOR('',#2076,39.3700787401575);
#1249=VECTOR('',#2077,39.3700787401575);
#1250=VECTOR('',#2082,39.3700787401575);
#1251=VECTOR('',#2083,39.3700787401575);
#1252=VECTOR('',#2086,39.3700787401575);
#1253=VECTOR('',#2089,39.3700787401575);
#1254=VECTOR('',#2092,39.3700787401575);
#1255=VECTOR('',#2093,39.3700787401575);
#1256=VECTOR('',#2096,39.3700787401575);
#1257=VECTOR('',#2099,39.3700787401575);
#1258=VECTOR('',#2108,39.3700787401575);
#1259=VECTOR('',#2109,39.3700787401575);
#1260=VECTOR('',#2112,39.3700787401575);
#1261=VECTOR('',#2113,39.3700787401575);
#1262=VECTOR('',#2122,39.3700787401575);
#1263=VECTOR('',#2123,39.3700787401575);
#1264=VECTOR('',#2124,39.3700787401575);
#1265=VECTOR('',#2125,39.3700787401575);
#1266=VECTOR('',#2128,39.3700787401575);
#1267=VECTOR('',#2129,39.3700787401575);
#1268=VECTOR('',#2130,39.3700787401575);
#1269=VECTOR('',#2133,39.3700787401575);
#1270=VECTOR('',#2134,39.3700787401575);
#1271=VECTOR('',#2135,39.3700787401575);
#1272=VECTOR('',#2136,39.3700787401575);
#1273=VECTOR('',#2137,39.3700787401575);
#1274=VECTOR('',#2138,39.3700787401575);
#1275=VECTOR('',#2139,39.3700787401575);
#1276=VECTOR('',#2140,39.3700787401575);
#1277=VECTOR('',#2141,39.3700787401575);
#1278=VECTOR('',#2142,39.3700787401575);
#1279=VECTOR('',#2143,39.3700787401575);
#1280=VECTOR('',#2144,39.3700787401575);
#1281=VECTOR('',#2145,39.3700787401575);
#1282=VECTOR('',#2146,39.3700787401575);
#1283=VECTOR('',#2147,39.3700787401575);
#1284=VECTOR('',#2148,39.3700787401575);
#1285=VECTOR('',#2149,39.3700787401575);
#1286=VECTOR('',#2150,39.3700787401575);
#1287=VECTOR('',#2151,39.3700787401575);
#1288=VECTOR('',#2154,39.3700787401575);
#1289=VECTOR('',#2155,39.3700787401575);
#1290=VECTOR('',#2162,39.3700787401575);
#1291=VECTOR('',#2163,39.3700787401575);
#1292=VECTOR('',#2164,39.3700787401575);
#1293=VECTOR('',#2167,39.3700787401575);
#1294=VECTOR('',#2168,39.3700787401575);
#1295=VECTOR('',#2171,39.3700787401575);
#1296=VECTOR('',#2172,39.3700787401575);
#1297=VECTOR('',#2175,39.3700787401575);
#1298=VECTOR('',#2180,39.3700787401575);
#1299=VECTOR('',#2181,39.3700787401575);
#1300=VECTOR('',#2182,39.3700787401575);
#1301=VECTOR('',#2185,39.3700787401575);
#1302=VECTOR('',#2186,39.3700787401575);
#1303=VECTOR('',#2189,39.3700787401575);
#1304=VECTOR('',#2190,39.3700787401575);
#1305=VECTOR('',#2193,39.3700787401575);
#1306=VECTOR('',#2198,39.3700787401575);
#1307=VECTOR('',#2199,39.3700787401575);
#1308=VECTOR('',#2200,39.3700787401575);
#1309=VECTOR('',#2203,39.3700787401575);
#1310=VECTOR('',#2204,39.3700787401575);
#1311=VECTOR('',#2207,39.3700787401575);
#1312=VECTOR('',#2208,39.3700787401575);
#1313=VECTOR('',#2211,39.3700787401575);
#1314=VECTOR('',#2216,39.3700787401575);
#1315=VECTOR('',#2217,39.3700787401575);
#1316=VECTOR('',#2218,39.3700787401575);
#1317=VECTOR('',#2221,39.3700787401575);
#1318=VECTOR('',#2222,39.3700787401575);
#1319=VECTOR('',#2225,39.3700787401575);
#1320=VECTOR('',#2226,39.3700787401575);
#1321=VECTOR('',#2229,39.3700787401575);
#1322=VECTOR('',#2236,39.3700787401575);
#1323=VECTOR('',#2237,39.3700787401575);
#1324=VECTOR('',#2238,39.3700787401575);
#1325=VECTOR('',#2239,39.3700787401575);
#1326=VECTOR('',#2240,39.3700787401575);
#1327=VECTOR('',#2241,39.3700787401575);
#1328=VECTOR('',#2242,39.3700787401575);
#1329=VECTOR('',#2243,39.3700787401575);
#1330=VECTOR('',#2246,39.3700787401575);
#1331=VECTOR('',#2247,39.3700787401575);
#1332=VECTOR('',#2248,39.3700787401575);
#1333=VECTOR('',#2249,39.3700787401575);
#1334=VECTOR('',#2250,39.3700787401575);
#1335=VECTOR('',#2251,39.3700787401575);
#1336=VECTOR('',#2252,39.3700787401575);
#1337=VECTOR('',#2253,39.3700787401575);
#1338=VECTOR('',#2256,39.3700787401575);
#1339=VECTOR('',#2257,39.3700787401575);
#1340=VECTOR('',#2260,39.3700787401575);
#1341=VECTOR('',#2261,39.3700787401575);
#1342=VECTOR('',#2264,39.3700787401575);
#1343=VECTOR('',#2265,39.3700787401575);
#1344=VECTOR('',#2268,39.3700787401575);
#1345=VECTOR('',#2271,39.3700787401575);
#1346=VECTOR('',#2274,39.3700787401575);
#1347=VECTOR('',#2275,39.3700787401575);
#1348=VECTOR('',#2276,39.3700787401575);
#1349=VECTOR('',#2279,39.3700787401575);
#1350=VECTOR('',#2280,39.3700787401575);
#1351=VECTOR('',#2283,39.3700787401575);
#1352=VECTOR('',#2284,39.3700787401575);
#1353=VECTOR('',#2287,39.3700787401575);
#1354=VECTOR('',#2292,39.3700787401575);
#1355=VECTOR('',#2293,39.3700787401575);
#1356=VECTOR('',#2294,39.3700787401575);
#1357=VECTOR('',#2297,39.3700787401575);
#1358=VECTOR('',#2298,39.3700787401575);
#1359=VECTOR('',#2301,39.3700787401575);
#1360=VECTOR('',#2302,39.3700787401575);
#1361=VECTOR('',#2305,39.3700787401575);
#1362=VECTOR('',#2314,39.3700787401575);
#1363=VECTOR('',#2315,39.3700787401575);
#1364=VECTOR('',#2316,39.3700787401575);
#1365=VECTOR('',#2317,39.3700787401575);
#1366=VECTOR('',#2318,39.3700787401575);
#1367=VECTOR('',#2319,39.3700787401575);
#1368=VECTOR('',#2320,39.3700787401575);
#1369=VECTOR('',#2321,39.3700787401575);
#1370=VECTOR('',#2324,39.3700787401575);
#1371=VECTOR('',#2325,39.3700787401575);
#1372=VECTOR('',#2326,39.3700787401575);
#1373=VECTOR('',#2327,39.3700787401575);
#1374=VECTOR('',#2328,39.3700787401575);
#1375=VECTOR('',#2329,39.3700787401575);
#1376=VECTOR('',#2330,39.3700787401575);
#1377=VECTOR('',#2331,39.3700787401575);
#1378=VECTOR('',#2334,39.3700787401575);
#1379=VECTOR('',#2337,39.3700787401575);
#1380=VECTOR('',#2340,39.3700787401575);
#1381=VECTOR('',#2341,39.3700787401575);
#1382=VECTOR('',#2342,39.3700787401575);
#1383=VECTOR('',#2345,39.3700787401575);
#1384=VECTOR('',#2350,39.3700787401575);
#1385=VECTOR('',#2353,39.3700787401575);
#1386=VECTOR('',#2356,39.3700787401575);
#1387=VECTOR('',#2357,39.3700787401575);
#1388=VECTOR('',#2358,39.3700787401575);
#1389=VECTOR('',#2361,39.3700787401575);
#1390=VECTOR('',#2366,39.3700787401575);
#1391=VECTOR('',#2367,39.3700787401575);
#1392=VECTOR('',#2368,39.3700787401575);
#1393=VECTOR('',#2371,39.3700787401575);
#1394=VECTOR('',#2372,39.3700787401575);
#1395=VECTOR('',#2373,39.3700787401575);
#1396=VECTOR('',#2378,39.3700787401575);
#1397=VECTOR('',#2381,39.3700787401575);
#1398=VECTOR('',#2382,39.3700787401575);
#1399=VECTOR('',#2391,39.3700787401575);
#1400=VECTOR('',#2394,39.3700787401575);
#1401=VECTOR('',#2395,39.3700787401575);
#1402=VECTOR('',#2402,39.3700787401575);
#1403=VECTOR('',#2403,39.3700787401575);
#1404=VECTOR('',#2404,39.3700787401575);
#1405=VECTOR('',#2407,39.3700787401575);
#1406=VECTOR('',#2408,39.3700787401575);
#1407=VECTOR('',#2409,39.3700787401575);
#1408=VECTOR('',#2414,39.3700787401575);
#1409=VECTOR('',#2417,39.3700787401575);
#1410=VECTOR('',#2418,39.3700787401575);
#1411=VECTOR('',#2427,39.3700787401575);
#1412=VECTOR('',#2430,39.3700787401575);
#1413=VECTOR('',#2431,39.3700787401575);
#1414=VECTOR('',#2438,39.3700787401575);
#1415=VECTOR('',#2439,39.3700787401575);
#1416=VECTOR('',#2442,39.3700787401575);
#1417=VECTOR('',#2445,39.3700787401575);
#1418=VECTOR('',#2448,39.3700787401575);
#1419=VECTOR('',#2449,39.3700787401575);
#1420=VECTOR('',#2450,39.3700787401575);
#1421=VECTOR('',#2453,39.3700787401575);
#1422=VECTOR('',#2454,39.3700787401575);
#1423=VECTOR('',#2457,39.3700787401575);
#1424=VECTOR('',#2458,39.3700787401575);
#1425=VECTOR('',#2461,39.3700787401575);
#1426=VECTOR('',#2466,39.3700787401575);
#1427=VECTOR('',#2467,39.3700787401575);
#1428=VECTOR('',#2468,39.3700787401575);
#1429=VECTOR('',#2471,39.3700787401575);
#1430=VECTOR('',#2472,39.3700787401575);
#1431=VECTOR('',#2475,39.3700787401575);
#1432=VECTOR('',#2476,39.3700787401575);
#1433=VECTOR('',#2479,39.3700787401575);
#1434=EDGE_LOOP('',(#66,#67,#68,#69,#70,#71,#72,#73,#74,#75,#76,#77));
#1435=EDGE_LOOP('',(#78,#79,#80,#81));
#1436=EDGE_LOOP('',(#82,#83,#84,#85));
#1437=EDGE_LOOP('',(#86,#87,#88,#89));
#1438=EDGE_LOOP('',(#90,#91,#92,#93));
#1439=EDGE_LOOP('',(#94,#95,#96,#97));
#1440=EDGE_LOOP('',(#98,#99,#100,#101));
#1441=EDGE_LOOP('',(#102,#103,#104,#105));
#1442=EDGE_LOOP('',(#106,#107,#108,#109));
#1443=EDGE_LOOP('',(#110,#111,#112,#113));
#1444=EDGE_LOOP('',(#114,#115,#116,#117));
#1445=EDGE_LOOP('',(#118,#119,#120,#121));
#1446=EDGE_LOOP('',(#122,#123,#124,#125));
#1447=EDGE_LOOP('',(#126,#127,#128,#129));
#1448=EDGE_LOOP('',(#130,#131,#132,#133));
#1449=EDGE_LOOP('',(#134,#135,#136,#137));
#1450=EDGE_LOOP('',(#138,#139,#140,#141));
#1451=EDGE_LOOP('',(#142,#143,#144,#145));
#1452=EDGE_LOOP('',(#146,#147,#148,#149));
#1453=EDGE_LOOP('',(#150,#151,#152,#153));
#1454=EDGE_LOOP('',(#154,#155,#156,#157));
#1455=EDGE_LOOP('',(#158,#159,#160,#161));
#1456=EDGE_LOOP('',(#162,#163,#164,#165,#166,#167,#168,#169));
#1457=EDGE_LOOP('',(#170,#171,#172,#173,#174,#175,#176,#177));
#1458=EDGE_LOOP('',(#178,#179,#180,#181));
#1459=EDGE_LOOP('',(#182,#183,#184,#185));
#1460=EDGE_LOOP('',(#186,#187,#188,#189));
#1461=EDGE_LOOP('',(#190,#191,#192,#193));
#1462=EDGE_LOOP('',(#194,#195,#196,#197));
#1463=EDGE_LOOP('',(#198,#199,#200,#201));
#1464=EDGE_LOOP('',(#202,#203,#204,#205));
#1465=EDGE_LOOP('',(#206,#207,#208,#209));
#1466=EDGE_LOOP('',(#210,#211,#212,#213));
#1467=EDGE_LOOP('',(#214,#215,#216,#217));
#1468=EDGE_LOOP('',(#218,#219,#220,#221));
#1469=EDGE_LOOP('',(#222,#223,#224,#225));
#1470=EDGE_LOOP('',(#226,#227,#228,#229));
#1471=EDGE_LOOP('',(#230,#231,#232,#233));
#1472=EDGE_LOOP('',(#234,#235,#236,#237));
#1473=EDGE_LOOP('',(#238,#239,#240,#241));
#1474=EDGE_LOOP('',(#242,#243,#244,#245));
#1475=EDGE_LOOP('',(#246,#247,#248,#249));
#1476=EDGE_LOOP('',(#250,#251,#252,#253));
#1477=EDGE_LOOP('',(#254,#255,#256,#257));
#1478=EDGE_LOOP('',(#258,#259,#260,#261));
#1479=EDGE_LOOP('',(#262,#263,#264,#265));
#1480=EDGE_LOOP('',(#266,#267,#268,#269));
#1481=EDGE_LOOP('',(#270,#271,#272,#273));
#1482=EDGE_LOOP('',(#274,#275,#276,#277));
#1483=EDGE_LOOP('',(#278,#279,#280,#281));
#1484=EDGE_LOOP('',(#282,#283,#284,#285));
#1485=EDGE_LOOP('',(#286,#287,#288,#289));
#1486=EDGE_LOOP('',(#290,#291,#292,#293));
#1487=EDGE_LOOP('',(#294,#295,#296,#297));
#1488=EDGE_LOOP('',(#298,#299,#300,#301));
#1489=EDGE_LOOP('',(#302,#303,#304,#305));
#1490=EDGE_LOOP('',(#306,#307,#308,#309,#310,#311,#312,#313));
#1491=EDGE_LOOP('',(#314,#315,#316,#317,#318,#319,#320,#321));
#1492=EDGE_LOOP('',(#322,#323,#324,#325));
#1493=EDGE_LOOP('',(#326,#327,#328,#329));
#1494=EDGE_LOOP('',(#330,#331,#332,#333));
#1495=EDGE_LOOP('',(#334,#335,#336,#337));
#1496=EDGE_LOOP('',(#338,#339,#340,#341));
#1497=EDGE_LOOP('',(#342,#343,#344,#345));
#1498=EDGE_LOOP('',(#346,#347,#348,#349));
#1499=EDGE_LOOP('',(#350,#351,#352,#353));
#1500=EDGE_LOOP('',(#354,#355,#356,#357));
#1501=EDGE_LOOP('',(#358,#359,#360,#361));
#1502=EDGE_LOOP('',(#362,#363,#364,#365));
#1503=EDGE_LOOP('',(#366,#367,#368,#369));
#1504=EDGE_LOOP('',(#370,#371,#372,#373));
#1505=EDGE_LOOP('',(#374,#375,#376,#377));
#1506=EDGE_LOOP('',(#378,#379,#380,#381));
#1507=EDGE_LOOP('',(#382,#383,#384,#385));
#1508=EDGE_LOOP('',(#386,#387,#388,#389,#390,#391,#392,#393));
#1509=EDGE_LOOP('',(#394,#395,#396,#397,#398,#399,#400,#401));
#1510=EDGE_LOOP('',(#402,#403,#404,#405,#406,#407,#408,#409,#410,#411,#412,
#413));
#1511=EDGE_LOOP('',(#414,#415,#416,#417,#418,#419,#420,#421,#422,#423,#424,
#425));
#1512=EDGE_LOOP('',(#426,#427,#428,#429));
#1513=EDGE_LOOP('',(#430,#431,#432,#433));
#1514=EDGE_LOOP('',(#434,#435,#436,#437));
#1515=EDGE_LOOP('',(#438,#439,#440,#441));
#1516=EDGE_LOOP('',(#442,#443,#444,#445));
#1517=EDGE_LOOP('',(#446,#447,#448,#449));
#1518=EDGE_LOOP('',(#450,#451,#452,#453));
#1519=EDGE_LOOP('',(#454,#455,#456,#457));
#1520=EDGE_LOOP('',(#458,#459,#460,#461));
#1521=EDGE_LOOP('',(#462,#463,#464,#465));
#1522=EDGE_LOOP('',(#466,#467,#468,#469));
#1523=EDGE_LOOP('',(#470,#471,#472,#473));
#1524=EDGE_LOOP('',(#474,#475,#476,#477));
#1525=EDGE_LOOP('',(#478,#479,#480,#481));
#1526=EDGE_LOOP('',(#482,#483,#484,#485));
#1527=EDGE_LOOP('',(#486,#487,#488,#489));
#1528=EDGE_LOOP('',(#490,#491,#492,#493));
#1529=EDGE_LOOP('',(#494,#495,#496,#497,#498,#499,#500,#501,#502,#503,#504,
#505));
#1530=EDGE_LOOP('',(#506,#507,#508,#509,#510,#511,#512,#513,#514,#515,#516,
#517));
#1531=EDGE_LOOP('',(#518,#519,#520,#521));
#1532=EDGE_LOOP('',(#522,#523,#524,#525));
#1533=EDGE_LOOP('',(#526,#527,#528,#529));
#1534=EDGE_LOOP('',(#530,#531,#532,#533));
#1535=EDGE_LOOP('',(#534,#535,#536,#537));
#1536=EDGE_LOOP('',(#538,#539,#540,#541));
#1537=EDGE_LOOP('',(#542,#543,#544,#545));
#1538=EDGE_LOOP('',(#546,#547,#548,#549));
#1539=EDGE_LOOP('',(#550,#551,#552,#553));
#1540=EDGE_LOOP('',(#554,#555,#556,#557));
#1541=EDGE_LOOP('',(#558,#559,#560,#561));
#1542=FACE_BOUND('',#1434,.T.);
#1543=FACE_BOUND('',#1435,.T.);
#1544=FACE_BOUND('',#1436,.T.);
#1545=FACE_BOUND('',#1437,.T.);
#1546=FACE_BOUND('',#1438,.T.);
#1547=FACE_BOUND('',#1439,.T.);
#1548=FACE_BOUND('',#1440,.T.);
#1549=FACE_BOUND('',#1441,.T.);
#1550=FACE_BOUND('',#1442,.T.);
#1551=FACE_BOUND('',#1443,.T.);
#1552=FACE_BOUND('',#1444,.T.);
#1553=FACE_BOUND('',#1445,.T.);
#1554=FACE_BOUND('',#1446,.T.);
#1555=FACE_BOUND('',#1447,.T.);
#1556=FACE_BOUND('',#1448,.T.);
#1557=FACE_BOUND('',#1449,.T.);
#1558=FACE_BOUND('',#1450,.T.);
#1559=FACE_BOUND('',#1451,.T.);
#1560=FACE_BOUND('',#1452,.T.);
#1561=FACE_BOUND('',#1453,.T.);
#1562=FACE_BOUND('',#1454,.T.);
#1563=FACE_BOUND('',#1455,.T.);
#1564=FACE_BOUND('',#1456,.T.);
#1565=FACE_BOUND('',#1457,.T.);
#1566=FACE_BOUND('',#1458,.T.);
#1567=FACE_BOUND('',#1459,.T.);
#1568=FACE_BOUND('',#1460,.T.);
#1569=FACE_BOUND('',#1461,.T.);
#1570=FACE_BOUND('',#1462,.T.);
#1571=FACE_BOUND('',#1463,.T.);
#1572=FACE_BOUND('',#1464,.T.);
#1573=FACE_BOUND('',#1465,.T.);
#1574=FACE_BOUND('',#1466,.T.);
#1575=FACE_BOUND('',#1467,.T.);
#1576=FACE_BOUND('',#1468,.T.);
#1577=FACE_BOUND('',#1469,.T.);
#1578=FACE_BOUND('',#1470,.T.);
#1579=FACE_BOUND('',#1471,.T.);
#1580=FACE_BOUND('',#1472,.T.);
#1581=FACE_BOUND('',#1473,.T.);
#1582=FACE_BOUND('',#1474,.T.);
#1583=FACE_BOUND('',#1475,.T.);
#1584=FACE_BOUND('',#1476,.T.);
#1585=FACE_BOUND('',#1477,.T.);
#1586=FACE_BOUND('',#1478,.T.);
#1587=FACE_BOUND('',#1479,.T.);
#1588=FACE_BOUND('',#1480,.T.);
#1589=FACE_BOUND('',#1481,.T.);
#1590=FACE_BOUND('',#1482,.T.);
#1591=FACE_BOUND('',#1483,.T.);
#1592=FACE_BOUND('',#1484,.T.);
#1593=FACE_BOUND('',#1485,.T.);
#1594=FACE_BOUND('',#1486,.T.);
#1595=FACE_BOUND('',#1487,.T.);
#1596=FACE_BOUND('',#1488,.T.);
#1597=FACE_BOUND('',#1489,.T.);
#1598=FACE_BOUND('',#1490,.T.);
#1599=FACE_BOUND('',#1491,.T.);
#1600=FACE_BOUND('',#1492,.T.);
#1601=FACE_BOUND('',#1493,.T.);
#1602=FACE_BOUND('',#1494,.T.);
#1603=FACE_BOUND('',#1495,.T.);
#1604=FACE_BOUND('',#1496,.T.);
#1605=FACE_BOUND('',#1497,.T.);
#1606=FACE_BOUND('',#1498,.T.);
#1607=FACE_BOUND('',#1499,.T.);
#1608=FACE_BOUND('',#1500,.T.);
#1609=FACE_BOUND('',#1501,.T.);
#1610=FACE_BOUND('',#1502,.T.);
#1611=FACE_BOUND('',#1503,.T.);
#1612=FACE_BOUND('',#1504,.T.);
#1613=FACE_BOUND('',#1505,.T.);
#1614=FACE_BOUND('',#1506,.T.);
#1615=FACE_BOUND('',#1507,.T.);
#1616=FACE_BOUND('',#1508,.T.);
#1617=FACE_BOUND('',#1509,.T.);
#1618=FACE_BOUND('',#1510,.T.);
#1619=FACE_BOUND('',#1511,.T.);
#1620=FACE_BOUND('',#1512,.T.);
#1621=FACE_BOUND('',#1513,.T.);
#1622=FACE_BOUND('',#1514,.T.);
#1623=FACE_BOUND('',#1515,.T.);
#1624=FACE_BOUND('',#1516,.T.);
#1625=FACE_BOUND('',#1517,.T.);
#1626=FACE_BOUND('',#1518,.T.);
#1627=FACE_BOUND('',#1519,.T.);
#1628=FACE_BOUND('',#1520,.T.);
#1629=FACE_BOUND('',#1521,.T.);
#1630=FACE_BOUND('',#1522,.T.);
#1631=FACE_BOUND('',#1523,.T.);
#1632=FACE_BOUND('',#1524,.T.);
#1633=FACE_BOUND('',#1525,.T.);
#1634=FACE_BOUND('',#1526,.T.);
#1635=FACE_BOUND('',#1527,.T.);
#1636=FACE_BOUND('',#1528,.T.);
#1637=FACE_BOUND('',#1529,.T.);
#1638=FACE_BOUND('',#1530,.T.);
#1639=FACE_BOUND('',#1531,.T.);
#1640=FACE_BOUND('',#1532,.T.);
#1641=FACE_BOUND('',#1533,.T.);
#1642=FACE_BOUND('',#1534,.T.);
#1643=FACE_BOUND('',#1535,.T.);
#1644=FACE_BOUND('',#1536,.T.);
#1645=FACE_BOUND('',#1537,.T.);
#1646=FACE_BOUND('',#1538,.T.);
#1647=FACE_BOUND('',#1539,.T.);
#1648=FACE_BOUND('',#1540,.T.);
#1649=FACE_BOUND('',#1541,.T.);
#1650=PLANE('',#1892);
#1651=PLANE('',#1893);
#1652=PLANE('',#1894);
#1653=PLANE('',#1895);
#1654=PLANE('',#1896);
#1655=PLANE('',#1897);
#1656=PLANE('',#1898);
#1657=PLANE('',#1899);
#1658=PLANE('',#1900);
#1659=PLANE('',#1901);
#1660=PLANE('',#1902);
#1661=PLANE('',#1903);
#1662=PLANE('',#1904);
#1663=PLANE('',#1905);
#1664=PLANE('',#1906);
#1665=PLANE('',#1907);
#1666=PLANE('',#1908);
#1667=PLANE('',#1909);
#1668=PLANE('',#1910);
#1669=PLANE('',#1911);
#1670=PLANE('',#1912);
#1671=PLANE('',#1913);
#1672=PLANE('',#1915);
#1673=PLANE('',#1916);
#1674=PLANE('',#1917);
#1675=PLANE('',#1918);
#1676=PLANE('',#1919);
#1677=PLANE('',#1920);
#1678=PLANE('',#1921);
#1679=PLANE('',#1922);
#1680=PLANE('',#1923);
#1681=PLANE('',#1924);
#1682=PLANE('',#1925);
#1683=PLANE('',#1926);
#1684=PLANE('',#1927);
#1685=PLANE('',#1928);
#1686=PLANE('',#1929);
#1687=PLANE('',#1930);
#1688=PLANE('',#1931);
#1689=PLANE('',#1932);
#1690=PLANE('',#1933);
#1691=PLANE('',#1934);
#1692=PLANE('',#1935);
#1693=PLANE('',#1936);
#1694=PLANE('',#1937);
#1695=PLANE('',#1938);
#1696=PLANE('',#1939);
#1697=PLANE('',#1940);
#1698=PLANE('',#1942);
#1699=PLANE('',#1943);
#1700=PLANE('',#1944);
#1701=PLANE('',#1945);
#1702=PLANE('',#1946);
#1703=PLANE('',#1947);
#1704=PLANE('',#1948);
#1705=PLANE('',#1949);
#1706=PLANE('',#1950);
#1707=PLANE('',#1951);
#1708=PLANE('',#1952);
#1709=PLANE('',#1953);
#1710=PLANE('',#1954);
#1711=PLANE('',#1955);
#1712=PLANE('',#1956);
#1713=PLANE('',#1957);
#1714=PLANE('',#1958);
#1715=PLANE('',#1959);
#1716=PLANE('',#1961);
#1717=PLANE('',#1962);
#1718=PLANE('',#1963);
#1719=PLANE('',#1968);
#1720=PLANE('',#1973);
#1721=PLANE('',#1974);
#1722=PLANE('',#1977);
#1723=PLANE('',#1982);
#1724=PLANE('',#1985);
#1725=PLANE('',#1986);
#1726=PLANE('',#1989);
#1727=PLANE('',#1994);
#1728=PLANE('',#1997);
#1729=PLANE('',#1998);
#1730=PLANE('',#1999);
#1731=PLANE('',#2000);
#1732=PLANE('',#2001);
#1733=PLANE('',#2002);
#1734=PLANE('',#2003);
#1735=PLANE('',#2004);
#1736=PLANE('',#2005);
#1737=PLANE('',#2006);
#1738=PLANE('',#2007);
#1739=PLANE('',#2008);
#1740=PLANE('',#2009);
#1741=PLANE('',#2010);
#1742=ADVANCED_FACE('',(#1542),#1650,.F.);
#1743=ADVANCED_FACE('',(#1543),#1651,.T.);
#1744=ADVANCED_FACE('',(#1544,#1545),#1652,.T.);
#1745=ADVANCED_FACE('',(#1546,#1547),#1653,.T.);
#1746=ADVANCED_FACE('',(#1548,#1549),#1654,.F.);
#1747=ADVANCED_FACE('',(#1550,#1551),#1655,.F.);
#1748=ADVANCED_FACE('',(#1552),#1656,.F.);
#1749=ADVANCED_FACE('',(#1553),#1657,.F.);
#1750=ADVANCED_FACE('',(#1554),#1658,.F.);
#1751=ADVANCED_FACE('',(#1555),#1659,.T.);
#1752=ADVANCED_FACE('',(#1556),#1660,.T.);
#1753=ADVANCED_FACE('',(#1557),#1661,.T.);
#1754=ADVANCED_FACE('',(#1558),#1662,.T.);
#1755=ADVANCED_FACE('',(#1559),#1663,.T.);
#1756=ADVANCED_FACE('',(#1560),#1664,.T.);
#1757=ADVANCED_FACE('',(#1561),#1665,.T.);
#1758=ADVANCED_FACE('',(#1562),#1666,.T.);
#1759=ADVANCED_FACE('',(#1563),#1667,.F.);
#1760=ADVANCED_FACE('',(#1564),#1668,.T.);
#1761=ADVANCED_FACE('',(#1565),#1669,.T.);
#1762=ADVANCED_FACE('',(#1566),#1670,.T.);
#1763=ADVANCED_FACE('',(#1567),#1671,.T.);
#1764=ADVANCED_FACE('',(#1568),#1672,.F.);
#1765=ADVANCED_FACE('',(#1569),#1673,.F.);
#1766=ADVANCED_FACE('',(#1570,#1571,#1572,#1573,#1574),#1674,.F.);
#1767=ADVANCED_FACE('',(#1575),#1675,.F.);
#1768=ADVANCED_FACE('',(#1576),#1676,.T.);
#1769=ADVANCED_FACE('',(#1577),#1677,.F.);
#1770=ADVANCED_FACE('',(#1578),#1678,.T.);
#1771=ADVANCED_FACE('',(#1579),#1679,.T.);
#1772=ADVANCED_FACE('',(#1580),#1680,.T.);
#1773=ADVANCED_FACE('',(#1581),#1681,.T.);
#1774=ADVANCED_FACE('',(#1582),#1682,.F.);
#1775=ADVANCED_FACE('',(#1583),#1683,.T.);
#1776=ADVANCED_FACE('',(#1584),#1684,.T.);
#1777=ADVANCED_FACE('',(#1585),#1685,.T.);
#1778=ADVANCED_FACE('',(#1586),#1686,.T.);
#1779=ADVANCED_FACE('',(#1587),#1687,.F.);
#1780=ADVANCED_FACE('',(#1588),#1688,.T.);
#1781=ADVANCED_FACE('',(#1589),#1689,.T.);
#1782=ADVANCED_FACE('',(#1590),#1690,.T.);
#1783=ADVANCED_FACE('',(#1591),#1691,.T.);
#1784=ADVANCED_FACE('',(#1592),#1692,.F.);
#1785=ADVANCED_FACE('',(#1593),#1693,.T.);
#1786=ADVANCED_FACE('',(#1594),#1694,.T.);
#1787=ADVANCED_FACE('',(#1595),#1695,.T.);
#1788=ADVANCED_FACE('',(#1596),#1696,.T.);
#1789=ADVANCED_FACE('',(#1597),#1697,.F.);
#1790=ADVANCED_FACE('',(#1598),#1698,.F.);
#1791=ADVANCED_FACE('',(#1599),#1699,.F.);
#1792=ADVANCED_FACE('',(#1600),#1700,.T.);
#1793=ADVANCED_FACE('',(#1601),#1701,.F.);
#1794=ADVANCED_FACE('',(#1602),#1702,.F.);
#1795=ADVANCED_FACE('',(#1603),#1703,.F.);
#1796=ADVANCED_FACE('',(#1604),#1704,.F.);
#1797=ADVANCED_FACE('',(#1605),#1705,.T.);
#1798=ADVANCED_FACE('',(#1606),#1706,.T.);
#1799=ADVANCED_FACE('',(#1607),#1707,.T.);
#1800=ADVANCED_FACE('',(#1608),#1708,.T.);
#1801=ADVANCED_FACE('',(#1609),#1709,.T.);
#1802=ADVANCED_FACE('',(#1610),#1710,.T.);
#1803=ADVANCED_FACE('',(#1611),#1711,.T.);
#1804=ADVANCED_FACE('',(#1612),#1712,.T.);
#1805=ADVANCED_FACE('',(#1613),#1713,.T.);
#1806=ADVANCED_FACE('',(#1614),#1714,.T.);
#1807=ADVANCED_FACE('',(#1615),#1715,.T.);
#1808=ADVANCED_FACE('',(#1616),#1716,.F.);
#1809=ADVANCED_FACE('',(#1617),#1717,.F.);
#1810=ADVANCED_FACE('',(#1618),#1718,.T.);
#1811=ADVANCED_FACE('',(#1619),#1719,.F.);
#1812=ADVANCED_FACE('',(#1620),#1720,.F.);
#1813=ADVANCED_FACE('',(#1621),#1721,.F.);
#1814=ADVANCED_FACE('',(#1622),#18,.F.);
#1815=ADVANCED_FACE('',(#1623),#1722,.F.);
#1816=ADVANCED_FACE('',(#1624),#19,.T.);
#1817=ADVANCED_FACE('',(#1625),#20,.F.);
#1818=ADVANCED_FACE('',(#1626),#1723,.F.);
#1819=ADVANCED_FACE('',(#1627),#21,.T.);
#1820=ADVANCED_FACE('',(#1628),#1724,.F.);
#1821=ADVANCED_FACE('',(#1629),#1725,.F.);
#1822=ADVANCED_FACE('',(#1630),#22,.F.);
#1823=ADVANCED_FACE('',(#1631),#1726,.F.);
#1824=ADVANCED_FACE('',(#1632),#23,.T.);
#1825=ADVANCED_FACE('',(#1633),#24,.F.);
#1826=ADVANCED_FACE('',(#1634),#1727,.F.);
#1827=ADVANCED_FACE('',(#1635),#25,.T.);
#1828=ADVANCED_FACE('',(#1636),#1728,.F.);
#1829=ADVANCED_FACE('',(#1637),#1729,.F.);
#1830=ADVANCED_FACE('',(#1638),#1730,.F.);
#1831=ADVANCED_FACE('',(#1639),#1731,.T.);
#1832=ADVANCED_FACE('',(#1640),#1732,.T.);
#1833=ADVANCED_FACE('',(#1641),#1733,.T.);
#1834=ADVANCED_FACE('',(#1642),#1734,.T.);
#1835=ADVANCED_FACE('',(#1643),#1735,.F.);
#1836=ADVANCED_FACE('',(#1644),#1736,.T.);
#1837=ADVANCED_FACE('',(#1645),#1737,.T.);
#1838=ADVANCED_FACE('',(#1646),#1738,.T.);
#1839=ADVANCED_FACE('',(#1647),#1739,.T.);
#1840=ADVANCED_FACE('',(#1648),#1740,.F.);
#1841=ADVANCED_FACE('',(#1649),#1741,.T.);
#1842=CLOSED_SHELL('',(#1742,#1743,#1744,#1745,#1746,#1747,#1748,#1749,
#1750,#1751,#1752,#1753,#1754,#1755,#1756,#1757,#1758,#1759,#1760,#1761,
#1762,#1763));
#1843=CLOSED_SHELL('',(#1764,#1765,#1766,#1767,#1768,#1769,#1770,#1771,
#1772,#1773,#1774,#1775,#1776,#1777,#1778,#1779,#1780,#1781,#1782,#1783,
#1784,#1785,#1786,#1787,#1788,#1789));
#1844=CLOSED_SHELL('',(#1790,#1791,#1792,#1793,#1794,#1795,#1796,#1797,
#1798,#1799,#1800,#1801,#1802,#1803,#1804,#1805,#1806,#1807));
#1845=CLOSED_SHELL('',(#1808,#1809,#1810,#1811,#1812,#1813,#1814,#1815,
#1816,#1817,#1818,#1819,#1820,#1821,#1822,#1823,#1824,#1825,#1826,#1827,
#1828,#1829,#1830,#1831,#1832,#1833,#1834,#1835,#1836,#1837,#1838,#1839,
#1840,#1841));
#1846=STYLED_ITEM('',(#1850),#1877);
#1847=STYLED_ITEM('',(#1851),#1878);
#1848=STYLED_ITEM('',(#1852),#1879);
#1849=STYLED_ITEM('',(#1853),#1880);
#1850=PRESENTATION_STYLE_ASSIGNMENT((#1854));
#1851=PRESENTATION_STYLE_ASSIGNMENT((#1855));
#1852=PRESENTATION_STYLE_ASSIGNMENT((#1856));
#1853=PRESENTATION_STYLE_ASSIGNMENT((#1857));
#1854=SURFACE_STYLE_USAGE(.BOTH.,#1858);
#1855=SURFACE_STYLE_USAGE(.BOTH.,#1859);
#1856=SURFACE_STYLE_USAGE(.BOTH.,#1860);
#1857=SURFACE_STYLE_USAGE(.BOTH.,#1861);
#1858=SURFACE_SIDE_STYLE('',(#1862));
#1859=SURFACE_SIDE_STYLE('',(#1863));
#1860=SURFACE_SIDE_STYLE('',(#1864));
#1861=SURFACE_SIDE_STYLE('',(#1865));
#1862=SURFACE_STYLE_FILL_AREA(#1866);
#1863=SURFACE_STYLE_FILL_AREA(#1867);
#1864=SURFACE_STYLE_FILL_AREA(#1868);
#1865=SURFACE_STYLE_FILL_AREA(#1869);
#1866=FILL_AREA_STYLE('',(#1870));
#1867=FILL_AREA_STYLE('',(#1871));
#1868=FILL_AREA_STYLE('',(#1872));
#1869=FILL_AREA_STYLE('',(#1873));
#1870=FILL_AREA_STYLE_COLOUR('',#1874);
#1871=FILL_AREA_STYLE_COLOUR('',#1874);
#1872=FILL_AREA_STYLE_COLOUR('',#1875);
#1873=FILL_AREA_STYLE_COLOUR('',#1876);
#1874=COLOUR_RGB('',0.0549019612371922,0.0549019612371922,0.0549019612371922);
#1875=COLOUR_RGB('',0.831372559070587,0.701960802078247,0.176470592617989);
#1876=COLOUR_RGB('',0.670588254928589,0.670588254928589,0.670588254928589);
#1877=MANIFOLD_SOLID_BREP('TSM-102-01-SH_body',#1842);
#1878=MANIFOLD_SOLID_BREP('PPP-08-01-2--SH',#1843);
#1879=MANIFOLD_SOLID_BREP('T-1S6-08-L(-01-2-SH)',#1844);
#1880=MANIFOLD_SOLID_BREP('T-1S6-08-L(-01-2-SH)2',#1845);
#1881=SHAPE_DEFINITION_REPRESENTATION(#3016,#1886);
#1882=SHAPE_DEFINITION_REPRESENTATION(#3017,#1887);
#1883=SHAPE_DEFINITION_REPRESENTATION(#3019,#1888);
#1884=SHAPE_DEFINITION_REPRESENTATION(#3021,#1889);
#1885=SHAPE_DEFINITION_REPRESENTATION(#3023,#1890);
#1886=SHAPE_REPRESENTATION('TSM-102-01-L-SH-P-TR',(#1891,#1914,#1941,#1960,
#2011),#3000);
#1887=SHAPE_REPRESENTATION('TSM-102-01-SH_body',(#1891),#3001);
#1888=SHAPE_REPRESENTATION('PPP-08-01-2--SH',(#1891),#3002);
#1889=SHAPE_REPRESENTATION('T-1S6-08-L(-01-2-SH)',(#1891),#3003);
#1890=SHAPE_REPRESENTATION('T-1S6-08-L(-01-2-SH)2',(#1891),#3004);
#1891=AXIS2_PLACEMENT_3D('',#2486,#2012,#2013);
#1892=AXIS2_PLACEMENT_3D('',#2487,#2014,#2015);
#1893=AXIS2_PLACEMENT_3D('',#2512,#2028,#2029);
#1894=AXIS2_PLACEMENT_3D('',#2521,#2034,#2035);
#1895=AXIS2_PLACEMENT_3D('',#2535,#2043,#2044);
#1896=AXIS2_PLACEMENT_3D('',#2549,#2052,#2053);
#1897=AXIS2_PLACEMENT_3D('',#2563,#2061,#2062);
#1898=AXIS2_PLACEMENT_3D('',#2577,#2070,#2071);
#1899=AXIS2_PLACEMENT_3D('',#2580,#2074,#2075);
#1900=AXIS2_PLACEMENT_3D('',#2583,#2078,#2079);
#1901=AXIS2_PLACEMENT_3D('',#2584,#2080,#2081);
#1902=AXIS2_PLACEMENT_3D('',#2587,#2084,#2085);
#1903=AXIS2_PLACEMENT_3D('',#2589,#2087,#2088);
#1904=AXIS2_PLACEMENT_3D('',#2591,#2090,#2091);
#1905=AXIS2_PLACEMENT_3D('',#2594,#2094,#2095);
#1906=AXIS2_PLACEMENT_3D('',#2596,#2097,#2098);
#1907=AXIS2_PLACEMENT_3D('',#2598,#2100,#2101);
#1908=AXIS2_PLACEMENT_3D('',#2599,#2102,#2103);
#1909=AXIS2_PLACEMENT_3D('',#2600,#2104,#2105);
#1910=AXIS2_PLACEMENT_3D('',#2601,#2106,#2107);
#1911=AXIS2_PLACEMENT_3D('',#2604,#2110,#2111);
#1912=AXIS2_PLACEMENT_3D('',#2607,#2114,#2115);
#1913=AXIS2_PLACEMENT_3D('',#2608,#2116,#2117);
#1914=AXIS2_PLACEMENT_3D('',#2609,#2118,#2119);
#1915=AXIS2_PLACEMENT_3D('',#2610,#2120,#2121);
#1916=AXIS2_PLACEMENT_3D('',#2619,#2126,#2127);
#1917=AXIS2_PLACEMENT_3D('',#2625,#2131,#2132);
#1918=AXIS2_PLACEMENT_3D('',#2663,#2152,#2153);
#1919=AXIS2_PLACEMENT_3D('',#2666,#2156,#2157);
#1920=AXIS2_PLACEMENT_3D('',#2667,#2158,#2159);
#1921=AXIS2_PLACEMENT_3D('',#2668,#2160,#2161);
#1922=AXIS2_PLACEMENT_3D('',#2674,#2165,#2166);
#1923=AXIS2_PLACEMENT_3D('',#2678,#2169,#2170);
#1924=AXIS2_PLACEMENT_3D('',#2682,#2173,#2174);
#1925=AXIS2_PLACEMENT_3D('',#2684,#2176,#2177);
#1926=AXIS2_PLACEMENT_3D('',#2685,#2178,#2179);
#1927=AXIS2_PLACEMENT_3D('',#2691,#2183,#2184);
#1928=AXIS2_PLACEMENT_3D('',#2695,#2187,#2188);
#1929=AXIS2_PLACEMENT_3D('',#2699,#2191,#2192);
#1930=AXIS2_PLACEMENT_3D('',#2701,#2194,#2195);
#1931=AXIS2_PLACEMENT_3D('',#2702,#2196,#2197);
#1932=AXIS2_PLACEMENT_3D('',#2708,#2201,#2202);
#1933=AXIS2_PLACEMENT_3D('',#2712,#2205,#2206);
#1934=AXIS2_PLACEMENT_3D('',#2716,#2209,#2210);
#1935=AXIS2_PLACEMENT_3D('',#2718,#2212,#2213);
#1936=AXIS2_PLACEMENT_3D('',#2719,#2214,#2215);
#1937=AXIS2_PLACEMENT_3D('',#2725,#2219,#2220);
#1938=AXIS2_PLACEMENT_3D('',#2729,#2223,#2224);
#1939=AXIS2_PLACEMENT_3D('',#2733,#2227,#2228);
#1940=AXIS2_PLACEMENT_3D('',#2735,#2230,#2231);
#1941=AXIS2_PLACEMENT_3D('',#2736,#2232,#2233);
#1942=AXIS2_PLACEMENT_3D('',#2737,#2234,#2235);
#1943=AXIS2_PLACEMENT_3D('',#2754,#2244,#2245);
#1944=AXIS2_PLACEMENT_3D('',#2771,#2254,#2255);
#1945=AXIS2_PLACEMENT_3D('',#2774,#2258,#2259);
#1946=AXIS2_PLACEMENT_3D('',#2777,#2262,#2263);
#1947=AXIS2_PLACEMENT_3D('',#2780,#2266,#2267);
#1948=AXIS2_PLACEMENT_3D('',#2782,#2269,#2270);
#1949=AXIS2_PLACEMENT_3D('',#2784,#2272,#2273);
#1950=AXIS2_PLACEMENT_3D('',#2790,#2277,#2278);
#1951=AXIS2_PLACEMENT_3D('',#2794,#2281,#2282);
#1952=AXIS2_PLACEMENT_3D('',#2798,#2285,#2286);
#1953=AXIS2_PLACEMENT_3D('',#2800,#2288,#2289);
#1954=AXIS2_PLACEMENT_3D('',#2801,#2290,#2291);
#1955=AXIS2_PLACEMENT_3D('',#2807,#2295,#2296);
#1956=AXIS2_PLACEMENT_3D('',#2811,#2299,#2300);
#1957=AXIS2_PLACEMENT_3D('',#2815,#2303,#2304);
#1958=AXIS2_PLACEMENT_3D('',#2817,#2306,#2307);
#1959=AXIS2_PLACEMENT_3D('',#2818,#2308,#2309);
#1960=AXIS2_PLACEMENT_3D('',#2819,#2310,#2311);
#1961=AXIS2_PLACEMENT_3D('',#2820,#2312,#2313);
#1962=AXIS2_PLACEMENT_3D('',#2837,#2322,#2323);
#1963=AXIS2_PLACEMENT_3D('',#2854,#2332,#2333);
#1964=AXIS2_PLACEMENT_3D('',#2856,#2335,#2336);
#1965=AXIS2_PLACEMENT_3D('',#2860,#2338,#2339);
#1966=AXIS2_PLACEMENT_3D('',#2868,#2343,#2344);
#1967=AXIS2_PLACEMENT_3D('',#2872,#2346,#2347);
#1968=AXIS2_PLACEMENT_3D('',#2873,#2348,#2349);
#1969=AXIS2_PLACEMENT_3D('',#2875,#2351,#2352);
#1970=AXIS2_PLACEMENT_3D('',#2879,#2354,#2355);
#1971=AXIS2_PLACEMENT_3D('',#2887,#2359,#2360);
#1972=AXIS2_PLACEMENT_3D('',#2891,#2362,#2363);
#1973=AXIS2_PLACEMENT_3D('',#2892,#2364,#2365);
#1974=AXIS2_PLACEMENT_3D('',#2898,#2369,#2370);
#1975=AXIS2_PLACEMENT_3D('',#2904,#2374,#2375);
#1976=AXIS2_PLACEMENT_3D('',#2905,#2376,#2377);
#1977=AXIS2_PLACEMENT_3D('',#2908,#2379,#2380);
#1978=AXIS2_PLACEMENT_3D('',#2912,#2383,#2384);
#1979=AXIS2_PLACEMENT_3D('',#2913,#2385,#2386);
#1980=AXIS2_PLACEMENT_3D('',#2914,#2387,#2388);
#1981=AXIS2_PLACEMENT_3D('',#2915,#2389,#2390);
#1982=AXIS2_PLACEMENT_3D('',#2918,#2392,#2393);
#1983=AXIS2_PLACEMENT_3D('',#2922,#2396,#2397);
#1984=AXIS2_PLACEMENT_3D('',#2923,#2398,#2399);
#1985=AXIS2_PLACEMENT_3D('',#2924,#2400,#2401);
#1986=AXIS2_PLACEMENT_3D('',#2930,#2405,#2406);
#1987=AXIS2_PLACEMENT_3D('',#2936,#2410,#2411);
#1988=AXIS2_PLACEMENT_3D('',#2937,#2412,#2413);
#1989=AXIS2_PLACEMENT_3D('',#2940,#2415,#2416);
#1990=AXIS2_PLACEMENT_3D('',#2944,#2419,#2420);
#1991=AXIS2_PLACEMENT_3D('',#2945,#2421,#2422);
#1992=AXIS2_PLACEMENT_3D('',#2946,#2423,#2424);
#1993=AXIS2_PLACEMENT_3D('',#2947,#2425,#2426);
#1994=AXIS2_PLACEMENT_3D('',#2950,#2428,#2429);
#1995=AXIS2_PLACEMENT_3D('',#2954,#2432,#2433);
#1996=AXIS2_PLACEMENT_3D('',#2955,#2434,#2435);
#1997=AXIS2_PLACEMENT_3D('',#2956,#2436,#2437);
#1998=AXIS2_PLACEMENT_3D('',#2959,#2440,#2441);
#1999=AXIS2_PLACEMENT_3D('',#2961,#2443,#2444);
#2000=AXIS2_PLACEMENT_3D('',#2963,#2446,#2447);
#2001=AXIS2_PLACEMENT_3D('',#2969,#2451,#2452);
#2002=AXIS2_PLACEMENT_3D('',#2973,#2455,#2456);
#2003=AXIS2_PLACEMENT_3D('',#2977,#2459,#2460);
#2004=AXIS2_PLACEMENT_3D('',#2979,#2462,#2463);
#2005=AXIS2_PLACEMENT_3D('',#2980,#2464,#2465);
#2006=AXIS2_PLACEMENT_3D('',#2986,#2469,#2470);
#2007=AXIS2_PLACEMENT_3D('',#2990,#2473,#2474);
#2008=AXIS2_PLACEMENT_3D('',#2994,#2477,#2478);
#2009=AXIS2_PLACEMENT_3D('',#2996,#2480,#2481);
#2010=AXIS2_PLACEMENT_3D('',#2997,#2482,#2483);
#2011=AXIS2_PLACEMENT_3D('',#2998,#2484,#2485);
#2012=DIRECTION('',(0.,0.,1.));
#2013=DIRECTION('',(1.,0.,0.));
#2014=DIRECTION('',(0.,1.,0.));
#2015=DIRECTION('',(0.,0.,1.));
#2016=DIRECTION('',(0.,0.,-1.));
#2017=DIRECTION('',(1.,0.,0.));
#2018=DIRECTION('',(0.,0.,-1.));
#2019=DIRECTION('',(1.,0.,0.));
#2020=DIRECTION('',(0.,0.,-1.));
#2021=DIRECTION('',(-1.,0.,0.));
#2022=DIRECTION('',(0.,0.,1.));
#2023=DIRECTION('',(1.,0.,0.));
#2024=DIRECTION('',(0.,0.,-1.));
#2025=DIRECTION('',(1.,0.,0.));
#2026=DIRECTION('',(0.,0.,1.));
#2027=DIRECTION('',(1.,0.,0.));
#2028=DIRECTION('',(0.,1.,0.));
#2029=DIRECTION('',(0.,0.,1.));
#2030=DIRECTION('',(0.,0.,-1.));
#2031=DIRECTION('',(1.,0.,0.));
#2032=DIRECTION('',(0.,0.,-1.));
#2033=DIRECTION('',(-1.,0.,0.));
#2034=DIRECTION('',(0.,0.,1.));
#2035=DIRECTION('',(1.,0.,0.));
#2036=DIRECTION('',(-1.,0.,0.));
#2037=DIRECTION('',(0.,1.,0.));
#2038=DIRECTION('',(1.,-5.44453123737297E-17,0.));
#2039=DIRECTION('',(0.,-1.,0.));
#2040=DIRECTION('',(0.,-1.,0.));
#2041=DIRECTION('',(-1.,0.,0.));
#2042=DIRECTION('',(0.,-1.,0.));
#2043=DIRECTION('',(0.,0.,1.));
#2044=DIRECTION('',(1.,0.,0.));
#2045=DIRECTION('',(-1.,0.,0.));
#2046=DIRECTION('',(0.,1.,0.));
#2047=DIRECTION('',(1.,-5.44453123737297E-17,0.));
#2048=DIRECTION('',(0.,-1.,0.));
#2049=DIRECTION('',(0.,1.,0.));
#2050=DIRECTION('',(0.,1.,0.));
#2051=DIRECTION('',(-1.,0.,0.));
#2052=DIRECTION('',(0.,0.,1.));
#2053=DIRECTION('',(1.,0.,0.));
#2054=DIRECTION('',(-1.,0.,0.));
#2055=DIRECTION('',(0.,-1.,0.));
#2056=DIRECTION('',(1.,-5.44453123737297E-17,0.));
#2057=DIRECTION('',(0.,1.,0.));
#2058=DIRECTION('',(0.,1.,0.));
#2059=DIRECTION('',(0.,-1.,0.));
#2060=DIRECTION('',(-1.,0.,0.));
#2061=DIRECTION('',(0.,0.,1.));
#2062=DIRECTION('',(1.,0.,0.));
#2063=DIRECTION('',(-1.,0.,0.));
#2064=DIRECTION('',(0.,-1.,0.));
#2065=DIRECTION('',(1.,-5.44453123737297E-17,0.));
#2066=DIRECTION('',(0.,1.,0.));
#2067=DIRECTION('',(0.,1.,0.));
#2068=DIRECTION('',(-1.,0.,0.));
#2069=DIRECTION('',(0.,1.,0.));
#2070=DIRECTION('',(0.,-1.,0.));
#2071=DIRECTION('',(0.,0.,-1.));
#2072=DIRECTION('',(0.,0.,1.));
#2073=DIRECTION('',(0.,0.,-1.));
#2074=DIRECTION('',(0.,-1.,0.));
#2075=DIRECTION('',(0.,0.,-1.));
#2076=DIRECTION('',(0.,0.,-1.));
#2077=DIRECTION('',(0.,0.,-1.));
#2078=DIRECTION('',(1.,0.,0.));
#2079=DIRECTION('',(0.,0.,-1.));
#2080=DIRECTION('',(0.,-1.,0.));
#2081=DIRECTION('',(0.,0.,-1.));
#2082=DIRECTION('',(0.,0.,-1.));
#2083=DIRECTION('',(0.,0.,-1.));
#2084=DIRECTION('',(-1.,0.,0.));
#2085=DIRECTION('',(0.,0.,1.));
#2086=DIRECTION('',(0.,0.,-1.));
#2087=DIRECTION('',(5.44453123737297E-17,1.,0.));
#2088=DIRECTION('',(-1.,5.44453123737297E-17,0.));
#2089=DIRECTION('',(0.,0.,-1.));
#2090=DIRECTION('',(0.,-1.,0.));
#2091=DIRECTION('',(0.,0.,-1.));
#2092=DIRECTION('',(0.,0.,-1.));
#2093=DIRECTION('',(0.,0.,-1.));
#2094=DIRECTION('',(-1.,0.,0.));
#2095=DIRECTION('',(0.,0.,1.));
#2096=DIRECTION('',(0.,0.,-1.));
#2097=DIRECTION('',(5.44453123737297E-17,1.,0.));
#2098=DIRECTION('',(-1.,5.44453123737297E-17,0.));
#2099=DIRECTION('',(0.,0.,-1.));
#2100=DIRECTION('',(1.,0.,0.));
#2101=DIRECTION('',(0.,0.,-1.));
#2102=DIRECTION('',(1.,0.,0.));
#2103=DIRECTION('',(0.,0.,-1.));
#2104=DIRECTION('',(-1.,0.,0.));
#2105=DIRECTION('',(0.,0.,1.));
#2106=DIRECTION('',(1.,0.,0.));
#2107=DIRECTION('',(0.,0.,-1.));
#2108=DIRECTION('',(0.,-1.,0.));
#2109=DIRECTION('',(0.,-1.,0.));
#2110=DIRECTION('',(-1.,0.,0.));
#2111=DIRECTION('',(0.,0.,1.));
#2112=DIRECTION('',(0.,-1.,0.));
#2113=DIRECTION('',(0.,-1.,0.));
#2114=DIRECTION('',(0.,0.,-1.));
#2115=DIRECTION('',(-1.,0.,0.));
#2116=DIRECTION('',(0.,0.,1.));
#2117=DIRECTION('',(1.,0.,0.));
#2118=DIRECTION('',(0.,0.,1.));
#2119=DIRECTION('',(1.,0.,0.));
#2120=DIRECTION('',(0.,-1.,0.));
#2121=DIRECTION('',(0.,0.,-1.));
#2122=DIRECTION('',(-1.,0.,0.));
#2123=DIRECTION('',(0.,0.,-1.));
#2124=DIRECTION('',(-1.,0.,0.));
#2125=DIRECTION('',(0.,0.,-1.));
#2126=DIRECTION('',(1.,0.,0.));
#2127=DIRECTION('',(0.,0.,-1.));
#2128=DIRECTION('',(0.,-1.,0.));
#2129=DIRECTION('',(0.,0.,-1.));
#2130=DIRECTION('',(0.,-1.,0.));
#2131=DIRECTION('',(0.,1.,0.));
#2132=DIRECTION('',(0.,0.,1.));
#2133=DIRECTION('',(-1.,0.,0.));
#2134=DIRECTION('',(0.,0.,1.));
#2135=DIRECTION('',(1.,0.,0.));
#2136=DIRECTION('',(0.,0.,-1.));
#2137=DIRECTION('',(-1.,0.,0.));
#2138=DIRECTION('',(0.,0.,1.));
#2139=DIRECTION('',(1.,0.,0.));
#2140=DIRECTION('',(0.,0.,-1.));
#2141=DIRECTION('',(-1.,0.,0.));
#2142=DIRECTION('',(0.,0.,1.));
#2143=DIRECTION('',(1.,0.,0.));
#2144=DIRECTION('',(0.,0.,-1.));
#2145=DIRECTION('',(-1.,0.,0.));
#2146=DIRECTION('',(0.,0.,1.));
#2147=DIRECTION('',(1.,0.,0.));
#2148=DIRECTION('',(0.,0.,-1.));
#2149=DIRECTION('',(1.,0.,0.));
#2150=DIRECTION('',(0.,0.,-1.));
#2151=DIRECTION('',(1.,0.,0.));
#2152=DIRECTION('',(-1.,0.,0.));
#2153=DIRECTION('',(0.,0.,1.));
#2154=DIRECTION('',(0.,1.,0.));
#2155=DIRECTION('',(0.,1.,0.));
#2156=DIRECTION('',(0.,0.,1.));
#2157=DIRECTION('',(1.,0.,0.));
#2158=DIRECTION('',(0.,0.,1.));
#2159=DIRECTION('',(1.,0.,0.));
#2160=DIRECTION('',(-1.,0.,0.));
#2161=DIRECTION('',(0.,0.,1.));
#2162=DIRECTION('',(0.,1.,0.));
#2163=DIRECTION('',(0.,0.,1.));
#2164=DIRECTION('',(0.,1.,0.));
#2165=DIRECTION('',(0.,0.,1.));
#2166=DIRECTION('',(1.,0.,0.));
#2167=DIRECTION('',(1.,0.,0.));
#2168=DIRECTION('',(0.,1.,0.));
#2169=DIRECTION('',(1.,0.,0.));
#2170=DIRECTION('',(0.,0.,-1.));
#2171=DIRECTION('',(0.,0.,-1.));
#2172=DIRECTION('',(0.,1.,0.));
#2173=DIRECTION('',(0.,0.,-1.));
#2174=DIRECTION('',(-1.,0.,0.));
#2175=DIRECTION('',(-1.,0.,0.));
#2176=DIRECTION('',(0.,1.,0.));
#2177=DIRECTION('',(0.,0.,1.));
#2178=DIRECTION('',(-1.,0.,0.));
#2179=DIRECTION('',(0.,0.,1.));
#2180=DIRECTION('',(0.,1.,0.));
#2181=DIRECTION('',(0.,0.,1.));
#2182=DIRECTION('',(0.,1.,0.));
#2183=DIRECTION('',(0.,0.,1.));
#2184=DIRECTION('',(1.,0.,0.));
#2185=DIRECTION('',(1.,0.,0.));
#2186=DIRECTION('',(0.,1.,0.));
#2187=DIRECTION('',(1.,0.,0.));
#2188=DIRECTION('',(0.,0.,-1.));
#2189=DIRECTION('',(0.,0.,-1.));
#2190=DIRECTION('',(0.,1.,0.));
#2191=DIRECTION('',(0.,0.,-1.));
#2192=DIRECTION('',(-1.,0.,0.));
#2193=DIRECTION('',(-1.,0.,0.));
#2194=DIRECTION('',(0.,1.,0.));
#2195=DIRECTION('',(0.,0.,1.));
#2196=DIRECTION('',(-1.,0.,0.));
#2197=DIRECTION('',(0.,0.,1.));
#2198=DIRECTION('',(0.,1.,0.));
#2199=DIRECTION('',(0.,0.,1.));
#2200=DIRECTION('',(0.,1.,0.));
#2201=DIRECTION('',(0.,0.,1.));
#2202=DIRECTION('',(1.,0.,0.));
#2203=DIRECTION('',(1.,0.,0.));
#2204=DIRECTION('',(0.,1.,0.));
#2205=DIRECTION('',(1.,0.,0.));
#2206=DIRECTION('',(0.,0.,-1.));
#2207=DIRECTION('',(0.,0.,-1.));
#2208=DIRECTION('',(0.,1.,0.));
#2209=DIRECTION('',(0.,0.,-1.));
#2210=DIRECTION('',(-1.,0.,0.));
#2211=DIRECTION('',(-1.,0.,0.));
#2212=DIRECTION('',(0.,1.,0.));
#2213=DIRECTION('',(0.,0.,1.));
#2214=DIRECTION('',(-1.,0.,0.));
#2215=DIRECTION('',(0.,0.,1.));
#2216=DIRECTION('',(0.,1.,0.));
#2217=DIRECTION('',(0.,0.,1.));
#2218=DIRECTION('',(0.,1.,0.));
#2219=DIRECTION('',(0.,0.,1.));
#2220=DIRECTION('',(1.,0.,0.));
#2221=DIRECTION('',(1.,0.,0.));
#2222=DIRECTION('',(0.,1.,0.));
#2223=DIRECTION('',(1.,0.,0.));
#2224=DIRECTION('',(0.,0.,-1.));
#2225=DIRECTION('',(0.,0.,-1.));
#2226=DIRECTION('',(0.,1.,0.));
#2227=DIRECTION('',(0.,0.,-1.));
#2228=DIRECTION('',(-1.,0.,0.));
#2229=DIRECTION('',(-1.,0.,0.));
#2230=DIRECTION('',(0.,1.,0.));
#2231=DIRECTION('',(0.,0.,1.));
#2232=DIRECTION('',(0.,0.,1.));
#2233=DIRECTION('',(1.,0.,0.));
#2234=DIRECTION('',(0.,0.,1.));
#2235=DIRECTION('',(1.,0.,0.));
#2236=DIRECTION('',(1.,0.,0.));
#2237=DIRECTION('',(0.,1.,0.));
#2238=DIRECTION('',(-1.,0.,0.));
#2239=DIRECTION('',(0.,-1.,0.));
#2240=DIRECTION('',(1.,0.,0.));
#2241=DIRECTION('',(0.,1.,0.));
#2242=DIRECTION('',(-1.,0.,0.));
#2243=DIRECTION('',(0.,1.,0.));
#2244=DIRECTION('',(0.,0.,-1.));
#2245=DIRECTION('',(-1.,0.,0.));
#2246=DIRECTION('',(-1.,0.,0.));
#2247=DIRECTION('',(0.,-1.,0.));
#2248=DIRECTION('',(-1.,0.,0.));
#2249=DIRECTION('',(0.,-1.,0.));
#2250=DIRECTION('',(-1.,0.,0.));
#2251=DIRECTION('',(0.,1.,0.));
#2252=DIRECTION('',(-1.,0.,0.));
#2253=DIRECTION('',(0.,-1.,0.));
#2254=DIRECTION('',(1.,0.,0.));
#2255=DIRECTION('',(0.,0.,-1.));
#2256=DIRECTION('',(0.,-7.85406298178476E-17,-1.));
#2257=DIRECTION('',(0.,0.,1.));
#2258=DIRECTION('',(1.,0.,0.));
#2259=DIRECTION('',(0.,0.,-1.));
#2260=DIRECTION('',(0.,-7.85406298178476E-17,-1.));
#2261=DIRECTION('',(0.,0.,1.));
#2262=DIRECTION('',(-1.,0.,0.));
#2263=DIRECTION('',(0.,0.,1.));
#2264=DIRECTION('',(0.,0.,-1.));
#2265=DIRECTION('',(0.,0.,1.));
#2266=DIRECTION('',(0.,-1.,0.));
#2267=DIRECTION('',(0.,0.,-1.));
#2268=DIRECTION('',(0.,0.,1.));
#2269=DIRECTION('',(1.,0.,0.));
#2270=DIRECTION('',(0.,0.,-1.));
#2271=DIRECTION('',(0.,0.,1.));
#2272=DIRECTION('',(-0.939692620785908,0.342020143325669,0.));
#2273=DIRECTION('',(0.342020143325669,0.939692620785908,0.));
#2274=DIRECTION('',(-0.323615577118185,-0.889126490715988,0.323615577118185));
#2275=DIRECTION('',(0.,0.,-1.));
#2276=DIRECTION('',(-0.323615577118185,-0.889126490715988,-0.323615577118185));
#2277=DIRECTION('',(0.,0.342020143325669,0.939692620785908));
#2278=DIRECTION('',(0.,0.939692620785908,-0.342020143325669));
#2279=DIRECTION('',(0.323615577118185,-0.889126490715988,0.323615577118185));
#2280=DIRECTION('',(-1.,0.,0.));
#2281=DIRECTION('',(0.939692620785908,0.342020143325669,0.));
#2282=DIRECTION('',(-0.342020143325669,0.939692620785908,0.));
#2283=DIRECTION('',(0.323615577118185,-0.889126490715988,-0.323615577118185));
#2284=DIRECTION('',(0.,0.,1.));
#2285=DIRECTION('',(0.,0.342020143325669,-0.939692620785908));
#2286=DIRECTION('',(0.,0.939692620785908,0.342020143325669));
#2287=DIRECTION('',(1.,0.,0.));
#2288=DIRECTION('',(0.,1.,0.));
#2289=DIRECTION('',(0.,0.,1.));
#2290=DIRECTION('',(-0.939692620785908,0.342020143325669,0.));
#2291=DIRECTION('',(0.342020143325669,0.939692620785908,0.));
#2292=DIRECTION('',(-0.323615577118185,-0.889126490715988,0.323615577118185));
#2293=DIRECTION('',(0.,0.,-1.));
#2294=DIRECTION('',(-0.323615577118185,-0.889126490715988,-0.323615577118185));
#2295=DIRECTION('',(0.,0.342020143325669,0.939692620785908));
#2296=DIRECTION('',(0.,0.939692620785908,-0.342020143325669));
#2297=DIRECTION('',(0.323615577118185,-0.889126490715988,0.323615577118185));
#2298=DIRECTION('',(-1.,0.,0.));
#2299=DIRECTION('',(0.939692620785908,0.342020143325669,0.));
#2300=DIRECTION('',(-0.342020143325669,0.939692620785908,0.));
#2301=DIRECTION('',(0.323615577118185,-0.889126490715988,-0.323615577118185));
#2302=DIRECTION('',(0.,0.,1.));
#2303=DIRECTION('',(0.,0.342020143325669,-0.939692620785908));
#2304=DIRECTION('',(0.,0.939692620785908,0.342020143325669));
#2305=DIRECTION('',(1.,0.,0.));
#2306=DIRECTION('',(0.,1.,0.));
#2307=DIRECTION('',(0.,0.,1.));
#2308=DIRECTION('',(0.,-1.,7.85406298178476E-17));
#2309=DIRECTION('',(0.,-7.85406298178476E-17,-1.));
#2310=DIRECTION('',(0.,-1.,0.));
#2311=DIRECTION('',(1.,0.,0.));
#2312=DIRECTION('',(0.,0.,1.));
#2313=DIRECTION('',(1.,0.,0.));
#2314=DIRECTION('',(-1.,0.,0.));
#2315=DIRECTION('',(0.,1.,0.));
#2316=DIRECTION('',(-1.,0.,0.));
#2317=DIRECTION('',(0.,1.,0.));
#2318=DIRECTION('',(-1.,0.,0.));
#2319=DIRECTION('',(0.,-1.,0.));
#2320=DIRECTION('',(-1.,0.,0.));
#2321=DIRECTION('',(0.,1.,0.));
#2322=DIRECTION('',(0.,0.,-1.));
#2323=DIRECTION('',(-1.,0.,0.));
#2324=DIRECTION('',(1.,0.,0.));
#2325=DIRECTION('',(0.,-1.,0.));
#2326=DIRECTION('',(-1.,0.,0.));
#2327=DIRECTION('',(0.,1.,0.));
#2328=DIRECTION('',(1.,0.,0.));
#2329=DIRECTION('',(0.,-1.,0.));
#2330=DIRECTION('',(-1.,0.,0.));
#2331=DIRECTION('',(0.,-1.,0.));
#2332=DIRECTION('',(1.,0.,0.));
#2333=DIRECTION('',(0.,0.,-1.));
#2334=DIRECTION('',(0.,-7.76869273198275E-17,1.));
#2335=DIRECTION('',(1.,0.,0.));
#2336=DIRECTION('',(0.,0.,-1.));
#2337=DIRECTION('',(0.,-0.707106809265619,0.707106753107475));
#2338=DIRECTION('',(1.,0.,0.));
#2339=DIRECTION('',(0.,0.,-1.));
#2340=DIRECTION('',(0.,-1.,0.));
#2341=DIRECTION('',(0.,0.,-1.));
#2342=DIRECTION('',(0.,1.,0.));
#2343=DIRECTION('',(1.,0.,0.));
#2344=DIRECTION('',(0.,0.,-1.));
#2345=DIRECTION('',(0.,0.707106809265619,-0.707106753107475));
#2346=DIRECTION('',(1.,0.,0.));
#2347=DIRECTION('',(0.,0.,-1.));
#2348=DIRECTION('',(1.,0.,0.));
#2349=DIRECTION('',(0.,0.,-1.));
#2350=DIRECTION('',(0.,-7.76869273198275E-17,1.));
#2351=DIRECTION('',(1.,0.,0.));
#2352=DIRECTION('',(0.,0.,-1.));
#2353=DIRECTION('',(0.,0.707106809265619,-0.707106753107475));
#2354=DIRECTION('',(1.,0.,0.));
#2355=DIRECTION('',(0.,0.,-1.));
#2356=DIRECTION('',(0.,1.,0.));
#2357=DIRECTION('',(0.,0.,-1.));
#2358=DIRECTION('',(0.,-1.,0.));
#2359=DIRECTION('',(1.,0.,0.));
#2360=DIRECTION('',(0.,0.,-1.));
#2361=DIRECTION('',(0.,-0.707106809265619,0.707106753107475));
#2362=DIRECTION('',(1.,0.,0.));
#2363=DIRECTION('',(0.,0.,-1.));
#2364=DIRECTION('',(0.,0.,-1.));
#2365=DIRECTION('',(-1.,0.,0.));
#2366=DIRECTION('',(-1.,0.,0.));
#2367=DIRECTION('',(0.,-1.,0.));
#2368=DIRECTION('',(-1.,0.,0.));
#2369=DIRECTION('',(0.,0.,1.));
#2370=DIRECTION('',(1.,0.,0.));
#2371=DIRECTION('',(-1.,0.,0.));
#2372=DIRECTION('',(0.,-1.,0.));
#2373=DIRECTION('',(-1.,0.,0.));
#2374=DIRECTION('',(-1.,0.,0.));
#2375=DIRECTION('',(0.,0.,1.));
#2376=DIRECTION('',(-1.,0.,0.));
#2377=DIRECTION('',(0.,0.,1.));
#2378=DIRECTION('',(-1.,0.,0.));
#2379=DIRECTION('',(0.,0.707106753107475,0.707106809265619));
#2380=DIRECTION('',(0.,-0.707106809265619,0.707106753107475));
#2381=DIRECTION('',(-1.,0.,0.));
#2382=DIRECTION('',(0.,-0.707106809265619,0.707106753107475));
#2383=DIRECTION('',(-1.,0.,0.));
#2384=DIRECTION('',(0.,0.,1.));
#2385=DIRECTION('',(-1.,0.,0.));
#2386=DIRECTION('',(0.,0.,1.));
#2387=DIRECTION('',(-1.,0.,0.));
#2388=DIRECTION('',(0.,0.,1.));
#2389=DIRECTION('',(-1.,0.,0.));
#2390=DIRECTION('',(0.,0.,1.));
#2391=DIRECTION('',(-1.,0.,0.));
#2392=DIRECTION('',(0.,-0.707106753107475,-0.707106809265619));
#2393=DIRECTION('',(0.,0.707106809265619,-0.707106753107475));
#2394=DIRECTION('',(-1.,0.,0.));
#2395=DIRECTION('',(0.,0.707106809265619,-0.707106753107475));
#2396=DIRECTION('',(-1.,0.,0.));
#2397=DIRECTION('',(0.,0.,1.));
#2398=DIRECTION('',(-1.,0.,0.));
#2399=DIRECTION('',(0.,0.,1.));
#2400=DIRECTION('',(0.,0.,-1.));
#2401=DIRECTION('',(-1.,0.,0.));
#2402=DIRECTION('',(-1.,0.,0.));
#2403=DIRECTION('',(0.,1.,0.));
#2404=DIRECTION('',(-1.,0.,0.));
#2405=DIRECTION('',(0.,0.,1.));
#2406=DIRECTION('',(1.,0.,0.));
#2407=DIRECTION('',(-1.,0.,0.));
#2408=DIRECTION('',(0.,1.,0.));
#2409=DIRECTION('',(-1.,0.,0.));
#2410=DIRECTION('',(-1.,0.,0.));
#2411=DIRECTION('',(0.,0.,1.));
#2412=DIRECTION('',(1.,0.,0.));
#2413=DIRECTION('',(0.,0.,-1.));
#2414=DIRECTION('',(-1.,0.,0.));
#2415=DIRECTION('',(0.,0.707106753107475,0.707106809265619));
#2416=DIRECTION('',(0.,-0.707106809265619,0.707106753107475));
#2417=DIRECTION('',(0.,0.707106809265619,-0.707106753107475));
#2418=DIRECTION('',(-1.,0.,0.));
#2419=DIRECTION('',(-1.,0.,0.));
#2420=DIRECTION('',(0.,0.,1.));
#2421=DIRECTION('',(1.,0.,0.));
#2422=DIRECTION('',(0.,0.,-1.));
#2423=DIRECTION('',(-1.,0.,0.));
#2424=DIRECTION('',(0.,0.,1.));
#2425=DIRECTION('',(1.,0.,0.));
#2426=DIRECTION('',(0.,0.,-1.));
#2427=DIRECTION('',(-1.,0.,0.));
#2428=DIRECTION('',(0.,-0.707106753107475,-0.707106809265619));
#2429=DIRECTION('',(0.,0.707106809265619,-0.707106753107475));
#2430=DIRECTION('',(0.,-0.707106809265619,0.707106753107475));
#2431=DIRECTION('',(-1.,0.,0.));
#2432=DIRECTION('',(-1.,0.,0.));
#2433=DIRECTION('',(0.,0.,1.));
#2434=DIRECTION('',(1.,0.,0.));
#2435=DIRECTION('',(0.,0.,-1.));
#2436=DIRECTION('',(0.,1.,0.));
#2437=DIRECTION('',(0.,0.,1.));
#2438=DIRECTION('',(0.,0.,1.));
#2439=DIRECTION('',(0.,0.,1.));
#2440=DIRECTION('',(-1.,0.,0.));
#2441=DIRECTION('',(0.,0.,1.));
#2442=DIRECTION('',(0.,0.,1.));
#2443=DIRECTION('',(1.,0.,0.));
#2444=DIRECTION('',(0.,0.,-1.));
#2445=DIRECTION('',(0.,0.,-1.));
#2446=DIRECTION('',(-0.939692620785908,-0.342020143325669,0.));
#2447=DIRECTION('',(0.342020143325669,-0.939692620785908,0.));
#2448=DIRECTION('',(-0.323615577118185,0.889126490715988,-0.323615577118185));
#2449=DIRECTION('',(0.,0.,1.));
#2450=DIRECTION('',(-0.323615577118185,0.889126490715988,0.323615577118185));
#2451=DIRECTION('',(0.,-0.342020143325669,0.939692620785908));
#2452=DIRECTION('',(0.,-0.939692620785908,-0.342020143325669));
#2453=DIRECTION('',(1.,0.,0.));
#2454=DIRECTION('',(0.323615577118185,0.889126490715988,0.323615577118185));
#2455=DIRECTION('',(0.939692620785908,-0.342020143325669,0.));
#2456=DIRECTION('',(-0.342020143325669,-0.939692620785908,0.));
#2457=DIRECTION('',(0.,0.,-1.));
#2458=DIRECTION('',(0.323615577118185,0.889126490715988,-0.323615577118185));
#2459=DIRECTION('',(0.,-0.342020143325669,-0.939692620785908));
#2460=DIRECTION('',(0.,-0.939692620785908,0.342020143325669));
#2461=DIRECTION('',(-1.,0.,0.));
#2462=DIRECTION('',(0.,1.,0.));
#2463=DIRECTION('',(0.,0.,1.));
#2464=DIRECTION('',(-0.939692620785908,-0.342020143325669,0.));
#2465=DIRECTION('',(0.342020143325669,-0.939692620785908,0.));
#2466=DIRECTION('',(-0.323615577118185,0.889126490715988,-0.323615577118185));
#2467=DIRECTION('',(0.,0.,1.));
#2468=DIRECTION('',(-0.323615577118185,0.889126490715988,0.323615577118185));
#2469=DIRECTION('',(0.,-0.342020143325669,0.939692620785908));
#2470=DIRECTION('',(0.,-0.939692620785908,-0.342020143325669));
#2471=DIRECTION('',(1.,0.,0.));
#2472=DIRECTION('',(0.323615577118185,0.889126490715988,0.323615577118185));
#2473=DIRECTION('',(0.939692620785908,-0.342020143325669,0.));
#2474=DIRECTION('',(-0.342020143325669,-0.939692620785908,0.));
#2475=DIRECTION('',(0.,0.,-1.));
#2476=DIRECTION('',(0.323615577118185,0.889126490715988,-0.323615577118185));
#2477=DIRECTION('',(0.,-0.342020143325669,-0.939692620785908));
#2478=DIRECTION('',(0.,-0.939692620785908,0.342020143325669));
#2479=DIRECTION('',(-1.,0.,0.));
#2480=DIRECTION('',(0.,1.,0.));
#2481=DIRECTION('',(0.,0.,1.));
#2482=DIRECTION('',(0.,1.,7.76869273198275E-17));
#2483=DIRECTION('',(0.,-7.76869273198275E-17,1.));
#2484=DIRECTION('',(0.,-1.,0.));
#2485=DIRECTION('',(1.,0.,0.));
#2486=CARTESIAN_POINT('',(0.,0.,0.));
#2487=CARTESIAN_POINT('',(-0.1,-0.06,0.05));
#2488=CARTESIAN_POINT('',(-0.015,-0.06,0.05));
#2489=CARTESIAN_POINT('',(-0.015,-0.06,0.05));
#2490=CARTESIAN_POINT('',(-0.015,-0.0599999999999999,0.045));
#2491=CARTESIAN_POINT('',(-0.1,-0.06,0.05));
#2492=CARTESIAN_POINT('',(-0.1,-0.06,0.05));
#2493=CARTESIAN_POINT('',(-0.1,-0.06,0.05));
#2494=CARTESIAN_POINT('',(-0.1,-0.06,-0.05));
#2495=CARTESIAN_POINT('',(-0.1,-0.06,-0.05));
#2496=CARTESIAN_POINT('',(-0.015,-0.06,-0.05));
#2497=CARTESIAN_POINT('',(-0.015,-0.06,0.05));
#2498=CARTESIAN_POINT('',(-0.015,-0.0599999999999999,-0.045));
#2499=CARTESIAN_POINT('',(-0.1,-0.06,-0.045));
#2500=CARTESIAN_POINT('',(0.015,-0.0599999999999999,-0.045));
#2501=CARTESIAN_POINT('',(0.015,-0.06,0.05));
#2502=CARTESIAN_POINT('',(0.015,-0.06,-0.05));
#2503=CARTESIAN_POINT('',(-0.1,-0.06,-0.05));
#2504=CARTESIAN_POINT('',(0.1,-0.06,-0.05));
#2505=CARTESIAN_POINT('',(0.1,-0.06,0.05));
#2506=CARTESIAN_POINT('',(0.1,-0.06,0.05));
#2507=CARTESIAN_POINT('',(-0.1,-0.06,0.05));
#2508=CARTESIAN_POINT('',(0.015,-0.06,0.05));
#2509=CARTESIAN_POINT('',(0.015,-0.06,0.05));
#2510=CARTESIAN_POINT('',(0.015,-0.0599999999999999,0.045));
#2511=CARTESIAN_POINT('',(-0.1,-0.06,0.045));
#2512=CARTESIAN_POINT('',(-0.015,0.048,0.05));
#2513=CARTESIAN_POINT('',(-0.015,0.048,0.05));
#2514=CARTESIAN_POINT('',(-0.015,0.048,0.045));
#2515=CARTESIAN_POINT('',(-0.015,0.048,-0.045));
#2516=CARTESIAN_POINT('',(-0.015,0.048,0.045));
#2517=CARTESIAN_POINT('',(0.015,0.048,0.045));
#2518=CARTESIAN_POINT('',(0.015,0.048,0.05));
#2519=CARTESIAN_POINT('',(0.015,0.048,-0.045));
#2520=CARTESIAN_POINT('',(-0.015,0.048,-0.045));
#2521=CARTESIAN_POINT('',(0.,0.,0.05));
#2522=CARTESIAN_POINT('',(-0.03775,0.02225,0.05));
#2523=CARTESIAN_POINT('',(-0.03775,0.02225,0.05));
#2524=CARTESIAN_POINT('',(-0.06225,0.02225,0.05));
#2525=CARTESIAN_POINT('',(-0.03775,-0.00225,0.05));
#2526=CARTESIAN_POINT('',(-0.03775,-0.00225,0.05));
#2527=CARTESIAN_POINT('',(-0.06225,-0.00225,0.05));
#2528=CARTESIAN_POINT('',(-0.06225,-0.00225,0.05));
#2529=CARTESIAN_POINT('',(-0.06225,0.02225,0.05));
#2530=CARTESIAN_POINT('',(-0.015,0.148,0.05));
#2531=CARTESIAN_POINT('',(-0.015,0.06,0.05));
#2532=CARTESIAN_POINT('',(0.1,0.06,0.05));
#2533=CARTESIAN_POINT('',(-0.1,0.06,0.05));
#2534=CARTESIAN_POINT('',(-0.1,0.06,0.05));
#2535=CARTESIAN_POINT('',(0.,0.,0.05));
#2536=CARTESIAN_POINT('',(0.06225,0.02225,0.05));
#2537=CARTESIAN_POINT('',(0.06225,0.02225,0.05));
#2538=CARTESIAN_POINT('',(0.03775,0.02225,0.05));
#2539=CARTESIAN_POINT('',(0.06225,-0.00225,0.05));
#2540=CARTESIAN_POINT('',(0.06225,-0.00225,0.05));
#2541=CARTESIAN_POINT('',(0.03775,-0.00225,0.05));
#2542=CARTESIAN_POINT('',(0.03775,-0.00225,0.05));
#2543=CARTESIAN_POINT('',(0.03775,0.02225,0.05));
#2544=CARTESIAN_POINT('',(0.015,0.048,0.05));
#2545=CARTESIAN_POINT('',(0.015,0.06,0.05));
#2546=CARTESIAN_POINT('',(0.1,-0.06,0.05));
#2547=CARTESIAN_POINT('',(0.1,0.06,0.05));
#2548=CARTESIAN_POINT('',(0.1,0.06,0.05));
#2549=CARTESIAN_POINT('',(0.,0.,-0.05));
#2550=CARTESIAN_POINT('',(-0.03775,0.02225,-0.05));
#2551=CARTESIAN_POINT('',(-0.03775,0.02225,-0.05));
#2552=CARTESIAN_POINT('',(-0.06225,0.02225,-0.05));
#2553=CARTESIAN_POINT('',(-0.06225,0.02225,-0.05));
#2554=CARTESIAN_POINT('',(-0.06225,-0.00225,-0.05));
#2555=CARTESIAN_POINT('',(-0.06225,-0.00225,-0.05));
#2556=CARTESIAN_POINT('',(-0.03775,-0.00225,-0.05));
#2557=CARTESIAN_POINT('',(-0.03775,-0.00225,-0.05));
#2558=CARTESIAN_POINT('',(-0.015,0.,-0.05));
#2559=CARTESIAN_POINT('',(-0.015,0.06,-0.05));
#2560=CARTESIAN_POINT('',(-0.1,0.06,-0.05));
#2561=CARTESIAN_POINT('',(-0.1,0.06,-0.05));
#2562=CARTESIAN_POINT('',(0.1,0.06,-0.05));
#2563=CARTESIAN_POINT('',(0.,0.,-0.05));
#2564=CARTESIAN_POINT('',(0.06225,0.02225,-0.05));
#2565=CARTESIAN_POINT('',(0.06225,0.02225,-0.05));
#2566=CARTESIAN_POINT('',(0.03775,0.02225,-0.05));
#2567=CARTESIAN_POINT('',(0.03775,0.02225,-0.05));
#2568=CARTESIAN_POINT('',(0.03775,-0.00225,-0.05));
#2569=CARTESIAN_POINT('',(0.03775,-0.00225,-0.05));
#2570=CARTESIAN_POINT('',(0.06225,-0.00225,-0.05));
#2571=CARTESIAN_POINT('',(0.06225,-0.00225,-0.05));
#2572=CARTESIAN_POINT('',(0.015,0.048,-0.05));
#2573=CARTESIAN_POINT('',(0.015,0.06,-0.05));
#2574=CARTESIAN_POINT('',(0.1,0.06,-0.05));
#2575=CARTESIAN_POINT('',(0.1,0.06,-0.05));
#2576=CARTESIAN_POINT('',(0.1,-0.06,-0.05));
#2577=CARTESIAN_POINT('',(0.1,0.06,0.05));
#2578=CARTESIAN_POINT('',(-0.015,0.06,0.05));
#2579=CARTESIAN_POINT('',(-0.1,0.06,0.05));
#2580=CARTESIAN_POINT('',(0.1,0.06,0.05));
#2581=CARTESIAN_POINT('',(0.015,0.06,0.05));
#2582=CARTESIAN_POINT('',(0.1,0.06,0.05));
#2583=CARTESIAN_POINT('',(-0.1,0.06,0.05));
#2584=CARTESIAN_POINT('',(0.06225,0.02225,0.05));
#2585=CARTESIAN_POINT('',(0.06225,0.02225,0.05));
#2586=CARTESIAN_POINT('',(0.03775,0.02225,0.05));
#2587=CARTESIAN_POINT('',(0.06225,-0.00225,0.05));
#2588=CARTESIAN_POINT('',(0.06225,-0.00225,0.05));
#2589=CARTESIAN_POINT('',(0.03775,-0.00225,0.05));
#2590=CARTESIAN_POINT('',(0.03775,-0.00225,0.05));
#2591=CARTESIAN_POINT('',(-0.03775,0.02225,0.05));
#2592=CARTESIAN_POINT('',(-0.03775,0.02225,0.05));
#2593=CARTESIAN_POINT('',(-0.06225,0.02225,0.05));
#2594=CARTESIAN_POINT('',(-0.03775,-0.00225,0.05));
#2595=CARTESIAN_POINT('',(-0.03775,-0.00225,0.05));
#2596=CARTESIAN_POINT('',(-0.06225,-0.00225,0.05));
#2597=CARTESIAN_POINT('',(-0.06225,-0.00225,0.05));
#2598=CARTESIAN_POINT('',(0.03775,0.02225,0.05));
#2599=CARTESIAN_POINT('',(-0.06225,0.02225,0.05));
#2600=CARTESIAN_POINT('',(0.1,-0.06,0.05));
#2601=CARTESIAN_POINT('',(-0.015,0.148,0.05));
#2602=CARTESIAN_POINT('',(-0.015,0.12,0.045));
#2603=CARTESIAN_POINT('',(-0.015,0.12,-0.045));
#2604=CARTESIAN_POINT('',(0.015,0.048,0.05));
#2605=CARTESIAN_POINT('',(0.015,0.12,-0.045));
#2606=CARTESIAN_POINT('',(0.015,0.12,0.045));
#2607=CARTESIAN_POINT('',(-0.015,0.12,-0.045));
#2608=CARTESIAN_POINT('',(0.015,0.12,0.045));
#2609=CARTESIAN_POINT('',(0.,0.06,7.34788079488412E-18));
#2610=CARTESIAN_POINT('',(0.15,0.05,0.125));
#2611=CARTESIAN_POINT('',(0.15,0.05,-0.125));
#2612=CARTESIAN_POINT('',(0.15,0.05,-0.125));
#2613=CARTESIAN_POINT('',(-0.15,0.05,-0.125));
#2614=CARTESIAN_POINT('',(-0.15,0.05,0.125));
#2615=CARTESIAN_POINT('',(-0.15,0.05,0.125));
#2616=CARTESIAN_POINT('',(0.15,0.05,0.125));
#2617=CARTESIAN_POINT('',(0.15,0.05,0.125));
#2618=CARTESIAN_POINT('',(0.15,0.05,0.125));
#2619=CARTESIAN_POINT('',(-0.15,0.05,0.125));
#2620=CARTESIAN_POINT('',(-0.15,0.05,-0.125));
#2621=CARTESIAN_POINT('',(-0.15,0.,-0.125));
#2622=CARTESIAN_POINT('',(-0.15,0.,0.125));
#2623=CARTESIAN_POINT('',(-0.15,0.,0.125));
#2624=CARTESIAN_POINT('',(-0.15,0.05,0.125));
#2625=CARTESIAN_POINT('',(-0.15,0.,0.125));
#2626=CARTESIAN_POINT('',(0.082,0.,0.0589089799999995));
#2627=CARTESIAN_POINT('',(0.082,0.,0.0589089799999995));
#2628=CARTESIAN_POINT('',(0.017,0.,0.0589089799999995));
#2629=CARTESIAN_POINT('',(0.017,0.,0.0589089799999995));
#2630=CARTESIAN_POINT('',(0.017,0.,0.0990910199999995));
#2631=CARTESIAN_POINT('',(0.017,0.,0.0990910199999995));
#2632=CARTESIAN_POINT('',(0.082,0.,0.0990910199999995));
#2633=CARTESIAN_POINT('',(0.082,0.,0.0990910199999995));
#2634=CARTESIAN_POINT('',(-0.0170000000000002,0.,-0.09909102));
#2635=CARTESIAN_POINT('',(-0.0170000000000002,0.,-0.09909102));
#2636=CARTESIAN_POINT('',(-0.0820000000000002,0.,-0.09909102));
#2637=CARTESIAN_POINT('',(-0.0820000000000002,0.,-0.09909102));
#2638=CARTESIAN_POINT('',(-0.0820000000000002,0.,-0.05890898));
#2639=CARTESIAN_POINT('',(-0.0820000000000002,0.,-0.05890898));
#2640=CARTESIAN_POINT('',(-0.0170000000000002,0.,-0.05890898));
#2641=CARTESIAN_POINT('',(-0.0170000000000002,0.,-0.05890898));
#2642=CARTESIAN_POINT('',(0.0820000000000002,0.,-0.0990910199999995));
#2643=CARTESIAN_POINT('',(0.0820000000000002,0.,-0.0990910199999995));
#2644=CARTESIAN_POINT('',(0.0170000000000002,0.,-0.0990910199999995));
#2645=CARTESIAN_POINT('',(0.0170000000000002,0.,-0.0990910199999995));
#2646=CARTESIAN_POINT('',(0.0170000000000002,0.,-0.0589089799999994));
#2647=CARTESIAN_POINT('',(0.0170000000000002,0.,-0.0589089799999994));
#2648=CARTESIAN_POINT('',(0.0820000000000002,0.,-0.0589089799999994));
#2649=CARTESIAN_POINT('',(0.0820000000000002,0.,-0.0589089799999994));
#2650=CARTESIAN_POINT('',(-0.017,0.,0.05890898));
#2651=CARTESIAN_POINT('',(-0.017,0.,0.05890898));
#2652=CARTESIAN_POINT('',(-0.082,0.,0.05890898));
#2653=CARTESIAN_POINT('',(-0.082,0.,0.05890898));
#2654=CARTESIAN_POINT('',(-0.082,0.,0.09909102));
#2655=CARTESIAN_POINT('',(-0.082,0.,0.09909102));
#2656=CARTESIAN_POINT('',(-0.017,0.,0.09909102));
#2657=CARTESIAN_POINT('',(-0.017,0.,0.09909102));
#2658=CARTESIAN_POINT('',(-0.15,0.,-0.125));
#2659=CARTESIAN_POINT('',(0.15,0.,-0.125));
#2660=CARTESIAN_POINT('',(0.15,0.,0.125));
#2661=CARTESIAN_POINT('',(0.15,0.,0.125));
#2662=CARTESIAN_POINT('',(-0.15,0.,0.125));
#2663=CARTESIAN_POINT('',(0.15,0.,0.125));
#2664=CARTESIAN_POINT('',(0.15,0.,-0.125));
#2665=CARTESIAN_POINT('',(0.15,0.,0.125));
#2666=CARTESIAN_POINT('',(0.,0.,0.125));
#2667=CARTESIAN_POINT('',(0.,0.,-0.125));
#2668=CARTESIAN_POINT('',(-0.082,-0.115,0.05890898));
#2669=CARTESIAN_POINT('',(-0.082,-0.115,0.05890898));
#2670=CARTESIAN_POINT('',(-0.082,-0.115,0.05890898));
#2671=CARTESIAN_POINT('',(-0.082,-0.115,0.05890898));
#2672=CARTESIAN_POINT('',(-0.082,-0.115,0.09909102));
#2673=CARTESIAN_POINT('',(-0.082,-0.115,0.09909102));
#2674=CARTESIAN_POINT('',(-0.082,-0.115,0.09909102));
#2675=CARTESIAN_POINT('',(-0.082,-0.115,0.09909102));
#2676=CARTESIAN_POINT('',(-0.017,-0.115,0.09909102));
#2677=CARTESIAN_POINT('',(-0.017,-0.115,0.09909102));
#2678=CARTESIAN_POINT('',(-0.017,-0.115,0.09909102));
#2679=CARTESIAN_POINT('',(-0.017,-0.115,0.09909102));
#2680=CARTESIAN_POINT('',(-0.017,-0.115,0.05890898));
#2681=CARTESIAN_POINT('',(-0.017,-0.115,0.05890898));
#2682=CARTESIAN_POINT('',(-0.017,-0.115,0.05890898));
#2683=CARTESIAN_POINT('',(-0.017,-0.115,0.05890898));
#2684=CARTESIAN_POINT('',(0.,-0.115,0.));
#2685=CARTESIAN_POINT('',(0.0170000000000002,-0.115,-0.0990910199999995));
#2686=CARTESIAN_POINT('',(0.0170000000000002,-0.115,-0.0990910199999995));
#2687=CARTESIAN_POINT('',(0.0170000000000002,-0.115,-0.0990910199999995));
#2688=CARTESIAN_POINT('',(0.0170000000000002,-0.115,-0.0990910199999995));
#2689=CARTESIAN_POINT('',(0.0170000000000002,-0.115,-0.0589089799999994));
#2690=CARTESIAN_POINT('',(0.0170000000000002,-0.115,-0.0589089799999994));
#2691=CARTESIAN_POINT('',(0.0170000000000002,-0.115,-0.0589089799999994));
#2692=CARTESIAN_POINT('',(0.0170000000000002,-0.115,-0.0589089799999994));
#2693=CARTESIAN_POINT('',(0.0820000000000002,-0.115,-0.0589089799999994));
#2694=CARTESIAN_POINT('',(0.0820000000000002,-0.115,-0.0589089799999994));
#2695=CARTESIAN_POINT('',(0.0820000000000002,-0.115,-0.0589089799999994));
#2696=CARTESIAN_POINT('',(0.0820000000000002,-0.115,-0.0589089799999994));
#2697=CARTESIAN_POINT('',(0.0820000000000002,-0.115,-0.0990910199999995));
#2698=CARTESIAN_POINT('',(0.0820000000000002,-0.115,-0.0990910199999995));
#2699=CARTESIAN_POINT('',(0.0820000000000002,-0.115,-0.0990910199999995));
#2700=CARTESIAN_POINT('',(0.0820000000000002,-0.115,-0.0990910199999995));
#2701=CARTESIAN_POINT('',(0.0990000000000002,-0.115,-0.157999999999999));
#2702=CARTESIAN_POINT('',(-0.0820000000000002,-0.115,-0.09909102));
#2703=CARTESIAN_POINT('',(-0.0820000000000002,-0.115,-0.09909102));
#2704=CARTESIAN_POINT('',(-0.0820000000000002,-0.115,-0.09909102));
#2705=CARTESIAN_POINT('',(-0.0820000000000002,-0.115,-0.09909102));
#2706=CARTESIAN_POINT('',(-0.0820000000000002,-0.115,-0.05890898));
#2707=CARTESIAN_POINT('',(-0.0820000000000002,-0.115,-0.05890898));
#2708=CARTESIAN_POINT('',(-0.0820000000000002,-0.115,-0.05890898));
#2709=CARTESIAN_POINT('',(-0.0820000000000002,-0.115,-0.05890898));
#2710=CARTESIAN_POINT('',(-0.0170000000000002,-0.115,-0.05890898));
#2711=CARTESIAN_POINT('',(-0.0170000000000002,-0.115,-0.05890898));
#2712=CARTESIAN_POINT('',(-0.0170000000000002,-0.115,-0.05890898));
#2713=CARTESIAN_POINT('',(-0.0170000000000002,-0.115,-0.05890898));
#2714=CARTESIAN_POINT('',(-0.0170000000000002,-0.115,-0.09909102));
#2715=CARTESIAN_POINT('',(-0.0170000000000002,-0.115,-0.09909102));
#2716=CARTESIAN_POINT('',(-0.0170000000000002,-0.115,-0.09909102));
#2717=CARTESIAN_POINT('',(-0.0170000000000002,-0.115,-0.09909102));
#2718=CARTESIAN_POINT('',(-1.96351574544619E-16,-0.115,-0.158));
#2719=CARTESIAN_POINT('',(0.017,-0.115,0.0589089799999995));
#2720=CARTESIAN_POINT('',(0.017,-0.115,0.0589089799999995));
#2721=CARTESIAN_POINT('',(0.017,-0.115,0.0589089799999995));
#2722=CARTESIAN_POINT('',(0.017,-0.115,0.0589089799999995));
#2723=CARTESIAN_POINT('',(0.017,-0.115,0.0990910199999995));
#2724=CARTESIAN_POINT('',(0.017,-0.115,0.0990910199999995));
#2725=CARTESIAN_POINT('',(0.017,-0.115,0.0990910199999995));
#2726=CARTESIAN_POINT('',(0.017,-0.115,0.0990910199999995));
#2727=CARTESIAN_POINT('',(0.082,-0.115,0.0990910199999995));
#2728=CARTESIAN_POINT('',(0.082,-0.115,0.0990910199999995));
#2729=CARTESIAN_POINT('',(0.082,-0.115,0.0990910199999995));
#2730=CARTESIAN_POINT('',(0.082,-0.115,0.0990910199999995));
#2731=CARTESIAN_POINT('',(0.082,-0.115,0.0589089799999995));
#2732=CARTESIAN_POINT('',(0.082,-0.115,0.0589089799999995));
#2733=CARTESIAN_POINT('',(0.082,-0.115,0.0589089799999995));
#2734=CARTESIAN_POINT('',(0.082,-0.115,0.0589089799999995));
#2735=CARTESIAN_POINT('',(0.099,-0.115,-5.29295548772451E-16));
#2736=CARTESIAN_POINT('',(0.05,0.12,7.34788079488412E-18));
#2737=CARTESIAN_POINT('',(0.0625,0.16856602,-0.0825));
#2738=CARTESIAN_POINT('',(0.0625,0.229999999999998,-0.0825));
#2739=CARTESIAN_POINT('',(-0.0625,0.229999999999998,-0.0825));
#2740=CARTESIAN_POINT('',(0.0625,0.229999999999998,-0.0825));
#2741=CARTESIAN_POINT('',(-0.0625,0.16856602,-0.0825));
#2742=CARTESIAN_POINT('',(-0.0625,0.49,-0.0825));
#2743=CARTESIAN_POINT('',(0.0625,0.49,-0.0825));
#2744=CARTESIAN_POINT('',(-0.0375,0.49,-0.0825));
#2745=CARTESIAN_POINT('',(-0.0375,0.16856602,-0.0825));
#2746=CARTESIAN_POINT('',(-0.0375,0.235,-0.0825));
#2747=CARTESIAN_POINT('',(0.0625,0.235,-0.0825));
#2748=CARTESIAN_POINT('',(0.0375,0.235,-0.0825));
#2749=CARTESIAN_POINT('',(0.0375,0.16856602,-0.0825));
#2750=CARTESIAN_POINT('',(0.0375,0.49,-0.0825));
#2751=CARTESIAN_POINT('',(0.0625,0.49,-0.0825));
#2752=CARTESIAN_POINT('',(0.0625,0.49,-0.0825));
#2753=CARTESIAN_POINT('',(0.0625,0.16856602,-0.0825));
#2754=CARTESIAN_POINT('',(0.0625,0.49,-0.0575));
#2755=CARTESIAN_POINT('',(0.0625,0.229999999999998,-0.0575));
#2756=CARTESIAN_POINT('',(0.0625,0.229999999999998,-0.0575));
#2757=CARTESIAN_POINT('',(-0.0625,0.229999999999998,-0.0575));
#2758=CARTESIAN_POINT('',(0.0625,0.49,-0.0575));
#2759=CARTESIAN_POINT('',(0.0625,0.49,-0.0575));
#2760=CARTESIAN_POINT('',(0.0625,0.49,-0.0575));
#2761=CARTESIAN_POINT('',(0.0375,0.49,-0.0575));
#2762=CARTESIAN_POINT('',(0.0375,0.49,-0.0575));
#2763=CARTESIAN_POINT('',(0.0375,0.235,-0.0575));
#2764=CARTESIAN_POINT('',(0.0625,0.235,-0.0575));
#2765=CARTESIAN_POINT('',(-0.0375,0.235,-0.0575));
#2766=CARTESIAN_POINT('',(-0.0375,0.49,-0.0575));
#2767=CARTESIAN_POINT('',(-0.0375,0.49,-0.0575));
#2768=CARTESIAN_POINT('',(0.0625,0.49,-0.0575));
#2769=CARTESIAN_POINT('',(-0.0625,0.49,-0.0575));
#2770=CARTESIAN_POINT('',(-0.0625,0.49,-0.0575));
#2771=CARTESIAN_POINT('',(0.0625,0.08,-0.05));
#2772=CARTESIAN_POINT('',(0.0625,0.229999999999998,-0.05));
#2773=CARTESIAN_POINT('',(0.0625,0.49,-0.0825));
#2774=CARTESIAN_POINT('',(-0.0625,0.08,-0.05));
#2775=CARTESIAN_POINT('',(-0.0625,0.229999999999998,-0.05));
#2776=CARTESIAN_POINT('',(-0.0625,0.49,-0.0825));
#2777=CARTESIAN_POINT('',(-0.0375,0.645,-0.23));
#2778=CARTESIAN_POINT('',(-0.0375,0.49,-0.0825));
#2779=CARTESIAN_POINT('',(-0.0375,0.235,-0.23));
#2780=CARTESIAN_POINT('',(-0.0375,0.235,-0.23));
#2781=CARTESIAN_POINT('',(0.0375,0.235,-0.23));
#2782=CARTESIAN_POINT('',(0.0375,0.235,-0.23));
#2783=CARTESIAN_POINT('',(0.0375,0.49,-0.0825));
#2784=CARTESIAN_POINT('',(-0.0625,0.49,-0.0825));
#2785=CARTESIAN_POINT('',(-0.0625,0.49,-0.0575));
#2786=CARTESIAN_POINT('',(-0.055220595314676,0.51,-0.064779404685324));
#2787=CARTESIAN_POINT('',(-0.055220595314676,0.51,-0.0825));
#2788=CARTESIAN_POINT('',(-0.055220595314676,0.51,-0.075220595314676));
#2789=CARTESIAN_POINT('',(-0.0625,0.49,-0.0825));
#2790=CARTESIAN_POINT('',(-0.0625,0.49,-0.0575));
#2791=CARTESIAN_POINT('',(-0.0375,0.49,-0.0575));
#2792=CARTESIAN_POINT('',(-0.044779404685324,0.51,-0.064779404685324));
#2793=CARTESIAN_POINT('',(-0.0625,0.51,-0.064779404685324));
#2794=CARTESIAN_POINT('',(-0.0375,0.49,-0.0575));
#2795=CARTESIAN_POINT('',(-0.0375,0.49,-0.0825));
#2796=CARTESIAN_POINT('',(-0.044779404685324,0.51,-0.075220595314676));
#2797=CARTESIAN_POINT('',(-0.044779404685324,0.51,-0.0575));
#2798=CARTESIAN_POINT('',(-0.0375,0.49,-0.0825));
#2799=CARTESIAN_POINT('',(-0.0375,0.51,-0.075220595314676));
#2800=CARTESIAN_POINT('',(0.,0.51,0.));
#2801=CARTESIAN_POINT('',(0.0375,0.49,-0.0825));
#2802=CARTESIAN_POINT('',(0.0375,0.49,-0.0575));
#2803=CARTESIAN_POINT('',(0.044779404685324,0.51,-0.064779404685324));
#2804=CARTESIAN_POINT('',(0.044779404685324,0.51,-0.0825));
#2805=CARTESIAN_POINT('',(0.044779404685324,0.51,-0.075220595314676));
#2806=CARTESIAN_POINT('',(0.0375,0.49,-0.0825));
#2807=CARTESIAN_POINT('',(0.0375,0.49,-0.0575));
#2808=CARTESIAN_POINT('',(0.0625,0.49,-0.0575));
#2809=CARTESIAN_POINT('',(0.055220595314676,0.51,-0.064779404685324));
#2810=CARTESIAN_POINT('',(0.0375,0.51,-0.064779404685324));
#2811=CARTESIAN_POINT('',(0.0625,0.49,-0.0575));
#2812=CARTESIAN_POINT('',(0.0625,0.49,-0.0825));
#2813=CARTESIAN_POINT('',(0.055220595314676,0.51,-0.075220595314676));
#2814=CARTESIAN_POINT('',(0.055220595314676,0.51,-0.0575));
#2815=CARTESIAN_POINT('',(0.0625,0.49,-0.0825));
#2816=CARTESIAN_POINT('',(0.0625,0.51,-0.075220595314676));
#2817=CARTESIAN_POINT('',(0.1,0.51,0.));
#2818=CARTESIAN_POINT('',(50.,0.229999999999997,-20.));
#2819=CARTESIAN_POINT('',(0.,-1.38777878078145E-17,-0.23));
#2820=CARTESIAN_POINT('',(0.0625,0.16856602,-0.0825));
#2821=CARTESIAN_POINT('',(0.0625,0.229999999999998,-0.0825));
#2822=CARTESIAN_POINT('',(0.0625,0.229999999999998,-0.0825));
#2823=CARTESIAN_POINT('',(-0.0625,0.229999999999998,-0.0825));
#2824=CARTESIAN_POINT('',(0.0625,0.16856602,-0.0825));
#2825=CARTESIAN_POINT('',(0.0625,0.16856602,-0.0825));
#2826=CARTESIAN_POINT('',(0.0625,0.16856602,-0.0825));
#2827=CARTESIAN_POINT('',(0.0375,0.16856602,-0.0825));
#2828=CARTESIAN_POINT('',(0.0375,0.16856602,-0.0825));
#2829=CARTESIAN_POINT('',(0.0375,0.225,-0.0825));
#2830=CARTESIAN_POINT('',(0.0625,0.225,-0.0825));
#2831=CARTESIAN_POINT('',(-0.0375,0.225,-0.0825));
#2832=CARTESIAN_POINT('',(-0.0375,0.16856602,-0.0825));
#2833=CARTESIAN_POINT('',(-0.0375,0.16856602,-0.0825));
#2834=CARTESIAN_POINT('',(0.0625,0.16856602,-0.0825));
#2835=CARTESIAN_POINT('',(-0.0625,0.16856602,-0.0825));
#2836=CARTESIAN_POINT('',(-0.0625,0.16856602,-0.0825));
#2837=CARTESIAN_POINT('',(0.0625,0.49,-0.0575));
#2838=CARTESIAN_POINT('',(0.0625,0.229999999999998,-0.0575));
#2839=CARTESIAN_POINT('',(-0.0625,0.229999999999998,-0.0575));
#2840=CARTESIAN_POINT('',(0.0625,0.229999999999998,-0.0575));
#2841=CARTESIAN_POINT('',(-0.0625,0.49,-0.0575));
#2842=CARTESIAN_POINT('',(-0.0625,0.16856602,-0.0575));
#2843=CARTESIAN_POINT('',(0.0625,0.16856602,-0.0575));
#2844=CARTESIAN_POINT('',(-0.0375,0.16856602,-0.0575));
#2845=CARTESIAN_POINT('',(-0.0375,0.49,-0.0575));
#2846=CARTESIAN_POINT('',(-0.0375,0.225,-0.0575));
#2847=CARTESIAN_POINT('',(0.0625,0.225,-0.0575));
#2848=CARTESIAN_POINT('',(0.0375,0.225,-0.0575));
#2849=CARTESIAN_POINT('',(0.0375,0.49,-0.0575));
#2850=CARTESIAN_POINT('',(0.0375,0.16856602,-0.0575));
#2851=CARTESIAN_POINT('',(0.0625,0.16856602,-0.0575));
#2852=CARTESIAN_POINT('',(0.0625,0.16856602,-0.0575));
#2853=CARTESIAN_POINT('',(0.0625,0.49,-0.0575));
#2854=CARTESIAN_POINT('',(0.0625,0.08,-0.05));
#2855=CARTESIAN_POINT('',(0.0625,0.229999999999998,-0.05));
#2856=CARTESIAN_POINT('',(0.0625,0.16856602,-0.0325));
#2857=CARTESIAN_POINT('',(0.0625,0.150888351172313,-0.0501776702316404));
#2858=CARTESIAN_POINT('',(0.0625,0.150888351172313,-0.0501776702316405));
#2859=CARTESIAN_POINT('',(0.0625,0.115355337655374,-0.014644659536719));
#2860=CARTESIAN_POINT('',(0.0625,0.08,-0.0500000000000001));
#2861=CARTESIAN_POINT('',(0.0625,0.08,-8.53702498020082E-18));
#2862=CARTESIAN_POINT('',(0.0625,0.08,0.));
#2863=CARTESIAN_POINT('',(0.0625,0.02,0.));
#2864=CARTESIAN_POINT('',(0.0625,0.02,0.));
#2865=CARTESIAN_POINT('',(0.0625,0.02,-0.025));
#2866=CARTESIAN_POINT('',(0.0625,0.02,-0.025));
#2867=CARTESIAN_POINT('',(0.0625,0.08,-0.025));
#2868=CARTESIAN_POINT('',(0.0625,0.08,-0.05));
#2869=CARTESIAN_POINT('',(0.0625,0.0976776688276869,-0.0323223297683595));
#2870=CARTESIAN_POINT('',(0.0625,0.0976776688276869,-0.0323223297683595));
#2871=CARTESIAN_POINT('',(0.0625,0.133210682344626,-0.067855340463281));
#2872=CARTESIAN_POINT('',(0.0625,0.16856602,-0.0324999999999999));
#2873=CARTESIAN_POINT('',(-0.0625,0.08,-0.05));
#2874=CARTESIAN_POINT('',(-0.0625,0.229999999999998,-0.05));
#2875=CARTESIAN_POINT('',(-0.0625,0.16856602,-0.0324999999999999));
#2876=CARTESIAN_POINT('',(-0.0625,0.133210682344626,-0.067855340463281));
#2877=CARTESIAN_POINT('',(-0.0625,0.0976776688276869,-0.0323223297683595));
#2878=CARTESIAN_POINT('',(-0.0625,0.0976776688276869,-0.0323223297683595));
#2879=CARTESIAN_POINT('',(-0.0625,0.08,-0.05));
#2880=CARTESIAN_POINT('',(-0.0625,0.08,-0.025));
#2881=CARTESIAN_POINT('',(-0.0625,0.02,-0.025));
#2882=CARTESIAN_POINT('',(-0.0625,0.02,-0.025));
#2883=CARTESIAN_POINT('',(-0.0625,0.02,0.));
#2884=CARTESIAN_POINT('',(-0.0625,0.02,0.));
#2885=CARTESIAN_POINT('',(-0.0625,0.08,0.));
#2886=CARTESIAN_POINT('',(-0.0625,0.08,-8.53702498020082E-18));
#2887=CARTESIAN_POINT('',(-0.0625,0.08,-0.0500000000000001));
#2888=CARTESIAN_POINT('',(-0.0625,0.115355337655374,-0.014644659536719));
#2889=CARTESIAN_POINT('',(-0.0625,0.150888351172313,-0.0501776702316405));
#2890=CARTESIAN_POINT('',(-0.0625,0.150888351172313,-0.0501776702316404));
#2891=CARTESIAN_POINT('',(-0.0625,0.16856602,-0.0325));
#2892=CARTESIAN_POINT('',(0.0625,0.08,0.));
#2893=CARTESIAN_POINT('',(0.0625,0.02,0.));
#2894=CARTESIAN_POINT('',(-0.0375,0.02,0.));
#2895=CARTESIAN_POINT('',(-0.0375,0.225,0.));
#2896=CARTESIAN_POINT('',(-0.0375,0.08,0.));
#2897=CARTESIAN_POINT('',(0.0625,0.08,-8.53702498020082E-18));
#2898=CARTESIAN_POINT('',(0.0625,0.02,-0.025));
#2899=CARTESIAN_POINT('',(0.0625,0.08,-0.025));
#2900=CARTESIAN_POINT('',(-0.0375,0.08,-0.025));
#2901=CARTESIAN_POINT('',(-0.0375,0.02,-0.025));
#2902=CARTESIAN_POINT('',(-0.0375,0.02,-0.025));
#2903=CARTESIAN_POINT('',(0.0625,0.02,-0.025));
#2904=CARTESIAN_POINT('',(0.0625,0.08,-0.05));
#2905=CARTESIAN_POINT('',(-0.0375,0.08,-0.05));
#2906=CARTESIAN_POINT('',(-0.0375,0.0976776688276869,-0.0323223297683595));
#2907=CARTESIAN_POINT('',(0.0625,0.0976776688276869,-0.0323223297683595));
#2908=CARTESIAN_POINT('',(0.0625,0.0976776688276869,-0.0323223297683595));
#2909=CARTESIAN_POINT('',(0.0625,0.133210682344626,-0.067855340463281));
#2910=CARTESIAN_POINT('',(-0.0375,0.133210682344626,-0.067855340463281));
#2911=CARTESIAN_POINT('',(-0.0375,0.0976776688276869,-0.0323223297683595));
#2912=CARTESIAN_POINT('',(0.0625,0.16856602,-0.0324999999999999));
#2913=CARTESIAN_POINT('',(-0.0375,0.16856602,-0.0324999999999999));
#2914=CARTESIAN_POINT('',(0.0625,0.16856602,-0.0325));
#2915=CARTESIAN_POINT('',(-0.0375,0.16856602,-0.0325));
#2916=CARTESIAN_POINT('',(-0.0375,0.150888351172313,-0.0501776702316405));
#2917=CARTESIAN_POINT('',(0.0625,0.150888351172313,-0.0501776702316404));
#2918=CARTESIAN_POINT('',(0.0625,0.150888351172313,-0.0501776702316405));
#2919=CARTESIAN_POINT('',(0.0625,0.115355337655374,-0.014644659536719));
#2920=CARTESIAN_POINT('',(-0.0375,0.115355337655374,-0.014644659536719));
#2921=CARTESIAN_POINT('',(-0.0375,0.150888351172313,-0.0501776702316405));
#2922=CARTESIAN_POINT('',(0.0625,0.08,-0.0500000000000001));
#2923=CARTESIAN_POINT('',(-0.0375,0.08,-0.0500000000000001));
#2924=CARTESIAN_POINT('',(0.0625,0.08,0.));
#2925=CARTESIAN_POINT('',(0.0625,0.08,-8.53702498020082E-18));
#2926=CARTESIAN_POINT('',(0.0375,0.08,-8.53702498020082E-18));
#2927=CARTESIAN_POINT('',(0.0375,-0.185,0.));
#2928=CARTESIAN_POINT('',(0.0375,0.02,0.));
#2929=CARTESIAN_POINT('',(0.0625,0.02,0.));
#2930=CARTESIAN_POINT('',(0.0625,0.02,-0.025));
#2931=CARTESIAN_POINT('',(0.0625,0.02,-0.025));
#2932=CARTESIAN_POINT('',(0.0375,0.02,-0.025));
#2933=CARTESIAN_POINT('',(0.0375,0.02,-0.025));
#2934=CARTESIAN_POINT('',(0.0375,0.08,-0.025));
#2935=CARTESIAN_POINT('',(0.0625,0.08,-0.025));
#2936=CARTESIAN_POINT('',(0.0625,0.08,-0.05));
#2937=CARTESIAN_POINT('',(0.0375,0.08,-0.05));
#2938=CARTESIAN_POINT('',(0.0375,0.0976776688276869,-0.0323223297683595));
#2939=CARTESIAN_POINT('',(0.0625,0.0976776688276869,-0.0323223297683595));
#2940=CARTESIAN_POINT('',(0.0625,0.0976776688276869,-0.0323223297683595));
#2941=CARTESIAN_POINT('',(0.0375,0.0976776688276869,-0.0323223297683595));
#2942=CARTESIAN_POINT('',(0.0375,0.133210682344626,-0.067855340463281));
#2943=CARTESIAN_POINT('',(0.0625,0.133210682344626,-0.067855340463281));
#2944=CARTESIAN_POINT('',(0.0625,0.16856602,-0.0324999999999999));
#2945=CARTESIAN_POINT('',(0.0375,0.16856602,-0.0324999999999999));
#2946=CARTESIAN_POINT('',(0.0625,0.16856602,-0.0325));
#2947=CARTESIAN_POINT('',(0.0375,0.16856602,-0.0325));
#2948=CARTESIAN_POINT('',(0.0375,0.150888351172313,-0.0501776702316405));
#2949=CARTESIAN_POINT('',(0.0625,0.150888351172313,-0.0501776702316404));
#2950=CARTESIAN_POINT('',(0.0625,0.150888351172313,-0.0501776702316405));
#2951=CARTESIAN_POINT('',(0.0375,0.150888351172313,-0.0501776702316405));
#2952=CARTESIAN_POINT('',(0.0375,0.115355337655374,-0.014644659536719));
#2953=CARTESIAN_POINT('',(0.0625,0.115355337655374,-0.014644659536719));
#2954=CARTESIAN_POINT('',(0.0625,0.08,-0.0500000000000001));
#2955=CARTESIAN_POINT('',(0.0375,0.08,-0.0500000000000001));
#2956=CARTESIAN_POINT('',(0.0375,0.225,-0.23));
#2957=CARTESIAN_POINT('',(0.0375,0.225,-0.23));
#2958=CARTESIAN_POINT('',(-0.0375,0.225,-0.23));
#2959=CARTESIAN_POINT('',(-0.0375,0.225,-0.23));
#2960=CARTESIAN_POINT('',(-0.0375,0.02,0.));
#2961=CARTESIAN_POINT('',(0.0375,-0.185,-0.23));
#2962=CARTESIAN_POINT('',(0.0375,0.02,0.));
#2963=CARTESIAN_POINT('',(-0.0625,0.02,-0.025));
#2964=CARTESIAN_POINT('',(-0.0598818239561616,0.012806620439397,-0.0223818239561616));
#2965=CARTESIAN_POINT('',(-0.0552205953146759,0.,-0.017720595314676));
#2966=CARTESIAN_POINT('',(-0.0552205953146759,0.,0.));
#2967=CARTESIAN_POINT('',(-0.0552205953146759,0.,-0.00727940468532405));
#2968=CARTESIAN_POINT('',(-0.0598818239561616,0.012806620439397,-0.00261817604383839));
#2969=CARTESIAN_POINT('',(-0.0625,0.02,0.));
#2970=CARTESIAN_POINT('',(0.,0.,-0.00727940468532405));
#2971=CARTESIAN_POINT('',(-0.044779404685324,0.,-0.00727940468532405));
#2972=CARTESIAN_POINT('',(-0.0401181760438384,0.012806620439397,-0.00261817604383839));
#2973=CARTESIAN_POINT('',(-0.0375,0.02,0.));
#2974=CARTESIAN_POINT('',(-0.044779404685324,0.,0.));
#2975=CARTESIAN_POINT('',(-0.044779404685324,0.,-0.017720595314676));
#2976=CARTESIAN_POINT('',(-0.0401181760438384,0.012806620439397,-0.0223818239561616));
#2977=CARTESIAN_POINT('',(-0.0375,0.02,-0.025));
#2978=CARTESIAN_POINT('',(0.,0.,-0.017720595314676));
#2979=CARTESIAN_POINT('',(0.,0.,0.));
#2980=CARTESIAN_POINT('',(0.0375,0.02,-0.025));
#2981=CARTESIAN_POINT('',(0.0401181760438384,0.012806620439397,-0.0223818239561616));
#2982=CARTESIAN_POINT('',(0.0447794046853241,0.,-0.017720595314676));
#2983=CARTESIAN_POINT('',(0.0447794046853241,0.,0.));
#2984=CARTESIAN_POINT('',(0.0447794046853241,0.,-0.00727940468532405));
#2985=CARTESIAN_POINT('',(0.0401181760438384,0.012806620439397,-0.00261817604383839));
#2986=CARTESIAN_POINT('',(0.0375,0.02,0.));
#2987=CARTESIAN_POINT('',(0.1,0.,-0.00727940468532405));
#2988=CARTESIAN_POINT('',(0.055220595314676,0.,-0.00727940468532405));
#2989=CARTESIAN_POINT('',(0.0598818239561616,0.012806620439397,-0.00261817604383839));
#2990=CARTESIAN_POINT('',(0.0625,0.02,0.));
#2991=CARTESIAN_POINT('',(0.055220595314676,0.,0.));
#2992=CARTESIAN_POINT('',(0.055220595314676,0.,-0.017720595314676));
#2993=CARTESIAN_POINT('',(0.0598818239561616,0.012806620439397,-0.0223818239561616));
#2994=CARTESIAN_POINT('',(0.0625,0.02,-0.025));
#2995=CARTESIAN_POINT('',(0.1,0.,-0.017720595314676));
#2996=CARTESIAN_POINT('',(0.1,0.,0.));
#2997=CARTESIAN_POINT('',(50.,0.229999999999997,20.));
#2998=CARTESIAN_POINT('',(0.,-1.38777878078145E-17,-0.23));
#2999=MECHANICAL_DESIGN_GEOMETRIC_PRESENTATION_REPRESENTATION('',(#1846,
#1847,#1848,#1849),#3000);
#3000=(
GEOMETRIC_REPRESENTATION_CONTEXT(3)
GLOBAL_UNCERTAINTY_ASSIGNED_CONTEXT((#3005))
GLOBAL_UNIT_ASSIGNED_CONTEXT((#3012,#3011,#3010))
REPRESENTATION_CONTEXT('TSM-102-01-L-SH-P-TR','TOP_LEVEL_ASSEMBLY_PART')
);
#3001=(
GEOMETRIC_REPRESENTATION_CONTEXT(3)
GLOBAL_UNCERTAINTY_ASSIGNED_CONTEXT((#3006))
GLOBAL_UNIT_ASSIGNED_CONTEXT((#3012,#3011,#3010))
REPRESENTATION_CONTEXT('TSM-102-01-SH_body','COMPONENT_PART')
);
#3002=(
GEOMETRIC_REPRESENTATION_CONTEXT(3)
GLOBAL_UNCERTAINTY_ASSIGNED_CONTEXT((#3007))
GLOBAL_UNIT_ASSIGNED_CONTEXT((#3012,#3011,#3010))
REPRESENTATION_CONTEXT('PPP-08-01-2--SH','COMPONENT_PART')
);
#3003=(
GEOMETRIC_REPRESENTATION_CONTEXT(3)
GLOBAL_UNCERTAINTY_ASSIGNED_CONTEXT((#3008))
GLOBAL_UNIT_ASSIGNED_CONTEXT((#3012,#3011,#3010))
REPRESENTATION_CONTEXT('T-1S6-08-L(-01-2-SH)','COMPONENT_PART')
);
#3004=(
GEOMETRIC_REPRESENTATION_CONTEXT(3)
GLOBAL_UNCERTAINTY_ASSIGNED_CONTEXT((#3009))
GLOBAL_UNIT_ASSIGNED_CONTEXT((#3012,#3011,#3010))
REPRESENTATION_CONTEXT('T-1S6-08-L(-01-2-SH)2','COMPONENT_PART')
);
#3005=UNCERTAINTY_MEASURE_WITH_UNIT(LENGTH_MEASURE(3.93700787401575E-7),
#3012,'DISTANCE_ACCURACY_VALUE','Maximum Tolerance applied to model');
#3006=UNCERTAINTY_MEASURE_WITH_UNIT(LENGTH_MEASURE(3.93700787401575E-7),
#3012,'DISTANCE_ACCURACY_VALUE','Maximum Tolerance applied to model');
#3007=UNCERTAINTY_MEASURE_WITH_UNIT(LENGTH_MEASURE(3.93700787401575E-7),
#3012,'DISTANCE_ACCURACY_VALUE','Maximum Tolerance applied to model');
#3008=UNCERTAINTY_MEASURE_WITH_UNIT(LENGTH_MEASURE(3.93700787401575E-7),
#3012,'DISTANCE_ACCURACY_VALUE','Maximum Tolerance applied to model');
#3009=UNCERTAINTY_MEASURE_WITH_UNIT(LENGTH_MEASURE(3.93700787401575E-7),
#3012,'DISTANCE_ACCURACY_VALUE','Maximum Tolerance applied to model');
#3010=(
NAMED_UNIT(*)
SI_UNIT($,.STERADIAN.)
SOLID_ANGLE_UNIT()
);
#3011=(
NAMED_UNIT(*)
PLANE_ANGLE_UNIT()
SI_UNIT($,.RADIAN.)
);
#3012=(
CONVERSION_BASED_UNIT('INCH',#3014)
LENGTH_UNIT()
NAMED_UNIT(#3013)
);
#3013=DIMENSIONAL_EXPONENTS(1.,0.,0.,0.,0.,0.,0.);
#3014=LENGTH_MEASURE_WITH_UNIT(LENGTH_MEASURE(25.4),#3015);
#3015=(
LENGTH_UNIT()
NAMED_UNIT(*)
SI_UNIT(.MILLI.,.METRE.)
);
#3016=PRODUCT_DEFINITION_SHAPE('','',#3025);
#3017=PRODUCT_DEFINITION_SHAPE('','',#3026);
#3018=PRODUCT_DEFINITION_SHAPE(' ','NAUO PRDDFN',#46);
#3019=PRODUCT_DEFINITION_SHAPE('','',#3027);
#3020=PRODUCT_DEFINITION_SHAPE(' ','NAUO PRDDFN',#47);
#3021=PRODUCT_DEFINITION_SHAPE('','',#3028);
#3022=PRODUCT_DEFINITION_SHAPE(' ','NAUO PRDDFN',#48);
#3023=PRODUCT_DEFINITION_SHAPE('','',#3029);
#3024=PRODUCT_DEFINITION_SHAPE(' ','NAUO PRDDFN',#49);
#3025=PRODUCT_DEFINITION('','',#3035,#3030);
#3026=PRODUCT_DEFINITION('','',#3036,#3031);
#3027=PRODUCT_DEFINITION('','',#3037,#3032);
#3028=PRODUCT_DEFINITION('','',#3038,#3033);
#3029=PRODUCT_DEFINITION('','',#3039,#3034);
#3030=PRODUCT_DEFINITION_CONTEXT('',#3061,'design');
#3031=PRODUCT_DEFINITION_CONTEXT('',#3061,'design');
#3032=PRODUCT_DEFINITION_CONTEXT('',#3061,'design');
#3033=PRODUCT_DEFINITION_CONTEXT('',#3061,'design');
#3034=PRODUCT_DEFINITION_CONTEXT('',#3061,'design');
#3035=PRODUCT_DEFINITION_FORMATION_WITH_SPECIFIED_SOURCE('','',#3045,
 .NOT_KNOWN.);
#3036=PRODUCT_DEFINITION_FORMATION_WITH_SPECIFIED_SOURCE('','',#3046,
 .NOT_KNOWN.);
#3037=PRODUCT_DEFINITION_FORMATION_WITH_SPECIFIED_SOURCE('','',#3047,
 .NOT_KNOWN.);
#3038=PRODUCT_DEFINITION_FORMATION_WITH_SPECIFIED_SOURCE('','',#3048,
 .NOT_KNOWN.);
#3039=PRODUCT_DEFINITION_FORMATION_WITH_SPECIFIED_SOURCE('','',#3049,
 .NOT_KNOWN.);
#3040=PRODUCT_RELATED_PRODUCT_CATEGORY('','',(#3045));
#3041=PRODUCT_RELATED_PRODUCT_CATEGORY('','',(#3046));
#3042=PRODUCT_RELATED_PRODUCT_CATEGORY('','',(#3047));
#3043=PRODUCT_RELATED_PRODUCT_CATEGORY('','',(#3048));
#3044=PRODUCT_RELATED_PRODUCT_CATEGORY('','',(#3049));
#3045=PRODUCT('TSM-102-01-L-SH-P-TR','TSM-102-01-L-SH-P-TR',
'TSM-102-01-L-SH-P-TR',(#3055));
#3046=PRODUCT('TSM-102-01-SH_body','TSM-102-01-SH_body',
'TSM-102-01-SH_body',(#3056));
#3047=PRODUCT('PPP-08-01-2--SH','PPP-08-01-2--SH','PPP-08-01-2--SH',(#3057));
#3048=PRODUCT('T-1S6-08-L(-01-2-SH)','T-1S6-08-L(-01-2-SH)',
'T-1S6-08-L(-01-2-SH)',(#3058));
#3049=PRODUCT('T-1S6-08-L(-01-2-SH)2','T-1S6-08-L(-01-2-SH)2',
'T-1S6-08-L(-01-2-SH)2',(#3059));
#3050=PRODUCT_CATEGORY('','');
#3051=PRODUCT_CATEGORY('','');
#3052=PRODUCT_CATEGORY('','');
#3053=PRODUCT_CATEGORY('','');
#3054=PRODUCT_CATEGORY('','');
#3055=PRODUCT_CONTEXT('',#3061,'mechanical');
#3056=PRODUCT_CONTEXT('',#3061,'mechanical');
#3057=PRODUCT_CONTEXT('',#3061,'mechanical');
#3058=PRODUCT_CONTEXT('',#3061,'mechanical');
#3059=PRODUCT_CONTEXT('',#3061,'mechanical');
#3060=APPLICATION_PROTOCOL_DEFINITION('international standard',
'automotive_design',2010,#3061);
#3061=APPLICATION_CONTEXT(
'core data for automotive mechanical design processes');
ENDSEC;
END-ISO-10303-21;
