ISO-10303-21;
HEADER;
FILE_DESCRIPTION((''),'2;1');
FILE_NAME('RCJ0009A_ASM','2023-04-06T09:14:36',('a0412086'),(''),
'CREO PARAMETRIC BY PTC INC, 2018500','CREO PARAMETRIC BY PTC INC, 2018500','');
FILE_SCHEMA(('CONFIG_CONTROL_DESIGN','SHAPE_APPEARANCE_LAYERS_GROUPS'));
ENDSEC;
DATA;
#29=DIRECTION('',(-1.E0,0.E0,0.E0));
#30=VECTOR('',#29,4.8E-1);
#31=CARTESIAN_POINT('',(-1.17E0,0.E0,-1.6E0));
#32=LINE('',#31,#30);
#33=DRAUGHTING_PRE_DEFINED_CURVE_FONT('continuous');
#34=CURVE_STYLE('',#33,POSITIVE_LENGTH_MEASURE(2.E-2),#22);
#35=PRESENTATION_STYLE_ASSIGNMENT((#34));
#36=STYLED_ITEM('',(#35),#32);
#37=DIRECTION('',(0.E0,0.E0,1.E0));
#38=VECTOR('',#37,2.5E-1);
#39=CARTESIAN_POINT('',(-1.65E0,0.E0,-1.6E0));
#40=LINE('',#39,#38);
#41=CURVE_STYLE('',#33,POSITIVE_LENGTH_MEASURE(2.E-2),#22);
#42=PRESENTATION_STYLE_ASSIGNMENT((#41));
#43=STYLED_ITEM('',(#42),#40);
#44=DIRECTION('',(1.E0,0.E0,0.E0));
#45=VECTOR('',#44,6.000000000001E-1);
#46=CARTESIAN_POINT('',(-1.65E0,0.E0,-1.35E0));
#47=LINE('',#46,#45);
#48=CURVE_STYLE('',#33,POSITIVE_LENGTH_MEASURE(2.E-2),#22);
#49=PRESENTATION_STYLE_ASSIGNMENT((#48));
#50=STYLED_ITEM('',(#49),#47);
#51=DIRECTION('',(0.E0,0.E0,-1.E0));
#52=VECTOR('',#51,1.299999999999E-1);
#53=CARTESIAN_POINT('',(-1.05E0,0.E0,-1.35E0));
#54=LINE('',#53,#52);
#55=CURVE_STYLE('',#33,POSITIVE_LENGTH_MEASURE(2.E-2),#22);
#56=PRESENTATION_STYLE_ASSIGNMENT((#55));
#57=STYLED_ITEM('',(#56),#54);
#58=DIRECTION('',(-7.071067811865E-1,0.E0,-7.071067811865E-1));
#59=VECTOR('',#58,1.697056274849E-1);
#60=CARTESIAN_POINT('',(-1.05E0,0.E0,-1.48E0));
#61=LINE('',#60,#59);
#62=CURVE_STYLE('',#33,POSITIVE_LENGTH_MEASURE(2.E-2),#22);
#63=PRESENTATION_STYLE_ASSIGNMENT((#62));
#64=STYLED_ITEM('',(#63),#61);
#65=DIRECTION('',(0.E0,1.E0,0.E0));
#66=VECTOR('',#65,2.E-1);
#67=CARTESIAN_POINT('',(-1.17E0,0.E0,-1.6E0));
#68=LINE('',#67,#66);
#69=CURVE_STYLE('',#33,POSITIVE_LENGTH_MEASURE(2.E-2),#22);
#70=PRESENTATION_STYLE_ASSIGNMENT((#69));
#71=STYLED_ITEM('',(#70),#68);
#72=DIRECTION('',(0.E0,1.E0,0.E0));
#73=VECTOR('',#72,2.E-1);
#74=CARTESIAN_POINT('',(-1.05E0,0.E0,-1.48E0));
#75=LINE('',#74,#73);
#76=CURVE_STYLE('',#33,POSITIVE_LENGTH_MEASURE(2.E-2),#22);
#77=PRESENTATION_STYLE_ASSIGNMENT((#76));
#78=STYLED_ITEM('',(#77),#75);
#79=DIRECTION('',(0.E0,1.E0,0.E0));
#80=VECTOR('',#79,2.E-1);
#81=CARTESIAN_POINT('',(-1.05E0,0.E0,-1.35E0));
#82=LINE('',#81,#80);
#83=CURVE_STYLE('',#33,POSITIVE_LENGTH_MEASURE(2.E-2),#22);
#84=PRESENTATION_STYLE_ASSIGNMENT((#83));
#85=STYLED_ITEM('',(#84),#82);
#86=DIRECTION('',(0.E0,1.E0,0.E0));
#87=VECTOR('',#86,2.E-1);
#88=CARTESIAN_POINT('',(-1.65E0,0.E0,-1.35E0));
#89=LINE('',#88,#87);
#90=CURVE_STYLE('',#33,POSITIVE_LENGTH_MEASURE(2.E-2),#22);
#91=PRESENTATION_STYLE_ASSIGNMENT((#90));
#92=STYLED_ITEM('',(#91),#89);
#93=DIRECTION('',(0.E0,1.E0,0.E0));
#94=VECTOR('',#93,2.E-1);
#95=CARTESIAN_POINT('',(-1.65E0,0.E0,-1.6E0));
#96=LINE('',#95,#94);
#97=CURVE_STYLE('',#33,POSITIVE_LENGTH_MEASURE(2.E-2),#22);
#98=PRESENTATION_STYLE_ASSIGNMENT((#97));
#99=STYLED_ITEM('',(#98),#96);
#100=DIRECTION('',(-1.E0,0.E0,0.E0));
#101=VECTOR('',#100,4.8E-1);
#102=CARTESIAN_POINT('',(-1.17E0,2.E-1,-1.6E0));
#103=LINE('',#102,#101);
#104=CURVE_STYLE('',#33,POSITIVE_LENGTH_MEASURE(2.E-2),#22);
#105=PRESENTATION_STYLE_ASSIGNMENT((#104));
#106=STYLED_ITEM('',(#105),#103);
#107=DIRECTION('',(-7.071067811865E-1,0.E0,-7.071067811865E-1));
#108=VECTOR('',#107,1.697056274849E-1);
#109=CARTESIAN_POINT('',(-1.05E0,2.E-1,-1.48E0));
#110=LINE('',#109,#108);
#111=CURVE_STYLE('',#33,POSITIVE_LENGTH_MEASURE(2.E-2),#22);
#112=PRESENTATION_STYLE_ASSIGNMENT((#111));
#113=STYLED_ITEM('',(#112),#110);
#114=DIRECTION('',(0.E0,0.E0,-1.E0));
#115=VECTOR('',#114,1.299999999999E-1);
#116=CARTESIAN_POINT('',(-1.05E0,2.E-1,-1.35E0));
#117=LINE('',#116,#115);
#118=CURVE_STYLE('',#33,POSITIVE_LENGTH_MEASURE(2.E-2),#22);
#119=PRESENTATION_STYLE_ASSIGNMENT((#118));
#120=STYLED_ITEM('',(#119),#117);
#121=DIRECTION('',(1.E0,0.E0,0.E0));
#122=VECTOR('',#121,6.000000000001E-1);
#123=CARTESIAN_POINT('',(-1.65E0,2.E-1,-1.35E0));
#124=LINE('',#123,#122);
#125=CURVE_STYLE('',#33,POSITIVE_LENGTH_MEASURE(2.E-2),#22);
#126=PRESENTATION_STYLE_ASSIGNMENT((#125));
#127=STYLED_ITEM('',(#126),#124);
#128=DIRECTION('',(0.E0,0.E0,1.E0));
#129=VECTOR('',#128,2.5E-1);
#130=CARTESIAN_POINT('',(-1.65E0,2.E-1,-1.6E0));
#131=LINE('',#130,#129);
#132=CURVE_STYLE('',#33,POSITIVE_LENGTH_MEASURE(2.E-2),#22);
#133=PRESENTATION_STYLE_ASSIGNMENT((#132));
#134=STYLED_ITEM('',(#133),#131);
#135=CARTESIAN_POINT('',(-1.17E0,0.E0,-1.6E0));
#136=CARTESIAN_POINT('',(-1.65E0,0.E0,-1.6E0));
#137=VERTEX_POINT('',#135);
#138=VERTEX_POINT('',#136);
#139=CARTESIAN_POINT('',(-1.65E0,0.E0,-1.35E0));
#140=VERTEX_POINT('',#139);
#141=CARTESIAN_POINT('',(-1.05E0,0.E0,-1.35E0));
#142=VERTEX_POINT('',#141);
#143=CARTESIAN_POINT('',(-1.05E0,0.E0,-1.48E0));
#144=VERTEX_POINT('',#143);
#145=CARTESIAN_POINT('',(-1.17E0,2.E-1,-1.6E0));
#146=CARTESIAN_POINT('',(-1.65E0,2.E-1,-1.6E0));
#147=VERTEX_POINT('',#145);
#148=VERTEX_POINT('',#146);
#149=CARTESIAN_POINT('',(-1.65E0,2.E-1,-1.35E0));
#150=VERTEX_POINT('',#149);
#151=CARTESIAN_POINT('',(-1.05E0,2.E-1,-1.35E0));
#152=VERTEX_POINT('',#151);
#153=CARTESIAN_POINT('',(-1.05E0,2.E-1,-1.48E0));
#154=VERTEX_POINT('',#153);
#155=CARTESIAN_POINT('',(0.E0,0.E0,0.E0));
#156=DIRECTION('',(0.E0,1.E0,0.E0));
#157=DIRECTION('',(1.E0,0.E0,0.E0));
#158=AXIS2_PLACEMENT_3D('',#155,#156,#157);
#159=PLANE('',#158);
#161=ORIENTED_EDGE('',*,*,#160,.T.);
#163=ORIENTED_EDGE('',*,*,#162,.T.);
#165=ORIENTED_EDGE('',*,*,#164,.T.);
#167=ORIENTED_EDGE('',*,*,#166,.T.);
#169=ORIENTED_EDGE('',*,*,#168,.T.);
#170=EDGE_LOOP('',(#161,#163,#165,#167,#169));
#171=FACE_OUTER_BOUND('',#170,.F.);
#172=ADVANCED_FACE('',(#171),#159,.F.);
#173=CARTESIAN_POINT('',(-1.17E0,0.E0,-1.6E0));
#174=DIRECTION('',(0.E0,0.E0,-1.E0));
#175=DIRECTION('',(-1.E0,0.E0,0.E0));
#176=AXIS2_PLACEMENT_3D('',#173,#174,#175);
#177=PLANE('',#176);
#178=ORIENTED_EDGE('',*,*,#160,.F.);
#180=ORIENTED_EDGE('',*,*,#179,.T.);
#182=ORIENTED_EDGE('',*,*,#181,.T.);
#184=ORIENTED_EDGE('',*,*,#183,.F.);
#185=EDGE_LOOP('',(#178,#180,#182,#184));
#186=FACE_OUTER_BOUND('',#185,.F.);
#187=ADVANCED_FACE('',(#186),#177,.T.);
#188=CARTESIAN_POINT('',(-1.05E0,0.E0,-1.48E0));
#189=DIRECTION('',(7.071067811865E-1,0.E0,-7.071067811865E-1));
#190=DIRECTION('',(-7.071067811865E-1,0.E0,-7.071067811865E-1));
#191=AXIS2_PLACEMENT_3D('',#188,#189,#190);
#192=PLANE('',#191);
#193=ORIENTED_EDGE('',*,*,#168,.F.);
#195=ORIENTED_EDGE('',*,*,#194,.T.);
#197=ORIENTED_EDGE('',*,*,#196,.T.);
#198=ORIENTED_EDGE('',*,*,#179,.F.);
#199=EDGE_LOOP('',(#193,#195,#197,#198));
#200=FACE_OUTER_BOUND('',#199,.F.);
#201=ADVANCED_FACE('',(#200),#192,.T.);
#202=CARTESIAN_POINT('',(-1.05E0,0.E0,-1.35E0));
#203=DIRECTION('',(1.E0,0.E0,0.E0));
#204=DIRECTION('',(0.E0,0.E0,-1.E0));
#205=AXIS2_PLACEMENT_3D('',#202,#203,#204);
#206=PLANE('',#205);
#207=ORIENTED_EDGE('',*,*,#166,.F.);
#209=ORIENTED_EDGE('',*,*,#208,.T.);
#211=ORIENTED_EDGE('',*,*,#210,.T.);
#212=ORIENTED_EDGE('',*,*,#194,.F.);
#213=EDGE_LOOP('',(#207,#209,#211,#212));
#214=FACE_OUTER_BOUND('',#213,.F.);
#215=ADVANCED_FACE('',(#214),#206,.T.);
#216=CARTESIAN_POINT('',(-1.65E0,0.E0,-1.35E0));
#217=DIRECTION('',(0.E0,0.E0,1.E0));
#218=DIRECTION('',(1.E0,0.E0,0.E0));
#219=AXIS2_PLACEMENT_3D('',#216,#217,#218);
#220=PLANE('',#219);
#221=ORIENTED_EDGE('',*,*,#164,.F.);
#223=ORIENTED_EDGE('',*,*,#222,.T.);
#225=ORIENTED_EDGE('',*,*,#224,.T.);
#226=ORIENTED_EDGE('',*,*,#208,.F.);
#227=EDGE_LOOP('',(#221,#223,#225,#226));
#228=FACE_OUTER_BOUND('',#227,.F.);
#229=ADVANCED_FACE('',(#228),#220,.T.);
#230=CARTESIAN_POINT('',(-1.65E0,0.E0,-1.6E0));
#231=DIRECTION('',(-1.E0,0.E0,0.E0));
#232=DIRECTION('',(0.E0,0.E0,1.E0));
#233=AXIS2_PLACEMENT_3D('',#230,#231,#232);
#234=PLANE('',#233);
#235=ORIENTED_EDGE('',*,*,#162,.F.);
#236=ORIENTED_EDGE('',*,*,#183,.T.);
#238=ORIENTED_EDGE('',*,*,#237,.T.);
#239=ORIENTED_EDGE('',*,*,#222,.F.);
#240=EDGE_LOOP('',(#235,#236,#238,#239));
#241=FACE_OUTER_BOUND('',#240,.F.);
#242=ADVANCED_FACE('',(#241),#234,.T.);
#243=FILL_AREA_STYLE_COLOUR('',#20);
#244=FILL_AREA_STYLE('',(#243));
#245=SURFACE_STYLE_FILL_AREA(#244);
#246=SURFACE_SIDE_STYLE('',(#245));
#247=SURFACE_STYLE_USAGE(.POSITIVE.,#246);
#248=FILL_AREA_STYLE_COLOUR('',#22);
#249=FILL_AREA_STYLE('',(#248));
#250=SURFACE_STYLE_FILL_AREA(#249);
#251=SURFACE_SIDE_STYLE('',(#250));
#252=SURFACE_STYLE_USAGE(.NEGATIVE.,#251);
#253=PRESENTATION_STYLE_ASSIGNMENT((#247,#252));
#254=OVER_RIDING_STYLED_ITEM('',(#253),#242,#28);
#255=CARTESIAN_POINT('',(0.E0,2.E-1,0.E0));
#256=DIRECTION('',(0.E0,1.E0,0.E0));
#257=DIRECTION('',(1.E0,0.E0,0.E0));
#258=AXIS2_PLACEMENT_3D('',#255,#256,#257);
#259=PLANE('',#258);
#260=ORIENTED_EDGE('',*,*,#181,.F.);
#261=ORIENTED_EDGE('',*,*,#196,.F.);
#262=ORIENTED_EDGE('',*,*,#210,.F.);
#263=ORIENTED_EDGE('',*,*,#224,.F.);
#264=ORIENTED_EDGE('',*,*,#237,.F.);
#265=EDGE_LOOP('',(#260,#261,#262,#263,#264));
#266=FACE_OUTER_BOUND('',#265,.F.);
#267=ADVANCED_FACE('',(#266),#259,.T.);
#268=CLOSED_SHELL('',(#172,#187,#201,#215,#229,#242,#267));
#269=MANIFOLD_SOLID_BREP('',#268);
#270=FILL_AREA_STYLE_COLOUR('',#22);
#271=FILL_AREA_STYLE('',(#270));
#272=SURFACE_STYLE_FILL_AREA(#271);
#273=SURFACE_SIDE_STYLE('',(#272));
#274=SURFACE_STYLE_USAGE(.BOTH.,#273);
#275=PRESENTATION_STYLE_ASSIGNMENT((#274));
#28=STYLED_ITEM('',(#275),#269);
#277=DIRECTION('',(-1.E0,0.E0,0.E0));
#278=VECTOR('',#277,6.000000000001E-1);
#279=CARTESIAN_POINT('',(-1.05E0,0.E0,-1.1E0));
#280=LINE('',#279,#278);
#281=CURVE_STYLE('',#33,POSITIVE_LENGTH_MEASURE(2.E-2),#22);
#282=PRESENTATION_STYLE_ASSIGNMENT((#281));
#283=STYLED_ITEM('',(#282),#280);
#284=DIRECTION('',(0.E0,0.E0,1.E0));
#285=VECTOR('',#284,2.5E-1);
#286=CARTESIAN_POINT('',(-1.65E0,0.E0,-1.1E0));
#287=LINE('',#286,#285);
#288=CURVE_STYLE('',#33,POSITIVE_LENGTH_MEASURE(2.E-2),#22);
#289=PRESENTATION_STYLE_ASSIGNMENT((#288));
#290=STYLED_ITEM('',(#289),#287);
#291=DIRECTION('',(1.E0,0.E0,0.E0));
#292=VECTOR('',#291,6.000000000001E-1);
#293=CARTESIAN_POINT('',(-1.65E0,0.E0,-8.500000000001E-1));
#294=LINE('',#293,#292);
#295=CURVE_STYLE('',#33,POSITIVE_LENGTH_MEASURE(2.E-2),#22);
#296=PRESENTATION_STYLE_ASSIGNMENT((#295));
#297=STYLED_ITEM('',(#296),#294);
#298=DIRECTION('',(0.E0,0.E0,-1.E0));
#299=VECTOR('',#298,2.5E-1);
#300=CARTESIAN_POINT('',(-1.05E0,0.E0,-8.500000000001E-1));
#301=LINE('',#300,#299);
#302=CURVE_STYLE('',#33,POSITIVE_LENGTH_MEASURE(2.E-2),#22);
#303=PRESENTATION_STYLE_ASSIGNMENT((#302));
#304=STYLED_ITEM('',(#303),#301);
#305=DIRECTION('',(0.E0,1.E0,0.E0));
#306=VECTOR('',#305,2.E-1);
#307=CARTESIAN_POINT('',(-1.05E0,0.E0,-1.1E0));
#308=LINE('',#307,#306);
#309=CURVE_STYLE('',#33,POSITIVE_LENGTH_MEASURE(2.E-2),#22);
#310=PRESENTATION_STYLE_ASSIGNMENT((#309));
#311=STYLED_ITEM('',(#310),#308);
#312=DIRECTION('',(0.E0,1.E0,0.E0));
#313=VECTOR('',#312,2.E-1);
#314=CARTESIAN_POINT('',(-1.05E0,0.E0,-8.500000000001E-1));
#315=LINE('',#314,#313);
#316=CURVE_STYLE('',#33,POSITIVE_LENGTH_MEASURE(2.E-2),#22);
#317=PRESENTATION_STYLE_ASSIGNMENT((#316));
#318=STYLED_ITEM('',(#317),#315);
#319=DIRECTION('',(0.E0,1.E0,0.E0));
#320=VECTOR('',#319,2.E-1);
#321=CARTESIAN_POINT('',(-1.65E0,0.E0,-8.500000000001E-1));
#322=LINE('',#321,#320);
#323=CURVE_STYLE('',#33,POSITIVE_LENGTH_MEASURE(2.E-2),#22);
#324=PRESENTATION_STYLE_ASSIGNMENT((#323));
#325=STYLED_ITEM('',(#324),#322);
#326=DIRECTION('',(0.E0,1.E0,0.E0));
#327=VECTOR('',#326,2.E-1);
#328=CARTESIAN_POINT('',(-1.65E0,0.E0,-1.1E0));
#329=LINE('',#328,#327);
#330=CURVE_STYLE('',#33,POSITIVE_LENGTH_MEASURE(2.E-2),#22);
#331=PRESENTATION_STYLE_ASSIGNMENT((#330));
#332=STYLED_ITEM('',(#331),#329);
#333=DIRECTION('',(-1.E0,0.E0,0.E0));
#334=VECTOR('',#333,6.000000000001E-1);
#335=CARTESIAN_POINT('',(-1.05E0,2.E-1,-1.1E0));
#336=LINE('',#335,#334);
#337=CURVE_STYLE('',#33,POSITIVE_LENGTH_MEASURE(2.E-2),#22);
#338=PRESENTATION_STYLE_ASSIGNMENT((#337));
#339=STYLED_ITEM('',(#338),#336);
#340=DIRECTION('',(0.E0,0.E0,-1.E0));
#341=VECTOR('',#340,2.5E-1);
#342=CARTESIAN_POINT('',(-1.05E0,2.E-1,-8.500000000001E-1));
#343=LINE('',#342,#341);
#344=CURVE_STYLE('',#33,POSITIVE_LENGTH_MEASURE(2.E-2),#22);
#345=PRESENTATION_STYLE_ASSIGNMENT((#344));
#346=STYLED_ITEM('',(#345),#343);
#347=DIRECTION('',(1.E0,0.E0,0.E0));
#348=VECTOR('',#347,6.000000000001E-1);
#349=CARTESIAN_POINT('',(-1.65E0,2.E-1,-8.500000000001E-1));
#350=LINE('',#349,#348);
#351=CURVE_STYLE('',#33,POSITIVE_LENGTH_MEASURE(2.E-2),#22);
#352=PRESENTATION_STYLE_ASSIGNMENT((#351));
#353=STYLED_ITEM('',(#352),#350);
#354=DIRECTION('',(0.E0,0.E0,1.E0));
#355=VECTOR('',#354,2.5E-1);
#356=CARTESIAN_POINT('',(-1.65E0,2.E-1,-1.1E0));
#357=LINE('',#356,#355);
#358=CURVE_STYLE('',#33,POSITIVE_LENGTH_MEASURE(2.E-2),#22);
#359=PRESENTATION_STYLE_ASSIGNMENT((#358));
#360=STYLED_ITEM('',(#359),#357);
#361=CARTESIAN_POINT('',(-1.05E0,0.E0,-1.1E0));
#362=CARTESIAN_POINT('',(-1.65E0,0.E0,-1.1E0));
#363=VERTEX_POINT('',#361);
#364=VERTEX_POINT('',#362);
#365=CARTESIAN_POINT('',(-1.65E0,0.E0,-8.500000000001E-1));
#366=VERTEX_POINT('',#365);
#367=CARTESIAN_POINT('',(-1.05E0,0.E0,-8.500000000001E-1));
#368=VERTEX_POINT('',#367);
#369=CARTESIAN_POINT('',(-1.05E0,2.E-1,-1.1E0));
#370=CARTESIAN_POINT('',(-1.65E0,2.E-1,-1.1E0));
#371=VERTEX_POINT('',#369);
#372=VERTEX_POINT('',#370);
#373=CARTESIAN_POINT('',(-1.65E0,2.E-1,-8.500000000001E-1));
#374=VERTEX_POINT('',#373);
#375=CARTESIAN_POINT('',(-1.05E0,2.E-1,-8.500000000001E-1));
#376=VERTEX_POINT('',#375);
#377=CARTESIAN_POINT('',(0.E0,0.E0,0.E0));
#378=DIRECTION('',(0.E0,1.E0,0.E0));
#379=DIRECTION('',(1.E0,0.E0,0.E0));
#380=AXIS2_PLACEMENT_3D('',#377,#378,#379);
#381=PLANE('',#380);
#383=ORIENTED_EDGE('',*,*,#382,.T.);
#385=ORIENTED_EDGE('',*,*,#384,.T.);
#387=ORIENTED_EDGE('',*,*,#386,.T.);
#389=ORIENTED_EDGE('',*,*,#388,.T.);
#390=EDGE_LOOP('',(#383,#385,#387,#389));
#391=FACE_OUTER_BOUND('',#390,.F.);
#392=ADVANCED_FACE('',(#391),#381,.F.);
#393=CARTESIAN_POINT('',(-1.05E0,0.E0,-1.1E0));
#394=DIRECTION('',(0.E0,0.E0,-1.E0));
#395=DIRECTION('',(-1.E0,0.E0,0.E0));
#396=AXIS2_PLACEMENT_3D('',#393,#394,#395);
#397=PLANE('',#396);
#398=ORIENTED_EDGE('',*,*,#382,.F.);
#400=ORIENTED_EDGE('',*,*,#399,.T.);
#402=ORIENTED_EDGE('',*,*,#401,.T.);
#404=ORIENTED_EDGE('',*,*,#403,.F.);
#405=EDGE_LOOP('',(#398,#400,#402,#404));
#406=FACE_OUTER_BOUND('',#405,.F.);
#407=ADVANCED_FACE('',(#406),#397,.T.);
#408=CARTESIAN_POINT('',(-1.05E0,0.E0,-8.500000000001E-1));
#409=DIRECTION('',(1.E0,0.E0,0.E0));
#410=DIRECTION('',(0.E0,0.E0,-1.E0));
#411=AXIS2_PLACEMENT_3D('',#408,#409,#410);
#412=PLANE('',#411);
#413=ORIENTED_EDGE('',*,*,#388,.F.);
#415=ORIENTED_EDGE('',*,*,#414,.T.);
#417=ORIENTED_EDGE('',*,*,#416,.T.);
#418=ORIENTED_EDGE('',*,*,#399,.F.);
#419=EDGE_LOOP('',(#413,#415,#417,#418));
#420=FACE_OUTER_BOUND('',#419,.F.);
#421=ADVANCED_FACE('',(#420),#412,.T.);
#422=CARTESIAN_POINT('',(-1.65E0,0.E0,-8.500000000001E-1));
#423=DIRECTION('',(0.E0,0.E0,1.E0));
#424=DIRECTION('',(1.E0,0.E0,0.E0));
#425=AXIS2_PLACEMENT_3D('',#422,#423,#424);
#426=PLANE('',#425);
#427=ORIENTED_EDGE('',*,*,#386,.F.);
#429=ORIENTED_EDGE('',*,*,#428,.T.);
#431=ORIENTED_EDGE('',*,*,#430,.T.);
#432=ORIENTED_EDGE('',*,*,#414,.F.);
#433=EDGE_LOOP('',(#427,#429,#431,#432));
#434=FACE_OUTER_BOUND('',#433,.F.);
#435=ADVANCED_FACE('',(#434),#426,.T.);
#436=CARTESIAN_POINT('',(-1.65E0,0.E0,-1.1E0));
#437=DIRECTION('',(-1.E0,0.E0,0.E0));
#438=DIRECTION('',(0.E0,0.E0,1.E0));
#439=AXIS2_PLACEMENT_3D('',#436,#437,#438);
#440=PLANE('',#439);
#441=ORIENTED_EDGE('',*,*,#384,.F.);
#442=ORIENTED_EDGE('',*,*,#403,.T.);
#444=ORIENTED_EDGE('',*,*,#443,.T.);
#445=ORIENTED_EDGE('',*,*,#428,.F.);
#446=EDGE_LOOP('',(#441,#442,#444,#445));
#447=FACE_OUTER_BOUND('',#446,.F.);
#448=ADVANCED_FACE('',(#447),#440,.T.);
#449=FILL_AREA_STYLE_COLOUR('',#20);
#450=FILL_AREA_STYLE('',(#449));
#451=SURFACE_STYLE_FILL_AREA(#450);
#452=SURFACE_SIDE_STYLE('',(#451));
#453=SURFACE_STYLE_USAGE(.POSITIVE.,#452);
#454=PRESENTATION_STYLE_ASSIGNMENT((#453));
#455=OVER_RIDING_STYLED_ITEM('',(#454),#448,#276);
#456=CARTESIAN_POINT('',(0.E0,2.E-1,0.E0));
#457=DIRECTION('',(0.E0,1.E0,0.E0));
#458=DIRECTION('',(1.E0,0.E0,0.E0));
#459=AXIS2_PLACEMENT_3D('',#456,#457,#458);
#460=PLANE('',#459);
#461=ORIENTED_EDGE('',*,*,#401,.F.);
#462=ORIENTED_EDGE('',*,*,#416,.F.);
#463=ORIENTED_EDGE('',*,*,#430,.F.);
#464=ORIENTED_EDGE('',*,*,#443,.F.);
#465=EDGE_LOOP('',(#461,#462,#463,#464));
#466=FACE_OUTER_BOUND('',#465,.F.);
#467=ADVANCED_FACE('',(#466),#460,.T.);
#468=CLOSED_SHELL('',(#392,#407,#421,#435,#448,#467));
#469=MANIFOLD_SOLID_BREP('',#468);
#470=FILL_AREA_STYLE_COLOUR('',#22);
#471=FILL_AREA_STYLE('',(#470));
#472=SURFACE_STYLE_FILL_AREA(#471);
#473=SURFACE_SIDE_STYLE('',(#472));
#474=SURFACE_STYLE_USAGE(.POSITIVE.,#473);
#475=PRESENTATION_STYLE_ASSIGNMENT((#474));
#276=STYLED_ITEM('',(#475),#469);
#477=DIRECTION('',(-1.E0,0.E0,0.E0));
#478=VECTOR('',#477,1.074906941579E0);
#479=CARTESIAN_POINT('',(-5.750930584206E-1,0.E0,-6.000000000001E-1));
#480=LINE('',#479,#478);
#481=CURVE_STYLE('',#33,POSITIVE_LENGTH_MEASURE(2.E-2),#22);
#482=PRESENTATION_STYLE_ASSIGNMENT((#481));
#483=STYLED_ITEM('',(#482),#480);
#484=DIRECTION('',(0.E0,0.E0,1.E0));
#485=VECTOR('',#484,2.750000000003E-1);
#486=CARTESIAN_POINT('',(-1.65E0,0.E0,-6.000000000001E-1));
#487=LINE('',#486,#485);
#488=CURVE_STYLE('',#33,POSITIVE_LENGTH_MEASURE(2.E-2),#22);
#489=PRESENTATION_STYLE_ASSIGNMENT((#488));
#490=STYLED_ITEM('',(#489),#487);
#491=DIRECTION('',(1.E0,0.E0,0.E0));
#492=VECTOR('',#491,1.525E0);
#493=CARTESIAN_POINT('',(-1.65E0,0.E0,-3.249999999998E-1));
#494=LINE('',#493,#492);
#495=CURVE_STYLE('',#33,POSITIVE_LENGTH_MEASURE(2.E-2),#22);
#496=PRESENTATION_STYLE_ASSIGNMENT((#495));
#497=STYLED_ITEM('',(#496),#494);
#498=DIRECTION('',(8.597944159570E-14,0.E0,-1.E0));
#499=VECTOR('',#498,1.325000000001E0);
#500=CARTESIAN_POINT('',(-1.25E-1,0.E0,-3.249999999998E-1));
#501=LINE('',#500,#499);
#502=CURVE_STYLE('',#33,POSITIVE_LENGTH_MEASURE(2.E-2),#22);
#503=PRESENTATION_STYLE_ASSIGNMENT((#502));
#504=STYLED_ITEM('',(#503),#501);
#505=DIRECTION('',(-1.E0,0.E0,0.E0));
#506=VECTOR('',#505,2.5E-1);
#507=CARTESIAN_POINT('',(-1.249999999999E-1,0.E0,-1.65E0));
#508=LINE('',#507,#506);
#509=CURVE_STYLE('',#33,POSITIVE_LENGTH_MEASURE(2.E-2),#22);
#510=PRESENTATION_STYLE_ASSIGNMENT((#509));
#511=STYLED_ITEM('',(#510),#508);
#512=DIRECTION('',(0.E0,0.E0,1.E0));
#513=VECTOR('',#512,8.499069415795E-1);
#514=CARTESIAN_POINT('',(-3.749999999999E-1,0.E0,-1.65E0));
#515=LINE('',#514,#513);
#516=CURVE_STYLE('',#33,POSITIVE_LENGTH_MEASURE(2.E-2),#22);
#517=PRESENTATION_STYLE_ASSIGNMENT((#516));
#518=STYLED_ITEM('',(#517),#515);
#519=DIRECTION('',(-7.071067811867E-1,0.E0,7.071067811863E-1));
#520=VECTOR('',#519,2.829743169553E-1);
#521=CARTESIAN_POINT('',(-3.749999999999E-1,0.E0,-8.000930584208E-1));
#522=LINE('',#521,#520);
#523=CURVE_STYLE('',#33,POSITIVE_LENGTH_MEASURE(2.E-2),#22);
#524=PRESENTATION_STYLE_ASSIGNMENT((#523));
#525=STYLED_ITEM('',(#524),#522);
#526=DIRECTION('',(0.E0,1.E0,0.E0));
#527=VECTOR('',#526,2.E-1);
#528=CARTESIAN_POINT('',(-5.750930584206E-1,0.E0,-6.000000000001E-1));
#529=LINE('',#528,#527);
#530=CURVE_STYLE('',#33,POSITIVE_LENGTH_MEASURE(2.E-2),#22);
#531=PRESENTATION_STYLE_ASSIGNMENT((#530));
#532=STYLED_ITEM('',(#531),#529);
#533=DIRECTION('',(0.E0,1.E0,0.E0));
#534=VECTOR('',#533,2.E-1);
#535=CARTESIAN_POINT('',(-3.749999999999E-1,0.E0,-8.000930584208E-1));
#536=LINE('',#535,#534);
#537=CURVE_STYLE('',#33,POSITIVE_LENGTH_MEASURE(2.E-2),#22);
#538=PRESENTATION_STYLE_ASSIGNMENT((#537));
#539=STYLED_ITEM('',(#538),#536);
#540=DIRECTION('',(0.E0,1.E0,0.E0));
#541=VECTOR('',#540,2.E-1);
#542=CARTESIAN_POINT('',(-3.749999999999E-1,0.E0,-1.65E0));
#543=LINE('',#542,#541);
#544=CURVE_STYLE('',#33,POSITIVE_LENGTH_MEASURE(2.E-2),#22);
#545=PRESENTATION_STYLE_ASSIGNMENT((#544));
#546=STYLED_ITEM('',(#545),#543);
#547=DIRECTION('',(0.E0,1.E0,0.E0));
#548=VECTOR('',#547,2.E-1);
#549=CARTESIAN_POINT('',(-1.249999999999E-1,0.E0,-1.65E0));
#550=LINE('',#549,#548);
#551=CURVE_STYLE('',#33,POSITIVE_LENGTH_MEASURE(2.E-2),#22);
#552=PRESENTATION_STYLE_ASSIGNMENT((#551));
#553=STYLED_ITEM('',(#552),#550);
#554=DIRECTION('',(0.E0,1.E0,0.E0));
#555=VECTOR('',#554,2.E-1);
#556=CARTESIAN_POINT('',(-1.25E-1,0.E0,-3.249999999998E-1));
#557=LINE('',#556,#555);
#558=CURVE_STYLE('',#33,POSITIVE_LENGTH_MEASURE(2.E-2),#22);
#559=PRESENTATION_STYLE_ASSIGNMENT((#558));
#560=STYLED_ITEM('',(#559),#557);
#561=DIRECTION('',(0.E0,1.E0,0.E0));
#562=VECTOR('',#561,2.E-1);
#563=CARTESIAN_POINT('',(-1.65E0,0.E0,-3.249999999998E-1));
#564=LINE('',#563,#562);
#565=CURVE_STYLE('',#33,POSITIVE_LENGTH_MEASURE(2.E-2),#22);
#566=PRESENTATION_STYLE_ASSIGNMENT((#565));
#567=STYLED_ITEM('',(#566),#564);
#568=DIRECTION('',(0.E0,1.E0,0.E0));
#569=VECTOR('',#568,2.E-1);
#570=CARTESIAN_POINT('',(-1.65E0,0.E0,-6.000000000001E-1));
#571=LINE('',#570,#569);
#572=CURVE_STYLE('',#33,POSITIVE_LENGTH_MEASURE(2.E-2),#22);
#573=PRESENTATION_STYLE_ASSIGNMENT((#572));
#574=STYLED_ITEM('',(#573),#571);
#575=DIRECTION('',(-1.E0,0.E0,0.E0));
#576=VECTOR('',#575,1.074906941579E0);
#577=CARTESIAN_POINT('',(-5.750930584206E-1,2.E-1,-6.000000000001E-1));
#578=LINE('',#577,#576);
#579=CURVE_STYLE('',#33,POSITIVE_LENGTH_MEASURE(2.E-2),#22);
#580=PRESENTATION_STYLE_ASSIGNMENT((#579));
#581=STYLED_ITEM('',(#580),#578);
#582=DIRECTION('',(-7.071067811867E-1,0.E0,7.071067811863E-1));
#583=VECTOR('',#582,2.829743169553E-1);
#584=CARTESIAN_POINT('',(-3.749999999999E-1,2.E-1,-8.000930584208E-1));
#585=LINE('',#584,#583);
#586=CURVE_STYLE('',#33,POSITIVE_LENGTH_MEASURE(2.E-2),#22);
#587=PRESENTATION_STYLE_ASSIGNMENT((#586));
#588=STYLED_ITEM('',(#587),#585);
#589=DIRECTION('',(0.E0,0.E0,1.E0));
#590=VECTOR('',#589,8.499069415795E-1);
#591=CARTESIAN_POINT('',(-3.749999999999E-1,2.E-1,-1.65E0));
#592=LINE('',#591,#590);
#593=CURVE_STYLE('',#33,POSITIVE_LENGTH_MEASURE(2.E-2),#22);
#594=PRESENTATION_STYLE_ASSIGNMENT((#593));
#595=STYLED_ITEM('',(#594),#592);
#596=DIRECTION('',(-1.E0,0.E0,0.E0));
#597=VECTOR('',#596,2.5E-1);
#598=CARTESIAN_POINT('',(-1.249999999999E-1,2.E-1,-1.65E0));
#599=LINE('',#598,#597);
#600=CURVE_STYLE('',#33,POSITIVE_LENGTH_MEASURE(2.E-2),#22);
#601=PRESENTATION_STYLE_ASSIGNMENT((#600));
#602=STYLED_ITEM('',(#601),#599);
#603=DIRECTION('',(8.597944159570E-14,0.E0,-1.E0));
#604=VECTOR('',#603,1.325000000001E0);
#605=CARTESIAN_POINT('',(-1.25E-1,2.E-1,-3.249999999998E-1));
#606=LINE('',#605,#604);
#607=CURVE_STYLE('',#33,POSITIVE_LENGTH_MEASURE(2.E-2),#22);
#608=PRESENTATION_STYLE_ASSIGNMENT((#607));
#609=STYLED_ITEM('',(#608),#606);
#610=DIRECTION('',(1.E0,0.E0,0.E0));
#611=VECTOR('',#610,1.525E0);
#612=CARTESIAN_POINT('',(-1.65E0,2.E-1,-3.249999999998E-1));
#613=LINE('',#612,#611);
#614=CURVE_STYLE('',#33,POSITIVE_LENGTH_MEASURE(2.E-2),#22);
#615=PRESENTATION_STYLE_ASSIGNMENT((#614));
#616=STYLED_ITEM('',(#615),#613);
#617=DIRECTION('',(0.E0,0.E0,1.E0));
#618=VECTOR('',#617,2.750000000003E-1);
#619=CARTESIAN_POINT('',(-1.65E0,2.E-1,-6.000000000001E-1));
#620=LINE('',#619,#618);
#621=CURVE_STYLE('',#33,POSITIVE_LENGTH_MEASURE(2.E-2),#22);
#622=PRESENTATION_STYLE_ASSIGNMENT((#621));
#623=STYLED_ITEM('',(#622),#620);
#624=CARTESIAN_POINT('',(-5.750930584206E-1,0.E0,-6.000000000001E-1));
#625=CARTESIAN_POINT('',(-1.65E0,0.E0,-6.000000000001E-1));
#626=VERTEX_POINT('',#624);
#627=VERTEX_POINT('',#625);
#628=CARTESIAN_POINT('',(-1.65E0,0.E0,-3.249999999998E-1));
#629=VERTEX_POINT('',#628);
#630=CARTESIAN_POINT('',(-1.25E-1,0.E0,-3.249999999998E-1));
#631=VERTEX_POINT('',#630);
#632=CARTESIAN_POINT('',(-1.249999999999E-1,0.E0,-1.65E0));
#633=VERTEX_POINT('',#632);
#634=CARTESIAN_POINT('',(-3.749999999999E-1,0.E0,-1.65E0));
#635=VERTEX_POINT('',#634);
#636=CARTESIAN_POINT('',(-3.749999999999E-1,0.E0,-8.000930584208E-1));
#637=VERTEX_POINT('',#636);
#638=CARTESIAN_POINT('',(-5.750930584206E-1,2.E-1,-6.000000000001E-1));
#639=CARTESIAN_POINT('',(-1.65E0,2.E-1,-6.000000000001E-1));
#640=VERTEX_POINT('',#638);
#641=VERTEX_POINT('',#639);
#642=CARTESIAN_POINT('',(-1.65E0,2.E-1,-3.249999999998E-1));
#643=VERTEX_POINT('',#642);
#644=CARTESIAN_POINT('',(-1.25E-1,2.E-1,-3.249999999998E-1));
#645=VERTEX_POINT('',#644);
#646=CARTESIAN_POINT('',(-1.249999999999E-1,2.E-1,-1.65E0));
#647=VERTEX_POINT('',#646);
#648=CARTESIAN_POINT('',(-3.749999999999E-1,2.E-1,-1.65E0));
#649=VERTEX_POINT('',#648);
#650=CARTESIAN_POINT('',(-3.749999999999E-1,2.E-1,-8.000930584208E-1));
#651=VERTEX_POINT('',#650);
#652=CARTESIAN_POINT('',(0.E0,0.E0,0.E0));
#653=DIRECTION('',(0.E0,1.E0,0.E0));
#654=DIRECTION('',(1.E0,0.E0,0.E0));
#655=AXIS2_PLACEMENT_3D('',#652,#653,#654);
#656=PLANE('',#655);
#658=ORIENTED_EDGE('',*,*,#657,.T.);
#660=ORIENTED_EDGE('',*,*,#659,.T.);
#662=ORIENTED_EDGE('',*,*,#661,.T.);
#664=ORIENTED_EDGE('',*,*,#663,.T.);
#666=ORIENTED_EDGE('',*,*,#665,.T.);
#668=ORIENTED_EDGE('',*,*,#667,.T.);
#670=ORIENTED_EDGE('',*,*,#669,.T.);
#671=EDGE_LOOP('',(#658,#660,#662,#664,#666,#668,#670));
#672=FACE_OUTER_BOUND('',#671,.F.);
#673=ADVANCED_FACE('',(#672),#656,.F.);
#674=CARTESIAN_POINT('',(-5.750930584206E-1,0.E0,-6.000000000001E-1));
#675=DIRECTION('',(0.E0,0.E0,-1.E0));
#676=DIRECTION('',(-1.E0,0.E0,0.E0));
#677=AXIS2_PLACEMENT_3D('',#674,#675,#676);
#678=PLANE('',#677);
#679=ORIENTED_EDGE('',*,*,#657,.F.);
#681=ORIENTED_EDGE('',*,*,#680,.T.);
#683=ORIENTED_EDGE('',*,*,#682,.T.);
#685=ORIENTED_EDGE('',*,*,#684,.F.);
#686=EDGE_LOOP('',(#679,#681,#683,#685));
#687=FACE_OUTER_BOUND('',#686,.F.);
#688=ADVANCED_FACE('',(#687),#678,.T.);
#689=CARTESIAN_POINT('',(-3.749999999999E-1,0.E0,-8.000930584208E-1));
#690=DIRECTION('',(-7.071067811863E-1,0.E0,-7.071067811867E-1));
#691=DIRECTION('',(-7.071067811867E-1,0.E0,7.071067811863E-1));
#692=AXIS2_PLACEMENT_3D('',#689,#690,#691);
#693=PLANE('',#692);
#694=ORIENTED_EDGE('',*,*,#669,.F.);
#696=ORIENTED_EDGE('',*,*,#695,.T.);
#698=ORIENTED_EDGE('',*,*,#697,.T.);
#699=ORIENTED_EDGE('',*,*,#680,.F.);
#700=EDGE_LOOP('',(#694,#696,#698,#699));
#701=FACE_OUTER_BOUND('',#700,.F.);
#702=ADVANCED_FACE('',(#701),#693,.T.);
#703=CARTESIAN_POINT('',(-3.749999999999E-1,0.E0,-1.65E0));
#704=DIRECTION('',(-1.E0,0.E0,0.E0));
#705=DIRECTION('',(0.E0,0.E0,1.E0));
#706=AXIS2_PLACEMENT_3D('',#703,#704,#705);
#707=PLANE('',#706);
#708=ORIENTED_EDGE('',*,*,#667,.F.);
#710=ORIENTED_EDGE('',*,*,#709,.T.);
#712=ORIENTED_EDGE('',*,*,#711,.T.);
#713=ORIENTED_EDGE('',*,*,#695,.F.);
#714=EDGE_LOOP('',(#708,#710,#712,#713));
#715=FACE_OUTER_BOUND('',#714,.F.);
#716=ADVANCED_FACE('',(#715),#707,.T.);
#717=CARTESIAN_POINT('',(-1.249999999999E-1,0.E0,-1.65E0));
#718=DIRECTION('',(0.E0,0.E0,-1.E0));
#719=DIRECTION('',(-1.E0,0.E0,0.E0));
#720=AXIS2_PLACEMENT_3D('',#717,#718,#719);
#721=PLANE('',#720);
#722=ORIENTED_EDGE('',*,*,#665,.F.);
#724=ORIENTED_EDGE('',*,*,#723,.T.);
#726=ORIENTED_EDGE('',*,*,#725,.T.);
#727=ORIENTED_EDGE('',*,*,#709,.F.);
#728=EDGE_LOOP('',(#722,#724,#726,#727));
#729=FACE_OUTER_BOUND('',#728,.F.);
#730=ADVANCED_FACE('',(#729),#721,.T.);
#731=CARTESIAN_POINT('',(-1.25E-1,0.E0,-3.249999999998E-1));
#732=DIRECTION('',(1.E0,0.E0,8.597944159570E-14));
#733=DIRECTION('',(8.597944159570E-14,0.E0,-1.E0));
#734=AXIS2_PLACEMENT_3D('',#731,#732,#733);
#735=PLANE('',#734);
#736=ORIENTED_EDGE('',*,*,#663,.F.);
#738=ORIENTED_EDGE('',*,*,#737,.T.);
#740=ORIENTED_EDGE('',*,*,#739,.T.);
#741=ORIENTED_EDGE('',*,*,#723,.F.);
#742=EDGE_LOOP('',(#736,#738,#740,#741));
#743=FACE_OUTER_BOUND('',#742,.F.);
#744=ADVANCED_FACE('',(#743),#735,.T.);
#745=CARTESIAN_POINT('',(-1.65E0,0.E0,-3.249999999998E-1));
#746=DIRECTION('',(0.E0,0.E0,1.E0));
#747=DIRECTION('',(1.E0,0.E0,0.E0));
#748=AXIS2_PLACEMENT_3D('',#745,#746,#747);
#749=PLANE('',#748);
#750=ORIENTED_EDGE('',*,*,#661,.F.);
#752=ORIENTED_EDGE('',*,*,#751,.T.);
#754=ORIENTED_EDGE('',*,*,#753,.T.);
#755=ORIENTED_EDGE('',*,*,#737,.F.);
#756=EDGE_LOOP('',(#750,#752,#754,#755));
#757=FACE_OUTER_BOUND('',#756,.F.);
#758=ADVANCED_FACE('',(#757),#749,.T.);
#759=CARTESIAN_POINT('',(-1.65E0,0.E0,-6.000000000001E-1));
#760=DIRECTION('',(-1.E0,0.E0,0.E0));
#761=DIRECTION('',(0.E0,0.E0,1.E0));
#762=AXIS2_PLACEMENT_3D('',#759,#760,#761);
#763=PLANE('',#762);
#764=ORIENTED_EDGE('',*,*,#659,.F.);
#765=ORIENTED_EDGE('',*,*,#684,.T.);
#767=ORIENTED_EDGE('',*,*,#766,.T.);
#768=ORIENTED_EDGE('',*,*,#751,.F.);
#769=EDGE_LOOP('',(#764,#765,#767,#768));
#770=FACE_OUTER_BOUND('',#769,.F.);
#771=ADVANCED_FACE('',(#770),#763,.T.);
#772=FILL_AREA_STYLE_COLOUR('',#20);
#773=FILL_AREA_STYLE('',(#772));
#774=SURFACE_STYLE_FILL_AREA(#773);
#775=SURFACE_SIDE_STYLE('',(#774));
#776=SURFACE_STYLE_USAGE(.POSITIVE.,#775);
#777=PRESENTATION_STYLE_ASSIGNMENT((#776));
#778=OVER_RIDING_STYLED_ITEM('',(#777),#771,#476);
#779=CARTESIAN_POINT('',(0.E0,2.E-1,0.E0));
#780=DIRECTION('',(0.E0,1.E0,0.E0));
#781=DIRECTION('',(1.E0,0.E0,0.E0));
#782=AXIS2_PLACEMENT_3D('',#779,#780,#781);
#783=PLANE('',#782);
#784=ORIENTED_EDGE('',*,*,#682,.F.);
#785=ORIENTED_EDGE('',*,*,#697,.F.);
#786=ORIENTED_EDGE('',*,*,#711,.F.);
#787=ORIENTED_EDGE('',*,*,#725,.F.);
#788=ORIENTED_EDGE('',*,*,#739,.F.);
#789=ORIENTED_EDGE('',*,*,#753,.F.);
#790=ORIENTED_EDGE('',*,*,#766,.F.);
#791=EDGE_LOOP('',(#784,#785,#786,#787,#788,#789,#790));
#792=FACE_OUTER_BOUND('',#791,.F.);
#793=ADVANCED_FACE('',(#792),#783,.T.);
#794=CLOSED_SHELL('',(#673,#688,#702,#716,#730,#744,#758,#771,#793));
#795=MANIFOLD_SOLID_BREP('',#794);
#796=FILL_AREA_STYLE_COLOUR('',#22);
#797=FILL_AREA_STYLE('',(#796));
#798=SURFACE_STYLE_FILL_AREA(#797);
#799=SURFACE_SIDE_STYLE('',(#798));
#800=SURFACE_STYLE_USAGE(.POSITIVE.,#799);
#801=PRESENTATION_STYLE_ASSIGNMENT((#800));
#476=STYLED_ITEM('',(#801),#795);
#803=DIRECTION('',(0.E0,1.E0,0.E0));
#804=VECTOR('',#803,2.E-1);
#805=CARTESIAN_POINT('',(-1.65E0,0.E0,1.78999E0));
#806=LINE('',#805,#804);
#807=CURVE_STYLE('',#33,POSITIVE_LENGTH_MEASURE(2.E-2),#22);
#808=PRESENTATION_STYLE_ASSIGNMENT((#807));
#809=STYLED_ITEM('',(#808),#806);
#810=DIRECTION('',(-1.E0,0.E0,0.E0));
#811=VECTOR('',#810,1.E0);
#812=CARTESIAN_POINT('',(-4.499999999999E-1,0.E0,1.25E-1));
#813=LINE('',#812,#811);
#814=CURVE_STYLE('',#33,POSITIVE_LENGTH_MEASURE(2.E-2),#22);
#815=PRESENTATION_STYLE_ASSIGNMENT((#814));
#816=STYLED_ITEM('',(#815),#813);
#817=DIRECTION('',(0.E0,0.E0,1.E0));
#818=VECTOR('',#817,4.149900000002E-1);
#819=CARTESIAN_POINT('',(-1.45E0,0.E0,1.25E-1));
#820=LINE('',#819,#818);
#821=CURVE_STYLE('',#33,POSITIVE_LENGTH_MEASURE(2.E-2),#22);
#822=PRESENTATION_STYLE_ASSIGNMENT((#821));
#823=STYLED_ITEM('',(#822),#820);
#824=DIRECTION('',(-1.E0,0.E0,0.E0));
#825=VECTOR('',#824,2.E-1);
#826=CARTESIAN_POINT('',(-1.45E0,0.E0,5.399900000002E-1));
#827=LINE('',#826,#825);
#828=CURVE_STYLE('',#33,POSITIVE_LENGTH_MEASURE(2.E-2),#22);
#829=PRESENTATION_STYLE_ASSIGNMENT((#828));
#830=STYLED_ITEM('',(#829),#827);
#831=DIRECTION('',(0.E0,0.E0,1.E0));
#832=VECTOR('',#831,2.5E-1);
#833=CARTESIAN_POINT('',(-1.65E0,0.E0,5.399900000002E-1));
#834=LINE('',#833,#832);
#835=CURVE_STYLE('',#33,POSITIVE_LENGTH_MEASURE(2.E-2),#22);
#836=PRESENTATION_STYLE_ASSIGNMENT((#835));
#837=STYLED_ITEM('',(#836),#834);
#838=DIRECTION('',(1.E0,0.E0,0.E0));
#839=VECTOR('',#838,2.E-1);
#840=CARTESIAN_POINT('',(-1.65E0,0.E0,7.899900000002E-1));
#841=LINE('',#840,#839);
#842=CURVE_STYLE('',#33,POSITIVE_LENGTH_MEASURE(2.E-2),#22);
#843=PRESENTATION_STYLE_ASSIGNMENT((#842));
#844=STYLED_ITEM('',(#843),#841);
#845=DIRECTION('',(0.E0,0.E0,1.E0));
#846=VECTOR('',#845,2.5E-1);
#847=CARTESIAN_POINT('',(-1.45E0,0.E0,7.899900000002E-1));
#848=LINE('',#847,#846);
#849=CURVE_STYLE('',#33,POSITIVE_LENGTH_MEASURE(2.E-2),#22);
#850=PRESENTATION_STYLE_ASSIGNMENT((#849));
#851=STYLED_ITEM('',(#850),#848);
#852=DIRECTION('',(-1.E0,0.E0,0.E0));
#853=VECTOR('',#852,2.E-1);
#854=CARTESIAN_POINT('',(-1.45E0,0.E0,1.03999E0));
#855=LINE('',#854,#853);
#856=CURVE_STYLE('',#33,POSITIVE_LENGTH_MEASURE(2.E-2),#22);
#857=PRESENTATION_STYLE_ASSIGNMENT((#856));
#858=STYLED_ITEM('',(#857),#855);
#859=DIRECTION('',(0.E0,0.E0,1.E0));
#860=VECTOR('',#859,2.5E-1);
#861=CARTESIAN_POINT('',(-1.65E0,0.E0,1.03999E0));
#862=LINE('',#861,#860);
#863=CURVE_STYLE('',#33,POSITIVE_LENGTH_MEASURE(2.E-2),#22);
#864=PRESENTATION_STYLE_ASSIGNMENT((#863));
#865=STYLED_ITEM('',(#864),#862);
#866=DIRECTION('',(1.E0,0.E0,0.E0));
#867=VECTOR('',#866,2.E-1);
#868=CARTESIAN_POINT('',(-1.65E0,0.E0,1.28999E0));
#869=LINE('',#868,#867);
#870=CURVE_STYLE('',#33,POSITIVE_LENGTH_MEASURE(2.E-2),#22);
#871=PRESENTATION_STYLE_ASSIGNMENT((#870));
#872=STYLED_ITEM('',(#871),#869);
#873=DIRECTION('',(0.E0,0.E0,1.E0));
#874=VECTOR('',#873,2.5E-1);
#875=CARTESIAN_POINT('',(-1.45E0,0.E0,1.28999E0));
#876=LINE('',#875,#874);
#877=CURVE_STYLE('',#33,POSITIVE_LENGTH_MEASURE(2.E-2),#22);
#878=PRESENTATION_STYLE_ASSIGNMENT((#877));
#879=STYLED_ITEM('',(#878),#876);
#880=DIRECTION('',(-1.E0,0.E0,0.E0));
#881=VECTOR('',#880,2.E-1);
#882=CARTESIAN_POINT('',(-1.45E0,0.E0,1.53999E0));
#883=LINE('',#882,#881);
#884=CURVE_STYLE('',#33,POSITIVE_LENGTH_MEASURE(2.E-2),#22);
#885=PRESENTATION_STYLE_ASSIGNMENT((#884));
#886=STYLED_ITEM('',(#885),#883);
#887=DIRECTION('',(0.E0,0.E0,1.E0));
#888=VECTOR('',#887,2.5E-1);
#889=CARTESIAN_POINT('',(-1.65E0,0.E0,1.53999E0));
#890=LINE('',#889,#888);
#891=CURVE_STYLE('',#33,POSITIVE_LENGTH_MEASURE(2.E-2),#22);
#892=PRESENTATION_STYLE_ASSIGNMENT((#891));
#893=STYLED_ITEM('',(#892),#890);
#894=DIRECTION('',(1.E0,0.E0,0.E0));
#895=VECTOR('',#894,2.E-1);
#896=CARTESIAN_POINT('',(-1.65E0,0.E0,1.78999E0));
#897=LINE('',#896,#895);
#898=CURVE_STYLE('',#33,POSITIVE_LENGTH_MEASURE(2.E-2),#22);
#899=PRESENTATION_STYLE_ASSIGNMENT((#898));
#900=STYLED_ITEM('',(#899),#897);
#901=DIRECTION('',(0.E0,0.E0,1.E0));
#902=VECTOR('',#901,2.600099999998E-1);
#903=CARTESIAN_POINT('',(-1.45E0,0.E0,1.78999E0));
#904=LINE('',#903,#902);
#905=CURVE_STYLE('',#33,POSITIVE_LENGTH_MEASURE(2.E-2),#22);
#906=PRESENTATION_STYLE_ASSIGNMENT((#905));
#907=STYLED_ITEM('',(#906),#904);
#908=DIRECTION('',(1.E0,0.E0,0.E0));
#909=VECTOR('',#908,1.E0);
#910=CARTESIAN_POINT('',(-1.45E0,0.E0,2.05E0));
#911=LINE('',#910,#909);
#912=CURVE_STYLE('',#33,POSITIVE_LENGTH_MEASURE(2.E-2),#22);
#913=PRESENTATION_STYLE_ASSIGNMENT((#912));
#914=STYLED_ITEM('',(#913),#911);
#915=DIRECTION('',(0.E0,0.E0,-1.E0));
#916=VECTOR('',#915,1.925E0);
#917=CARTESIAN_POINT('',(-4.499999999999E-1,0.E0,2.05E0));
#918=LINE('',#917,#916);
#919=CURVE_STYLE('',#33,POSITIVE_LENGTH_MEASURE(2.E-2),#22);
#920=PRESENTATION_STYLE_ASSIGNMENT((#919));
#921=STYLED_ITEM('',(#920),#918);
#922=DIRECTION('',(0.E0,1.E0,0.E0));
#923=VECTOR('',#922,2.E-1);
#924=CARTESIAN_POINT('',(-4.499999999999E-1,0.E0,1.25E-1));
#925=LINE('',#924,#923);
#926=CURVE_STYLE('',#33,POSITIVE_LENGTH_MEASURE(2.E-2),#22);
#927=PRESENTATION_STYLE_ASSIGNMENT((#926));
#928=STYLED_ITEM('',(#927),#925);
#929=DIRECTION('',(0.E0,-1.E0,0.E0));
#930=VECTOR('',#929,1.E-1);
#931=CARTESIAN_POINT('',(-4.499999999999E-1,2.E-1,2.05E0));
#932=LINE('',#931,#930);
#933=CURVE_STYLE('',#33,POSITIVE_LENGTH_MEASURE(2.E-2),#22);
#934=PRESENTATION_STYLE_ASSIGNMENT((#933));
#935=STYLED_ITEM('',(#934),#932);
#936=DIRECTION('',(0.E0,1.E0,0.E0));
#937=VECTOR('',#936,1.E-1);
#938=CARTESIAN_POINT('',(-4.499999999999E-1,0.E0,2.05E0));
#939=LINE('',#938,#937);
#940=CURVE_STYLE('',#33,POSITIVE_LENGTH_MEASURE(2.E-2),#22);
#941=PRESENTATION_STYLE_ASSIGNMENT((#940));
#942=STYLED_ITEM('',(#941),#939);
#943=DIRECTION('',(0.E0,-1.E0,0.E0));
#944=VECTOR('',#943,1.E-1);
#945=CARTESIAN_POINT('',(-2.6E-1,2.E-1,2.05E0));
#946=LINE('',#945,#944);
#947=CURVE_STYLE('',#33,POSITIVE_LENGTH_MEASURE(2.E-2),#22);
#948=PRESENTATION_STYLE_ASSIGNMENT((#947));
#949=STYLED_ITEM('',(#948),#946);
#950=DIRECTION('',(0.E0,0.E0,1.E0));
#951=VECTOR('',#950,2.E-1);
#952=CARTESIAN_POINT('',(-4.65E-1,1.E-1,2.05E0));
#953=LINE('',#952,#951);
#954=CURVE_STYLE('',#33,POSITIVE_LENGTH_MEASURE(2.E-2),#22);
#955=PRESENTATION_STYLE_ASSIGNMENT((#954));
#956=STYLED_ITEM('',(#955),#953);
#957=DIRECTION('',(1.E0,0.E0,0.E0));
#958=VECTOR('',#957,2.05E-1);
#959=CARTESIAN_POINT('',(-4.65E-1,1.E-1,2.25E0));
#960=LINE('',#959,#958);
#961=CURVE_STYLE('',#33,POSITIVE_LENGTH_MEASURE(2.E-2),#22);
#962=PRESENTATION_STYLE_ASSIGNMENT((#961));
#963=STYLED_ITEM('',(#962),#960);
#964=DIRECTION('',(0.E0,0.E0,-1.E0));
#965=VECTOR('',#964,2.E-1);
#966=CARTESIAN_POINT('',(-2.6E-1,1.E-1,2.25E0));
#967=LINE('',#966,#965);
#968=CURVE_STYLE('',#33,POSITIVE_LENGTH_MEASURE(2.E-2),#22);
#969=PRESENTATION_STYLE_ASSIGNMENT((#968));
#970=STYLED_ITEM('',(#969),#967);
#971=DIRECTION('',(-1.E0,0.E0,0.E0));
#972=VECTOR('',#971,1.899999999999E-1);
#973=CARTESIAN_POINT('',(-2.6E-1,1.E-1,2.05E0));
#974=LINE('',#973,#972);
#975=CURVE_STYLE('',#33,POSITIVE_LENGTH_MEASURE(2.E-2),#22);
#976=PRESENTATION_STYLE_ASSIGNMENT((#975));
#977=STYLED_ITEM('',(#976),#974);
#978=DIRECTION('',(-1.E0,0.E0,0.E0));
#979=VECTOR('',#978,1.500000000007E-2);
#980=CARTESIAN_POINT('',(-4.499999999999E-1,1.E-1,2.05E0));
#981=LINE('',#980,#979);
#982=CURVE_STYLE('',#33,POSITIVE_LENGTH_MEASURE(2.E-2),#22);
#983=PRESENTATION_STYLE_ASSIGNMENT((#982));
#984=STYLED_ITEM('',(#983),#981);
#985=DIRECTION('',(0.E0,1.E0,0.E0));
#986=VECTOR('',#985,2.E-1);
#987=CARTESIAN_POINT('',(-1.45E0,0.E0,2.05E0));
#988=LINE('',#987,#986);
#989=CURVE_STYLE('',#33,POSITIVE_LENGTH_MEASURE(2.E-2),#22);
#990=PRESENTATION_STYLE_ASSIGNMENT((#989));
#991=STYLED_ITEM('',(#990),#988);
#992=DIRECTION('',(0.E0,-1.E0,0.E0));
#993=VECTOR('',#992,1.E-1);
#994=CARTESIAN_POINT('',(-4.65E-1,2.E-1,2.05E0));
#995=LINE('',#994,#993);
#996=CURVE_STYLE('',#33,POSITIVE_LENGTH_MEASURE(2.E-2),#22);
#997=PRESENTATION_STYLE_ASSIGNMENT((#996));
#998=STYLED_ITEM('',(#997),#995);
#999=DIRECTION('',(0.E0,1.E0,0.E0));
#1000=VECTOR('',#999,2.E-1);
#1001=CARTESIAN_POINT('',(-1.45E0,0.E0,1.78999E0));
#1002=LINE('',#1001,#1000);
#1003=CURVE_STYLE('',#33,POSITIVE_LENGTH_MEASURE(2.E-2),#22);
#1004=PRESENTATION_STYLE_ASSIGNMENT((#1003));
#1005=STYLED_ITEM('',(#1004),#1002);
#1006=DIRECTION('',(0.E0,0.E0,-1.E0));
#1007=VECTOR('',#1006,1.925E0);
#1008=CARTESIAN_POINT('',(-4.499999999999E-1,2.E-1,2.05E0));
#1009=LINE('',#1008,#1007);
#1010=CURVE_STYLE('',#33,POSITIVE_LENGTH_MEASURE(2.E-2),#22);
#1011=PRESENTATION_STYLE_ASSIGNMENT((#1010));
#1012=STYLED_ITEM('',(#1011),#1009);
#1013=DIRECTION('',(-1.E0,0.E0,0.E0));
#1014=VECTOR('',#1013,1.899999999999E-1);
#1015=CARTESIAN_POINT('',(-2.6E-1,2.E-1,2.05E0));
#1016=LINE('',#1015,#1014);
#1017=CURVE_STYLE('',#33,POSITIVE_LENGTH_MEASURE(2.E-2),#22);
#1018=PRESENTATION_STYLE_ASSIGNMENT((#1017));
#1019=STYLED_ITEM('',(#1018),#1016);
#1020=DIRECTION('',(0.E0,0.E0,-1.E0));
#1021=VECTOR('',#1020,2.E-1);
#1022=CARTESIAN_POINT('',(-2.6E-1,2.E-1,2.25E0));
#1023=LINE('',#1022,#1021);
#1024=CURVE_STYLE('',#33,POSITIVE_LENGTH_MEASURE(2.E-2),#22);
#1025=PRESENTATION_STYLE_ASSIGNMENT((#1024));
#1026=STYLED_ITEM('',(#1025),#1023);
#1027=DIRECTION('',(1.E0,0.E0,0.E0));
#1028=VECTOR('',#1027,2.05E-1);
#1029=CARTESIAN_POINT('',(-4.65E-1,2.E-1,2.25E0));
#1030=LINE('',#1029,#1028);
#1031=CURVE_STYLE('',#33,POSITIVE_LENGTH_MEASURE(2.E-2),#22);
#1032=PRESENTATION_STYLE_ASSIGNMENT((#1031));
#1033=STYLED_ITEM('',(#1032),#1030);
#1034=DIRECTION('',(0.E0,0.E0,1.E0));
#1035=VECTOR('',#1034,2.E-1);
#1036=CARTESIAN_POINT('',(-4.65E-1,2.E-1,2.05E0));
#1037=LINE('',#1036,#1035);
#1038=CURVE_STYLE('',#33,POSITIVE_LENGTH_MEASURE(2.E-2),#22);
#1039=PRESENTATION_STYLE_ASSIGNMENT((#1038));
#1040=STYLED_ITEM('',(#1039),#1037);
#1041=DIRECTION('',(1.E0,0.E0,0.E0));
#1042=VECTOR('',#1041,9.849999999999E-1);
#1043=CARTESIAN_POINT('',(-1.45E0,2.E-1,2.05E0));
#1044=LINE('',#1043,#1042);
#1045=CURVE_STYLE('',#33,POSITIVE_LENGTH_MEASURE(2.E-2),#22);
#1046=PRESENTATION_STYLE_ASSIGNMENT((#1045));
#1047=STYLED_ITEM('',(#1046),#1044);
#1048=DIRECTION('',(0.E0,0.E0,1.E0));
#1049=VECTOR('',#1048,2.600099999998E-1);
#1050=CARTESIAN_POINT('',(-1.45E0,2.E-1,1.78999E0));
#1051=LINE('',#1050,#1049);
#1052=CURVE_STYLE('',#33,POSITIVE_LENGTH_MEASURE(2.E-2),#22);
#1053=PRESENTATION_STYLE_ASSIGNMENT((#1052));
#1054=STYLED_ITEM('',(#1053),#1051);
#1055=DIRECTION('',(1.E0,0.E0,0.E0));
#1056=VECTOR('',#1055,2.E-1);
#1057=CARTESIAN_POINT('',(-1.65E0,2.E-1,1.78999E0));
#1058=LINE('',#1057,#1056);
#1059=CURVE_STYLE('',#33,POSITIVE_LENGTH_MEASURE(2.E-2),#22);
#1060=PRESENTATION_STYLE_ASSIGNMENT((#1059));
#1061=STYLED_ITEM('',(#1060),#1058);
#1062=DIRECTION('',(0.E0,0.E0,1.E0));
#1063=VECTOR('',#1062,2.5E-1);
#1064=CARTESIAN_POINT('',(-1.65E0,2.E-1,1.53999E0));
#1065=LINE('',#1064,#1063);
#1066=CURVE_STYLE('',#33,POSITIVE_LENGTH_MEASURE(2.E-2),#22);
#1067=PRESENTATION_STYLE_ASSIGNMENT((#1066));
#1068=STYLED_ITEM('',(#1067),#1065);
#1069=DIRECTION('',(-1.E0,0.E0,0.E0));
#1070=VECTOR('',#1069,2.E-1);
#1071=CARTESIAN_POINT('',(-1.45E0,2.E-1,1.53999E0));
#1072=LINE('',#1071,#1070);
#1073=CURVE_STYLE('',#33,POSITIVE_LENGTH_MEASURE(2.E-2),#22);
#1074=PRESENTATION_STYLE_ASSIGNMENT((#1073));
#1075=STYLED_ITEM('',(#1074),#1072);
#1076=DIRECTION('',(0.E0,0.E0,1.E0));
#1077=VECTOR('',#1076,2.5E-1);
#1078=CARTESIAN_POINT('',(-1.45E0,2.E-1,1.28999E0));
#1079=LINE('',#1078,#1077);
#1080=CURVE_STYLE('',#33,POSITIVE_LENGTH_MEASURE(2.E-2),#22);
#1081=PRESENTATION_STYLE_ASSIGNMENT((#1080));
#1082=STYLED_ITEM('',(#1081),#1079);
#1083=DIRECTION('',(1.E0,0.E0,0.E0));
#1084=VECTOR('',#1083,2.E-1);
#1085=CARTESIAN_POINT('',(-1.65E0,2.E-1,1.28999E0));
#1086=LINE('',#1085,#1084);
#1087=CURVE_STYLE('',#33,POSITIVE_LENGTH_MEASURE(2.E-2),#22);
#1088=PRESENTATION_STYLE_ASSIGNMENT((#1087));
#1089=STYLED_ITEM('',(#1088),#1086);
#1090=DIRECTION('',(0.E0,0.E0,1.E0));
#1091=VECTOR('',#1090,2.5E-1);
#1092=CARTESIAN_POINT('',(-1.65E0,2.E-1,1.03999E0));
#1093=LINE('',#1092,#1091);
#1094=CURVE_STYLE('',#33,POSITIVE_LENGTH_MEASURE(2.E-2),#22);
#1095=PRESENTATION_STYLE_ASSIGNMENT((#1094));
#1096=STYLED_ITEM('',(#1095),#1093);
#1097=DIRECTION('',(-1.E0,0.E0,0.E0));
#1098=VECTOR('',#1097,2.E-1);
#1099=CARTESIAN_POINT('',(-1.45E0,2.E-1,1.03999E0));
#1100=LINE('',#1099,#1098);
#1101=CURVE_STYLE('',#33,POSITIVE_LENGTH_MEASURE(2.E-2),#22);
#1102=PRESENTATION_STYLE_ASSIGNMENT((#1101));
#1103=STYLED_ITEM('',(#1102),#1100);
#1104=DIRECTION('',(0.E0,0.E0,1.E0));
#1105=VECTOR('',#1104,2.5E-1);
#1106=CARTESIAN_POINT('',(-1.45E0,2.E-1,7.899900000002E-1));
#1107=LINE('',#1106,#1105);
#1108=CURVE_STYLE('',#33,POSITIVE_LENGTH_MEASURE(2.E-2),#22);
#1109=PRESENTATION_STYLE_ASSIGNMENT((#1108));
#1110=STYLED_ITEM('',(#1109),#1107);
#1111=DIRECTION('',(1.E0,0.E0,0.E0));
#1112=VECTOR('',#1111,2.E-1);
#1113=CARTESIAN_POINT('',(-1.65E0,2.E-1,7.899900000002E-1));
#1114=LINE('',#1113,#1112);
#1115=CURVE_STYLE('',#33,POSITIVE_LENGTH_MEASURE(2.E-2),#22);
#1116=PRESENTATION_STYLE_ASSIGNMENT((#1115));
#1117=STYLED_ITEM('',(#1116),#1114);
#1118=DIRECTION('',(0.E0,0.E0,1.E0));
#1119=VECTOR('',#1118,2.5E-1);
#1120=CARTESIAN_POINT('',(-1.65E0,2.E-1,5.399900000002E-1));
#1121=LINE('',#1120,#1119);
#1122=CURVE_STYLE('',#33,POSITIVE_LENGTH_MEASURE(2.E-2),#22);
#1123=PRESENTATION_STYLE_ASSIGNMENT((#1122));
#1124=STYLED_ITEM('',(#1123),#1121);
#1125=DIRECTION('',(-1.E0,0.E0,0.E0));
#1126=VECTOR('',#1125,2.E-1);
#1127=CARTESIAN_POINT('',(-1.45E0,2.E-1,5.399900000002E-1));
#1128=LINE('',#1127,#1126);
#1129=CURVE_STYLE('',#33,POSITIVE_LENGTH_MEASURE(2.E-2),#22);
#1130=PRESENTATION_STYLE_ASSIGNMENT((#1129));
#1131=STYLED_ITEM('',(#1130),#1128);
#1132=DIRECTION('',(0.E0,0.E0,1.E0));
#1133=VECTOR('',#1132,4.149900000002E-1);
#1134=CARTESIAN_POINT('',(-1.45E0,2.E-1,1.25E-1));
#1135=LINE('',#1134,#1133);
#1136=CURVE_STYLE('',#33,POSITIVE_LENGTH_MEASURE(2.E-2),#22);
#1137=PRESENTATION_STYLE_ASSIGNMENT((#1136));
#1138=STYLED_ITEM('',(#1137),#1135);
#1139=DIRECTION('',(-1.E0,0.E0,0.E0));
#1140=VECTOR('',#1139,1.E0);
#1141=CARTESIAN_POINT('',(-4.499999999999E-1,2.E-1,1.25E-1));
#1142=LINE('',#1141,#1140);
#1143=CURVE_STYLE('',#33,POSITIVE_LENGTH_MEASURE(2.E-2),#22);
#1144=PRESENTATION_STYLE_ASSIGNMENT((#1143));
#1145=STYLED_ITEM('',(#1144),#1142);
#1146=DIRECTION('',(0.E0,-1.E0,0.E0));
#1147=VECTOR('',#1146,1.E-1);
#1148=CARTESIAN_POINT('',(-2.6E-1,2.E-1,2.25E0));
#1149=LINE('',#1148,#1147);
#1150=CURVE_STYLE('',#33,POSITIVE_LENGTH_MEASURE(2.E-2),#22);
#1151=PRESENTATION_STYLE_ASSIGNMENT((#1150));
#1152=STYLED_ITEM('',(#1151),#1149);
#1153=DIRECTION('',(0.E0,-1.E0,0.E0));
#1154=VECTOR('',#1153,1.E-1);
#1155=CARTESIAN_POINT('',(-4.65E-1,2.E-1,2.25E0));
#1156=LINE('',#1155,#1154);
#1157=CURVE_STYLE('',#33,POSITIVE_LENGTH_MEASURE(2.E-2),#22);
#1158=PRESENTATION_STYLE_ASSIGNMENT((#1157));
#1159=STYLED_ITEM('',(#1158),#1156);
#1160=DIRECTION('',(0.E0,1.E0,0.E0));
#1161=VECTOR('',#1160,2.E-1);
#1162=CARTESIAN_POINT('',(-1.65E0,0.E0,1.53999E0));
#1163=LINE('',#1162,#1161);
#1164=CURVE_STYLE('',#33,POSITIVE_LENGTH_MEASURE(2.E-2),#22);
#1165=PRESENTATION_STYLE_ASSIGNMENT((#1164));
#1166=STYLED_ITEM('',(#1165),#1163);
#1167=DIRECTION('',(0.E0,1.E0,0.E0));
#1168=VECTOR('',#1167,2.E-1);
#1169=CARTESIAN_POINT('',(-1.45E0,0.E0,1.53999E0));
#1170=LINE('',#1169,#1168);
#1171=CURVE_STYLE('',#33,POSITIVE_LENGTH_MEASURE(2.E-2),#22);
#1172=PRESENTATION_STYLE_ASSIGNMENT((#1171));
#1173=STYLED_ITEM('',(#1172),#1170);
#1174=DIRECTION('',(0.E0,1.E0,0.E0));
#1175=VECTOR('',#1174,2.E-1);
#1176=CARTESIAN_POINT('',(-1.45E0,0.E0,1.28999E0));
#1177=LINE('',#1176,#1175);
#1178=CURVE_STYLE('',#33,POSITIVE_LENGTH_MEASURE(2.E-2),#22);
#1179=PRESENTATION_STYLE_ASSIGNMENT((#1178));
#1180=STYLED_ITEM('',(#1179),#1177);
#1181=DIRECTION('',(0.E0,1.E0,0.E0));
#1182=VECTOR('',#1181,2.E-1);
#1183=CARTESIAN_POINT('',(-1.65E0,0.E0,1.28999E0));
#1184=LINE('',#1183,#1182);
#1185=CURVE_STYLE('',#33,POSITIVE_LENGTH_MEASURE(2.E-2),#22);
#1186=PRESENTATION_STYLE_ASSIGNMENT((#1185));
#1187=STYLED_ITEM('',(#1186),#1184);
#1188=DIRECTION('',(0.E0,1.E0,0.E0));
#1189=VECTOR('',#1188,2.E-1);
#1190=CARTESIAN_POINT('',(-1.65E0,0.E0,1.03999E0));
#1191=LINE('',#1190,#1189);
#1192=CURVE_STYLE('',#33,POSITIVE_LENGTH_MEASURE(2.E-2),#22);
#1193=PRESENTATION_STYLE_ASSIGNMENT((#1192));
#1194=STYLED_ITEM('',(#1193),#1191);
#1195=DIRECTION('',(0.E0,1.E0,0.E0));
#1196=VECTOR('',#1195,2.E-1);
#1197=CARTESIAN_POINT('',(-1.45E0,0.E0,1.03999E0));
#1198=LINE('',#1197,#1196);
#1199=CURVE_STYLE('',#33,POSITIVE_LENGTH_MEASURE(2.E-2),#22);
#1200=PRESENTATION_STYLE_ASSIGNMENT((#1199));
#1201=STYLED_ITEM('',(#1200),#1198);
#1202=DIRECTION('',(0.E0,1.E0,0.E0));
#1203=VECTOR('',#1202,2.E-1);
#1204=CARTESIAN_POINT('',(-1.45E0,0.E0,7.899900000002E-1));
#1205=LINE('',#1204,#1203);
#1206=CURVE_STYLE('',#33,POSITIVE_LENGTH_MEASURE(2.E-2),#22);
#1207=PRESENTATION_STYLE_ASSIGNMENT((#1206));
#1208=STYLED_ITEM('',(#1207),#1205);
#1209=DIRECTION('',(0.E0,1.E0,0.E0));
#1210=VECTOR('',#1209,2.E-1);
#1211=CARTESIAN_POINT('',(-1.65E0,0.E0,7.899900000002E-1));
#1212=LINE('',#1211,#1210);
#1213=CURVE_STYLE('',#33,POSITIVE_LENGTH_MEASURE(2.E-2),#22);
#1214=PRESENTATION_STYLE_ASSIGNMENT((#1213));
#1215=STYLED_ITEM('',(#1214),#1212);
#1216=DIRECTION('',(0.E0,1.E0,0.E0));
#1217=VECTOR('',#1216,2.E-1);
#1218=CARTESIAN_POINT('',(-1.65E0,0.E0,5.399900000002E-1));
#1219=LINE('',#1218,#1217);
#1220=CURVE_STYLE('',#33,POSITIVE_LENGTH_MEASURE(2.E-2),#22);
#1221=PRESENTATION_STYLE_ASSIGNMENT((#1220));
#1222=STYLED_ITEM('',(#1221),#1219);
#1223=DIRECTION('',(0.E0,1.E0,0.E0));
#1224=VECTOR('',#1223,2.E-1);
#1225=CARTESIAN_POINT('',(-1.45E0,0.E0,5.399900000002E-1));
#1226=LINE('',#1225,#1224);
#1227=CURVE_STYLE('',#33,POSITIVE_LENGTH_MEASURE(2.E-2),#22);
#1228=PRESENTATION_STYLE_ASSIGNMENT((#1227));
#1229=STYLED_ITEM('',(#1228),#1226);
#1230=DIRECTION('',(0.E0,1.E0,0.E0));
#1231=VECTOR('',#1230,2.E-1);
#1232=CARTESIAN_POINT('',(-1.45E0,0.E0,1.25E-1));
#1233=LINE('',#1232,#1231);
#1234=CURVE_STYLE('',#33,POSITIVE_LENGTH_MEASURE(2.E-2),#22);
#1235=PRESENTATION_STYLE_ASSIGNMENT((#1234));
#1236=STYLED_ITEM('',(#1235),#1233);
#1237=CARTESIAN_POINT('',(-4.499999999999E-1,0.E0,1.25E-1));
#1238=CARTESIAN_POINT('',(-1.45E0,0.E0,1.25E-1));
#1239=VERTEX_POINT('',#1237);
#1240=VERTEX_POINT('',#1238);
#1241=CARTESIAN_POINT('',(-1.45E0,0.E0,5.399900000002E-1));
#1242=VERTEX_POINT('',#1241);
#1243=CARTESIAN_POINT('',(-1.65E0,0.E0,5.399900000002E-1));
#1244=VERTEX_POINT('',#1243);
#1245=CARTESIAN_POINT('',(-1.65E0,0.E0,7.899900000002E-1));
#1246=VERTEX_POINT('',#1245);
#1247=CARTESIAN_POINT('',(-1.45E0,0.E0,7.899900000002E-1));
#1248=VERTEX_POINT('',#1247);
#1249=CARTESIAN_POINT('',(-1.45E0,0.E0,1.03999E0));
#1250=VERTEX_POINT('',#1249);
#1251=CARTESIAN_POINT('',(-1.65E0,0.E0,1.03999E0));
#1252=VERTEX_POINT('',#1251);
#1253=CARTESIAN_POINT('',(-1.65E0,0.E0,1.28999E0));
#1254=VERTEX_POINT('',#1253);
#1255=CARTESIAN_POINT('',(-1.45E0,0.E0,1.28999E0));
#1256=VERTEX_POINT('',#1255);
#1257=CARTESIAN_POINT('',(-1.45E0,0.E0,1.53999E0));
#1258=VERTEX_POINT('',#1257);
#1259=CARTESIAN_POINT('',(-1.65E0,0.E0,1.53999E0));
#1260=VERTEX_POINT('',#1259);
#1261=CARTESIAN_POINT('',(-1.65E0,0.E0,1.78999E0));
#1262=VERTEX_POINT('',#1261);
#1263=CARTESIAN_POINT('',(-1.45E0,0.E0,1.78999E0));
#1264=VERTEX_POINT('',#1263);
#1265=CARTESIAN_POINT('',(-1.45E0,0.E0,2.05E0));
#1266=VERTEX_POINT('',#1265);
#1267=CARTESIAN_POINT('',(-4.499999999999E-1,0.E0,2.05E0));
#1268=VERTEX_POINT('',#1267);
#1269=CARTESIAN_POINT('',(-4.499999999999E-1,2.E-1,1.25E-1));
#1270=CARTESIAN_POINT('',(-1.45E0,2.E-1,1.25E-1));
#1271=VERTEX_POINT('',#1269);
#1272=VERTEX_POINT('',#1270);
#1273=CARTESIAN_POINT('',(-1.45E0,2.E-1,5.399900000002E-1));
#1274=VERTEX_POINT('',#1273);
#1275=CARTESIAN_POINT('',(-1.65E0,2.E-1,5.399900000002E-1));
#1276=VERTEX_POINT('',#1275);
#1277=CARTESIAN_POINT('',(-1.65E0,2.E-1,7.899900000002E-1));
#1278=VERTEX_POINT('',#1277);
#1279=CARTESIAN_POINT('',(-1.45E0,2.E-1,7.899900000002E-1));
#1280=VERTEX_POINT('',#1279);
#1281=CARTESIAN_POINT('',(-1.45E0,2.E-1,1.03999E0));
#1282=VERTEX_POINT('',#1281);
#1283=CARTESIAN_POINT('',(-1.65E0,2.E-1,1.03999E0));
#1284=VERTEX_POINT('',#1283);
#1285=CARTESIAN_POINT('',(-1.65E0,2.E-1,1.28999E0));
#1286=VERTEX_POINT('',#1285);
#1287=CARTESIAN_POINT('',(-1.45E0,2.E-1,1.28999E0));
#1288=VERTEX_POINT('',#1287);
#1289=CARTESIAN_POINT('',(-1.45E0,2.E-1,1.53999E0));
#1290=VERTEX_POINT('',#1289);
#1291=CARTESIAN_POINT('',(-1.65E0,2.E-1,1.53999E0));
#1292=VERTEX_POINT('',#1291);
#1293=CARTESIAN_POINT('',(-1.65E0,2.E-1,1.78999E0));
#1294=VERTEX_POINT('',#1293);
#1295=CARTESIAN_POINT('',(-1.45E0,2.E-1,1.78999E0));
#1296=VERTEX_POINT('',#1295);
#1297=CARTESIAN_POINT('',(-1.45E0,2.E-1,2.05E0));
#1298=VERTEX_POINT('',#1297);
#1299=CARTESIAN_POINT('',(-4.65E-1,2.E-1,2.25E0));
#1300=CARTESIAN_POINT('',(-2.6E-1,2.E-1,2.25E0));
#1301=VERTEX_POINT('',#1299);
#1302=VERTEX_POINT('',#1300);
#1303=CARTESIAN_POINT('',(-2.6E-1,2.E-1,2.05E0));
#1304=VERTEX_POINT('',#1303);
#1305=CARTESIAN_POINT('',(-4.65E-1,1.E-1,2.25E0));
#1306=CARTESIAN_POINT('',(-2.6E-1,1.E-1,2.25E0));
#1307=VERTEX_POINT('',#1305);
#1308=VERTEX_POINT('',#1306);
#1309=CARTESIAN_POINT('',(-2.6E-1,1.E-1,2.05E0));
#1310=VERTEX_POINT('',#1309);
#1311=CARTESIAN_POINT('',(-4.499999999999E-1,1.E-1,2.05E0));
#1312=CARTESIAN_POINT('',(-4.65E-1,1.E-1,2.05E0));
#1313=VERTEX_POINT('',#1311);
#1314=VERTEX_POINT('',#1312);
#1315=CARTESIAN_POINT('',(-4.65E-1,2.E-1,2.05E0));
#1316=VERTEX_POINT('',#1315);
#1317=CARTESIAN_POINT('',(-4.499999999999E-1,2.E-1,2.05E0));
#1318=VERTEX_POINT('',#1317);
#1319=CARTESIAN_POINT('',(-1.65E0,0.E0,1.78999E0));
#1320=DIRECTION('',(0.E0,0.E0,1.E0));
#1321=DIRECTION('',(1.E0,0.E0,0.E0));
#1322=AXIS2_PLACEMENT_3D('',#1319,#1320,#1321);
#1323=PLANE('',#1322);
#1325=ORIENTED_EDGE('',*,*,#1324,.F.);
#1327=ORIENTED_EDGE('',*,*,#1326,.T.);
#1329=ORIENTED_EDGE('',*,*,#1328,.T.);
#1331=ORIENTED_EDGE('',*,*,#1330,.F.);
#1332=EDGE_LOOP('',(#1325,#1327,#1329,#1331));
#1333=FACE_OUTER_BOUND('',#1332,.F.);
#1334=ADVANCED_FACE('',(#1333),#1323,.T.);
#1335=CARTESIAN_POINT('',(0.E0,0.E0,0.E0));
#1336=DIRECTION('',(0.E0,1.E0,0.E0));
#1337=DIRECTION('',(1.E0,0.E0,0.E0));
#1338=AXIS2_PLACEMENT_3D('',#1335,#1336,#1337);
#1339=PLANE('',#1338);
#1341=ORIENTED_EDGE('',*,*,#1340,.T.);
#1343=ORIENTED_EDGE('',*,*,#1342,.T.);
#1345=ORIENTED_EDGE('',*,*,#1344,.T.);
#1347=ORIENTED_EDGE('',*,*,#1346,.T.);
#1349=ORIENTED_EDGE('',*,*,#1348,.T.);
#1351=ORIENTED_EDGE('',*,*,#1350,.T.);
#1353=ORIENTED_EDGE('',*,*,#1352,.T.);
#1355=ORIENTED_EDGE('',*,*,#1354,.T.);
#1357=ORIENTED_EDGE('',*,*,#1356,.T.);
#1359=ORIENTED_EDGE('',*,*,#1358,.T.);
#1361=ORIENTED_EDGE('',*,*,#1360,.T.);
#1363=ORIENTED_EDGE('',*,*,#1362,.T.);
#1364=ORIENTED_EDGE('',*,*,#1324,.T.);
#1366=ORIENTED_EDGE('',*,*,#1365,.T.);
#1368=ORIENTED_EDGE('',*,*,#1367,.T.);
#1370=ORIENTED_EDGE('',*,*,#1369,.T.);
#1371=EDGE_LOOP('',(#1341,#1343,#1345,#1347,#1349,#1351,#1353,#1355,#1357,#1359,
#1361,#1363,#1364,#1366,#1368,#1370));
#1372=FACE_OUTER_BOUND('',#1371,.F.);
#1373=ADVANCED_FACE('',(#1372),#1339,.F.);
#1374=CARTESIAN_POINT('',(-4.499999999999E-1,0.E0,1.25E-1));
#1375=DIRECTION('',(0.E0,0.E0,-1.E0));
#1376=DIRECTION('',(-1.E0,0.E0,0.E0));
#1377=AXIS2_PLACEMENT_3D('',#1374,#1375,#1376);
#1378=PLANE('',#1377);
#1379=ORIENTED_EDGE('',*,*,#1340,.F.);
#1381=ORIENTED_EDGE('',*,*,#1380,.T.);
#1383=ORIENTED_EDGE('',*,*,#1382,.T.);
#1385=ORIENTED_EDGE('',*,*,#1384,.F.);
#1386=EDGE_LOOP('',(#1379,#1381,#1383,#1385));
#1387=FACE_OUTER_BOUND('',#1386,.F.);
#1388=ADVANCED_FACE('',(#1387),#1378,.T.);
#1389=CARTESIAN_POINT('',(-4.499999999999E-1,0.E0,2.05E0));
#1390=DIRECTION('',(1.E0,0.E0,0.E0));
#1391=DIRECTION('',(0.E0,0.E0,-1.E0));
#1392=AXIS2_PLACEMENT_3D('',#1389,#1390,#1391);
#1393=PLANE('',#1392);
#1395=ORIENTED_EDGE('',*,*,#1394,.F.);
#1397=ORIENTED_EDGE('',*,*,#1396,.T.);
#1398=ORIENTED_EDGE('',*,*,#1380,.F.);
#1399=ORIENTED_EDGE('',*,*,#1369,.F.);
#1401=ORIENTED_EDGE('',*,*,#1400,.T.);
#1402=EDGE_LOOP('',(#1395,#1397,#1398,#1399,#1401));
#1403=FACE_OUTER_BOUND('',#1402,.F.);
#1404=ADVANCED_FACE('',(#1403),#1393,.T.);
#1405=CARTESIAN_POINT('',(-2.6E-1,2.E-1,2.05E0));
#1406=DIRECTION('',(0.E0,0.E0,-1.E0));
#1407=DIRECTION('',(-1.E0,0.E0,0.E0));
#1408=AXIS2_PLACEMENT_3D('',#1405,#1406,#1407);
#1409=PLANE('',#1408);
#1410=ORIENTED_EDGE('',*,*,#1394,.T.);
#1412=ORIENTED_EDGE('',*,*,#1411,.F.);
#1414=ORIENTED_EDGE('',*,*,#1413,.F.);
#1416=ORIENTED_EDGE('',*,*,#1415,.T.);
#1417=EDGE_LOOP('',(#1410,#1412,#1414,#1416));
#1418=FACE_OUTER_BOUND('',#1417,.F.);
#1419=ADVANCED_FACE('',(#1418),#1409,.T.);
#1420=CARTESIAN_POINT('',(0.E0,1.E-1,0.E0));
#1421=DIRECTION('',(0.E0,1.E0,0.E0));
#1422=DIRECTION('',(1.E0,0.E0,0.E0));
#1423=AXIS2_PLACEMENT_3D('',#1420,#1421,#1422);
#1424=PLANE('',#1423);
#1426=ORIENTED_EDGE('',*,*,#1425,.T.);
#1428=ORIENTED_EDGE('',*,*,#1427,.T.);
#1430=ORIENTED_EDGE('',*,*,#1429,.T.);
#1431=ORIENTED_EDGE('',*,*,#1411,.T.);
#1433=ORIENTED_EDGE('',*,*,#1432,.T.);
#1434=EDGE_LOOP('',(#1426,#1428,#1430,#1431,#1433));
#1435=FACE_OUTER_BOUND('',#1434,.F.);
#1436=ADVANCED_FACE('',(#1435),#1424,.F.);
#1437=CARTESIAN_POINT('',(-4.65E-1,2.E-1,2.05E0));
#1438=DIRECTION('',(-1.E0,0.E0,0.E0));
#1439=DIRECTION('',(0.E0,0.E0,1.E0));
#1440=AXIS2_PLACEMENT_3D('',#1437,#1438,#1439);
#1441=PLANE('',#1440);
#1443=ORIENTED_EDGE('',*,*,#1442,.F.);
#1445=ORIENTED_EDGE('',*,*,#1444,.T.);
#1447=ORIENTED_EDGE('',*,*,#1446,.T.);
#1448=ORIENTED_EDGE('',*,*,#1425,.F.);
#1449=EDGE_LOOP('',(#1443,#1445,#1447,#1448));
#1450=FACE_OUTER_BOUND('',#1449,.F.);
#1451=ADVANCED_FACE('',(#1450),#1441,.T.);
#1452=CARTESIAN_POINT('',(-1.45E0,0.E0,2.05E0));
#1453=DIRECTION('',(0.E0,0.E0,1.E0));
#1454=DIRECTION('',(1.E0,0.E0,0.E0));
#1455=AXIS2_PLACEMENT_3D('',#1452,#1453,#1454);
#1456=PLANE('',#1455);
#1457=ORIENTED_EDGE('',*,*,#1432,.F.);
#1458=ORIENTED_EDGE('',*,*,#1400,.F.);
#1459=ORIENTED_EDGE('',*,*,#1367,.F.);
#1461=ORIENTED_EDGE('',*,*,#1460,.T.);
#1463=ORIENTED_EDGE('',*,*,#1462,.T.);
#1464=ORIENTED_EDGE('',*,*,#1442,.T.);
#1465=EDGE_LOOP('',(#1457,#1458,#1459,#1461,#1463,#1464));
#1466=FACE_OUTER_BOUND('',#1465,.F.);
#1467=ADVANCED_FACE('',(#1466),#1456,.T.);
#1468=CARTESIAN_POINT('',(-1.45E0,0.E0,1.78999E0));
#1469=DIRECTION('',(-1.E0,0.E0,0.E0));
#1470=DIRECTION('',(0.E0,0.E0,1.E0));
#1471=AXIS2_PLACEMENT_3D('',#1468,#1469,#1470);
#1472=PLANE('',#1471);
#1473=ORIENTED_EDGE('',*,*,#1365,.F.);
#1474=ORIENTED_EDGE('',*,*,#1330,.T.);
#1476=ORIENTED_EDGE('',*,*,#1475,.T.);
#1477=ORIENTED_EDGE('',*,*,#1460,.F.);
#1478=EDGE_LOOP('',(#1473,#1474,#1476,#1477));
#1479=FACE_OUTER_BOUND('',#1478,.F.);
#1480=ADVANCED_FACE('',(#1479),#1472,.T.);
#1481=CARTESIAN_POINT('',(0.E0,2.E-1,0.E0));
#1482=DIRECTION('',(0.E0,1.E0,0.E0));
#1483=DIRECTION('',(1.E0,0.E0,0.E0));
#1484=AXIS2_PLACEMENT_3D('',#1481,#1482,#1483);
#1485=PLANE('',#1484);
#1486=ORIENTED_EDGE('',*,*,#1396,.F.);
#1487=ORIENTED_EDGE('',*,*,#1415,.F.);
#1489=ORIENTED_EDGE('',*,*,#1488,.F.);
#1491=ORIENTED_EDGE('',*,*,#1490,.F.);
#1492=ORIENTED_EDGE('',*,*,#1444,.F.);
#1493=ORIENTED_EDGE('',*,*,#1462,.F.);
#1494=ORIENTED_EDGE('',*,*,#1475,.F.);
#1495=ORIENTED_EDGE('',*,*,#1328,.F.);
#1497=ORIENTED_EDGE('',*,*,#1496,.F.);
#1499=ORIENTED_EDGE('',*,*,#1498,.F.);
#1501=ORIENTED_EDGE('',*,*,#1500,.F.);
#1503=ORIENTED_EDGE('',*,*,#1502,.F.);
#1505=ORIENTED_EDGE('',*,*,#1504,.F.);
#1507=ORIENTED_EDGE('',*,*,#1506,.F.);
#1509=ORIENTED_EDGE('',*,*,#1508,.F.);
#1511=ORIENTED_EDGE('',*,*,#1510,.F.);
#1513=ORIENTED_EDGE('',*,*,#1512,.F.);
#1515=ORIENTED_EDGE('',*,*,#1514,.F.);
#1517=ORIENTED_EDGE('',*,*,#1516,.F.);
#1518=ORIENTED_EDGE('',*,*,#1382,.F.);
#1519=EDGE_LOOP('',(#1486,#1487,#1489,#1491,#1492,#1493,#1494,#1495,#1497,#1499,
#1501,#1503,#1505,#1507,#1509,#1511,#1513,#1515,#1517,#1518));
#1520=FACE_OUTER_BOUND('',#1519,.F.);
#1521=ADVANCED_FACE('',(#1520),#1485,.T.);
#1522=CARTESIAN_POINT('',(-2.6E-1,2.E-1,2.25E0));
#1523=DIRECTION('',(1.E0,0.E0,0.E0));
#1524=DIRECTION('',(0.E0,0.E0,-1.E0));
#1525=AXIS2_PLACEMENT_3D('',#1522,#1523,#1524);
#1526=PLANE('',#1525);
#1527=ORIENTED_EDGE('',*,*,#1488,.T.);
#1528=ORIENTED_EDGE('',*,*,#1413,.T.);
#1529=ORIENTED_EDGE('',*,*,#1429,.F.);
#1531=ORIENTED_EDGE('',*,*,#1530,.F.);
#1532=EDGE_LOOP('',(#1527,#1528,#1529,#1531));
#1533=FACE_OUTER_BOUND('',#1532,.F.);
#1534=ADVANCED_FACE('',(#1533),#1526,.T.);
#1535=CARTESIAN_POINT('',(-4.65E-1,2.E-1,2.25E0));
#1536=DIRECTION('',(0.E0,0.E0,1.E0));
#1537=DIRECTION('',(1.E0,0.E0,0.E0));
#1538=AXIS2_PLACEMENT_3D('',#1535,#1536,#1537);
#1539=PLANE('',#1538);
#1540=ORIENTED_EDGE('',*,*,#1490,.T.);
#1541=ORIENTED_EDGE('',*,*,#1530,.T.);
#1542=ORIENTED_EDGE('',*,*,#1427,.F.);
#1543=ORIENTED_EDGE('',*,*,#1446,.F.);
#1544=EDGE_LOOP('',(#1540,#1541,#1542,#1543));
#1545=FACE_OUTER_BOUND('',#1544,.F.);
#1546=ADVANCED_FACE('',(#1545),#1539,.T.);
#1547=FILL_AREA_STYLE_COLOUR('',#20);
#1548=FILL_AREA_STYLE('',(#1547));
#1549=SURFACE_STYLE_FILL_AREA(#1548);
#1550=SURFACE_SIDE_STYLE('',(#1549));
#1551=SURFACE_STYLE_USAGE(.POSITIVE.,#1550);
#1552=PRESENTATION_STYLE_ASSIGNMENT((#1551));
#1553=OVER_RIDING_STYLED_ITEM('',(#1552),#1546,#802);
#1554=CARTESIAN_POINT('',(-1.65E0,0.E0,1.53999E0));
#1555=DIRECTION('',(-1.E0,0.E0,0.E0));
#1556=DIRECTION('',(0.E0,0.E0,1.E0));
#1557=AXIS2_PLACEMENT_3D('',#1554,#1555,#1556);
#1558=PLANE('',#1557);
#1559=ORIENTED_EDGE('',*,*,#1362,.F.);
#1561=ORIENTED_EDGE('',*,*,#1560,.T.);
#1562=ORIENTED_EDGE('',*,*,#1496,.T.);
#1563=ORIENTED_EDGE('',*,*,#1326,.F.);
#1564=EDGE_LOOP('',(#1559,#1561,#1562,#1563));
#1565=FACE_OUTER_BOUND('',#1564,.F.);
#1566=ADVANCED_FACE('',(#1565),#1558,.T.);
#1567=FILL_AREA_STYLE_COLOUR('',#20);
#1568=FILL_AREA_STYLE('',(#1567));
#1569=SURFACE_STYLE_FILL_AREA(#1568);
#1570=SURFACE_SIDE_STYLE('',(#1569));
#1571=SURFACE_STYLE_USAGE(.POSITIVE.,#1570);
#1572=PRESENTATION_STYLE_ASSIGNMENT((#1571));
#1573=OVER_RIDING_STYLED_ITEM('',(#1572),#1566,#802);
#1574=CARTESIAN_POINT('',(-1.45E0,0.E0,1.53999E0));
#1575=DIRECTION('',(0.E0,0.E0,-1.E0));
#1576=DIRECTION('',(-1.E0,0.E0,0.E0));
#1577=AXIS2_PLACEMENT_3D('',#1574,#1575,#1576);
#1578=PLANE('',#1577);
#1579=ORIENTED_EDGE('',*,*,#1360,.F.);
#1581=ORIENTED_EDGE('',*,*,#1580,.T.);
#1582=ORIENTED_EDGE('',*,*,#1498,.T.);
#1583=ORIENTED_EDGE('',*,*,#1560,.F.);
#1584=EDGE_LOOP('',(#1579,#1581,#1582,#1583));
#1585=FACE_OUTER_BOUND('',#1584,.F.);
#1586=ADVANCED_FACE('',(#1585),#1578,.T.);
#1587=CARTESIAN_POINT('',(-1.45E0,0.E0,1.28999E0));
#1588=DIRECTION('',(-1.E0,0.E0,0.E0));
#1589=DIRECTION('',(0.E0,0.E0,1.E0));
#1590=AXIS2_PLACEMENT_3D('',#1587,#1588,#1589);
#1591=PLANE('',#1590);
#1592=ORIENTED_EDGE('',*,*,#1358,.F.);
#1594=ORIENTED_EDGE('',*,*,#1593,.T.);
#1595=ORIENTED_EDGE('',*,*,#1500,.T.);
#1596=ORIENTED_EDGE('',*,*,#1580,.F.);
#1597=EDGE_LOOP('',(#1592,#1594,#1595,#1596));
#1598=FACE_OUTER_BOUND('',#1597,.F.);
#1599=ADVANCED_FACE('',(#1598),#1591,.T.);
#1600=CARTESIAN_POINT('',(-1.65E0,0.E0,1.28999E0));
#1601=DIRECTION('',(0.E0,0.E0,1.E0));
#1602=DIRECTION('',(1.E0,0.E0,0.E0));
#1603=AXIS2_PLACEMENT_3D('',#1600,#1601,#1602);
#1604=PLANE('',#1603);
#1605=ORIENTED_EDGE('',*,*,#1356,.F.);
#1607=ORIENTED_EDGE('',*,*,#1606,.T.);
#1608=ORIENTED_EDGE('',*,*,#1502,.T.);
#1609=ORIENTED_EDGE('',*,*,#1593,.F.);
#1610=EDGE_LOOP('',(#1605,#1607,#1608,#1609));
#1611=FACE_OUTER_BOUND('',#1610,.F.);
#1612=ADVANCED_FACE('',(#1611),#1604,.T.);
#1613=CARTESIAN_POINT('',(-1.65E0,0.E0,1.03999E0));
#1614=DIRECTION('',(-1.E0,0.E0,0.E0));
#1615=DIRECTION('',(0.E0,0.E0,1.E0));
#1616=AXIS2_PLACEMENT_3D('',#1613,#1614,#1615);
#1617=PLANE('',#1616);
#1618=ORIENTED_EDGE('',*,*,#1354,.F.);
#1620=ORIENTED_EDGE('',*,*,#1619,.T.);
#1621=ORIENTED_EDGE('',*,*,#1504,.T.);
#1622=ORIENTED_EDGE('',*,*,#1606,.F.);
#1623=EDGE_LOOP('',(#1618,#1620,#1621,#1622));
#1624=FACE_OUTER_BOUND('',#1623,.F.);
#1625=ADVANCED_FACE('',(#1624),#1617,.T.);
#1626=FILL_AREA_STYLE_COLOUR('',#20);
#1627=FILL_AREA_STYLE('',(#1626));
#1628=SURFACE_STYLE_FILL_AREA(#1627);
#1629=SURFACE_SIDE_STYLE('',(#1628));
#1630=SURFACE_STYLE_USAGE(.POSITIVE.,#1629);
#1631=PRESENTATION_STYLE_ASSIGNMENT((#1630));
#1632=OVER_RIDING_STYLED_ITEM('',(#1631),#1625,#802);
#1633=CARTESIAN_POINT('',(-1.45E0,0.E0,1.03999E0));
#1634=DIRECTION('',(0.E0,0.E0,-1.E0));
#1635=DIRECTION('',(-1.E0,0.E0,0.E0));
#1636=AXIS2_PLACEMENT_3D('',#1633,#1634,#1635);
#1637=PLANE('',#1636);
#1638=ORIENTED_EDGE('',*,*,#1352,.F.);
#1640=ORIENTED_EDGE('',*,*,#1639,.T.);
#1641=ORIENTED_EDGE('',*,*,#1506,.T.);
#1642=ORIENTED_EDGE('',*,*,#1619,.F.);
#1643=EDGE_LOOP('',(#1638,#1640,#1641,#1642));
#1644=FACE_OUTER_BOUND('',#1643,.F.);
#1645=ADVANCED_FACE('',(#1644),#1637,.T.);
#1646=CARTESIAN_POINT('',(-1.45E0,0.E0,7.899900000002E-1));
#1647=DIRECTION('',(-1.E0,0.E0,0.E0));
#1648=DIRECTION('',(0.E0,0.E0,1.E0));
#1649=AXIS2_PLACEMENT_3D('',#1646,#1647,#1648);
#1650=PLANE('',#1649);
#1651=ORIENTED_EDGE('',*,*,#1350,.F.);
#1653=ORIENTED_EDGE('',*,*,#1652,.T.);
#1654=ORIENTED_EDGE('',*,*,#1508,.T.);
#1655=ORIENTED_EDGE('',*,*,#1639,.F.);
#1656=EDGE_LOOP('',(#1651,#1653,#1654,#1655));
#1657=FACE_OUTER_BOUND('',#1656,.F.);
#1658=ADVANCED_FACE('',(#1657),#1650,.T.);
#1659=CARTESIAN_POINT('',(-1.65E0,0.E0,7.899900000002E-1));
#1660=DIRECTION('',(0.E0,0.E0,1.E0));
#1661=DIRECTION('',(1.E0,0.E0,0.E0));
#1662=AXIS2_PLACEMENT_3D('',#1659,#1660,#1661);
#1663=PLANE('',#1662);
#1664=ORIENTED_EDGE('',*,*,#1348,.F.);
#1666=ORIENTED_EDGE('',*,*,#1665,.T.);
#1667=ORIENTED_EDGE('',*,*,#1510,.T.);
#1668=ORIENTED_EDGE('',*,*,#1652,.F.);
#1669=EDGE_LOOP('',(#1664,#1666,#1667,#1668));
#1670=FACE_OUTER_BOUND('',#1669,.F.);
#1671=ADVANCED_FACE('',(#1670),#1663,.T.);
#1672=CARTESIAN_POINT('',(-1.65E0,0.E0,5.399900000002E-1));
#1673=DIRECTION('',(-1.E0,0.E0,0.E0));
#1674=DIRECTION('',(0.E0,0.E0,1.E0));
#1675=AXIS2_PLACEMENT_3D('',#1672,#1673,#1674);
#1676=PLANE('',#1675);
#1677=ORIENTED_EDGE('',*,*,#1346,.F.);
#1679=ORIENTED_EDGE('',*,*,#1678,.T.);
#1680=ORIENTED_EDGE('',*,*,#1512,.T.);
#1681=ORIENTED_EDGE('',*,*,#1665,.F.);
#1682=EDGE_LOOP('',(#1677,#1679,#1680,#1681));
#1683=FACE_OUTER_BOUND('',#1682,.F.);
#1684=ADVANCED_FACE('',(#1683),#1676,.T.);
#1685=FILL_AREA_STYLE_COLOUR('',#20);
#1686=FILL_AREA_STYLE('',(#1685));
#1687=SURFACE_STYLE_FILL_AREA(#1686);
#1688=SURFACE_SIDE_STYLE('',(#1687));
#1689=SURFACE_STYLE_USAGE(.POSITIVE.,#1688);
#1690=PRESENTATION_STYLE_ASSIGNMENT((#1689));
#1691=OVER_RIDING_STYLED_ITEM('',(#1690),#1684,#802);
#1692=CARTESIAN_POINT('',(-1.45E0,0.E0,5.399900000002E-1));
#1693=DIRECTION('',(0.E0,0.E0,-1.E0));
#1694=DIRECTION('',(-1.E0,0.E0,0.E0));
#1695=AXIS2_PLACEMENT_3D('',#1692,#1693,#1694);
#1696=PLANE('',#1695);
#1697=ORIENTED_EDGE('',*,*,#1344,.F.);
#1699=ORIENTED_EDGE('',*,*,#1698,.T.);
#1700=ORIENTED_EDGE('',*,*,#1514,.T.);
#1701=ORIENTED_EDGE('',*,*,#1678,.F.);
#1702=EDGE_LOOP('',(#1697,#1699,#1700,#1701));
#1703=FACE_OUTER_BOUND('',#1702,.F.);
#1704=ADVANCED_FACE('',(#1703),#1696,.T.);
#1705=CARTESIAN_POINT('',(-1.45E0,0.E0,1.25E-1));
#1706=DIRECTION('',(-1.E0,0.E0,0.E0));
#1707=DIRECTION('',(0.E0,0.E0,1.E0));
#1708=AXIS2_PLACEMENT_3D('',#1705,#1706,#1707);
#1709=PLANE('',#1708);
#1710=ORIENTED_EDGE('',*,*,#1342,.F.);
#1711=ORIENTED_EDGE('',*,*,#1384,.T.);
#1712=ORIENTED_EDGE('',*,*,#1516,.T.);
#1713=ORIENTED_EDGE('',*,*,#1698,.F.);
#1714=EDGE_LOOP('',(#1710,#1711,#1712,#1713));
#1715=FACE_OUTER_BOUND('',#1714,.F.);
#1716=ADVANCED_FACE('',(#1715),#1709,.T.);
#1717=CLOSED_SHELL('',(#1334,#1373,#1388,#1404,#1419,#1436,#1451,#1467,#1480,
#1521,#1534,#1546,#1566,#1586,#1599,#1612,#1625,#1645,#1658,#1671,#1684,#1704,
#1716));
#1718=MANIFOLD_SOLID_BREP('',#1717);
#1719=FILL_AREA_STYLE_COLOUR('',#22);
#1720=FILL_AREA_STYLE('',(#1719));
#1721=SURFACE_STYLE_FILL_AREA(#1720);
#1722=SURFACE_SIDE_STYLE('',(#1721));
#1723=SURFACE_STYLE_USAGE(.POSITIVE.,#1722);
#1724=PRESENTATION_STYLE_ASSIGNMENT((#1723));
#802=STYLED_ITEM('',(#1724),#1718);
#1726=DIRECTION('',(0.E0,1.E0,0.E0));
#1727=VECTOR('',#1726,2.E-1);
#1728=CARTESIAN_POINT('',(1.65E0,0.E0,5.399900000002E-1));
#1729=LINE('',#1728,#1727);
#1730=CURVE_STYLE('',#33,POSITIVE_LENGTH_MEASURE(2.E-2),#22);
#1731=PRESENTATION_STYLE_ASSIGNMENT((#1730));
#1732=STYLED_ITEM('',(#1731),#1729);
#1733=DIRECTION('',(1.E0,0.E0,0.E0));
#1734=VECTOR('',#1733,1.E0);
#1735=CARTESIAN_POINT('',(4.5E-1,0.E0,2.05E0));
#1736=LINE('',#1735,#1734);
#1737=CURVE_STYLE('',#33,POSITIVE_LENGTH_MEASURE(2.E-2),#22);
#1738=PRESENTATION_STYLE_ASSIGNMENT((#1737));
#1739=STYLED_ITEM('',(#1738),#1736);
#1740=DIRECTION('',(0.E0,0.E0,-1.E0));
#1741=VECTOR('',#1740,2.600099999998E-1);
#1742=CARTESIAN_POINT('',(1.45E0,0.E0,2.05E0));
#1743=LINE('',#1742,#1741);
#1744=CURVE_STYLE('',#33,POSITIVE_LENGTH_MEASURE(2.E-2),#22);
#1745=PRESENTATION_STYLE_ASSIGNMENT((#1744));
#1746=STYLED_ITEM('',(#1745),#1743);
#1747=DIRECTION('',(1.E0,0.E0,0.E0));
#1748=VECTOR('',#1747,1.999999999999E-1);
#1749=CARTESIAN_POINT('',(1.45E0,0.E0,1.78999E0));
#1750=LINE('',#1749,#1748);
#1751=CURVE_STYLE('',#33,POSITIVE_LENGTH_MEASURE(2.E-2),#22);
#1752=PRESENTATION_STYLE_ASSIGNMENT((#1751));
#1753=STYLED_ITEM('',(#1752),#1750);
#1754=DIRECTION('',(0.E0,0.E0,-1.E0));
#1755=VECTOR('',#1754,2.5E-1);
#1756=CARTESIAN_POINT('',(1.65E0,0.E0,1.78999E0));
#1757=LINE('',#1756,#1755);
#1758=CURVE_STYLE('',#33,POSITIVE_LENGTH_MEASURE(2.E-2),#22);
#1759=PRESENTATION_STYLE_ASSIGNMENT((#1758));
#1760=STYLED_ITEM('',(#1759),#1757);
#1761=DIRECTION('',(-1.E0,0.E0,0.E0));
#1762=VECTOR('',#1761,1.999999999999E-1);
#1763=CARTESIAN_POINT('',(1.65E0,0.E0,1.53999E0));
#1764=LINE('',#1763,#1762);
#1765=CURVE_STYLE('',#33,POSITIVE_LENGTH_MEASURE(2.E-2),#22);
#1766=PRESENTATION_STYLE_ASSIGNMENT((#1765));
#1767=STYLED_ITEM('',(#1766),#1764);
#1768=DIRECTION('',(0.E0,0.E0,-1.E0));
#1769=VECTOR('',#1768,2.5E-1);
#1770=CARTESIAN_POINT('',(1.45E0,0.E0,1.53999E0));
#1771=LINE('',#1770,#1769);
#1772=CURVE_STYLE('',#33,POSITIVE_LENGTH_MEASURE(2.E-2),#22);
#1773=PRESENTATION_STYLE_ASSIGNMENT((#1772));
#1774=STYLED_ITEM('',(#1773),#1771);
#1775=DIRECTION('',(1.E0,0.E0,0.E0));
#1776=VECTOR('',#1775,1.999999999999E-1);
#1777=CARTESIAN_POINT('',(1.45E0,0.E0,1.28999E0));
#1778=LINE('',#1777,#1776);
#1779=CURVE_STYLE('',#33,POSITIVE_LENGTH_MEASURE(2.E-2),#22);
#1780=PRESENTATION_STYLE_ASSIGNMENT((#1779));
#1781=STYLED_ITEM('',(#1780),#1778);
#1782=DIRECTION('',(0.E0,0.E0,-1.E0));
#1783=VECTOR('',#1782,2.5E-1);
#1784=CARTESIAN_POINT('',(1.65E0,0.E0,1.28999E0));
#1785=LINE('',#1784,#1783);
#1786=CURVE_STYLE('',#33,POSITIVE_LENGTH_MEASURE(2.E-2),#22);
#1787=PRESENTATION_STYLE_ASSIGNMENT((#1786));
#1788=STYLED_ITEM('',(#1787),#1785);
#1789=DIRECTION('',(-1.E0,0.E0,0.E0));
#1790=VECTOR('',#1789,1.999999999999E-1);
#1791=CARTESIAN_POINT('',(1.65E0,0.E0,1.03999E0));
#1792=LINE('',#1791,#1790);
#1793=CURVE_STYLE('',#33,POSITIVE_LENGTH_MEASURE(2.E-2),#22);
#1794=PRESENTATION_STYLE_ASSIGNMENT((#1793));
#1795=STYLED_ITEM('',(#1794),#1792);
#1796=DIRECTION('',(0.E0,0.E0,-1.E0));
#1797=VECTOR('',#1796,2.5E-1);
#1798=CARTESIAN_POINT('',(1.45E0,0.E0,1.03999E0));
#1799=LINE('',#1798,#1797);
#1800=CURVE_STYLE('',#33,POSITIVE_LENGTH_MEASURE(2.E-2),#22);
#1801=PRESENTATION_STYLE_ASSIGNMENT((#1800));
#1802=STYLED_ITEM('',(#1801),#1799);
#1803=DIRECTION('',(1.E0,0.E0,0.E0));
#1804=VECTOR('',#1803,1.999999999999E-1);
#1805=CARTESIAN_POINT('',(1.45E0,0.E0,7.899900000002E-1));
#1806=LINE('',#1805,#1804);
#1807=CURVE_STYLE('',#33,POSITIVE_LENGTH_MEASURE(2.E-2),#22);
#1808=PRESENTATION_STYLE_ASSIGNMENT((#1807));
#1809=STYLED_ITEM('',(#1808),#1806);
#1810=DIRECTION('',(0.E0,0.E0,-1.E0));
#1811=VECTOR('',#1810,2.5E-1);
#1812=CARTESIAN_POINT('',(1.65E0,0.E0,7.899900000002E-1));
#1813=LINE('',#1812,#1811);
#1814=CURVE_STYLE('',#33,POSITIVE_LENGTH_MEASURE(2.E-2),#22);
#1815=PRESENTATION_STYLE_ASSIGNMENT((#1814));
#1816=STYLED_ITEM('',(#1815),#1813);
#1817=DIRECTION('',(-1.E0,0.E0,0.E0));
#1818=VECTOR('',#1817,1.999999999999E-1);
#1819=CARTESIAN_POINT('',(1.65E0,0.E0,5.399900000002E-1));
#1820=LINE('',#1819,#1818);
#1821=CURVE_STYLE('',#33,POSITIVE_LENGTH_MEASURE(2.E-2),#22);
#1822=PRESENTATION_STYLE_ASSIGNMENT((#1821));
#1823=STYLED_ITEM('',(#1822),#1820);
#1824=DIRECTION('',(0.E0,0.E0,-1.E0));
#1825=VECTOR('',#1824,4.149900000002E-1);
#1826=CARTESIAN_POINT('',(1.45E0,0.E0,5.399900000002E-1));
#1827=LINE('',#1826,#1825);
#1828=CURVE_STYLE('',#33,POSITIVE_LENGTH_MEASURE(2.E-2),#22);
#1829=PRESENTATION_STYLE_ASSIGNMENT((#1828));
#1830=STYLED_ITEM('',(#1829),#1827);
#1831=DIRECTION('',(-1.E0,0.E0,0.E0));
#1832=VECTOR('',#1831,1.E0);
#1833=CARTESIAN_POINT('',(1.45E0,0.E0,1.25E-1));
#1834=LINE('',#1833,#1832);
#1835=CURVE_STYLE('',#33,POSITIVE_LENGTH_MEASURE(2.E-2),#22);
#1836=PRESENTATION_STYLE_ASSIGNMENT((#1835));
#1837=STYLED_ITEM('',(#1836),#1834);
#1838=DIRECTION('',(0.E0,0.E0,1.E0));
#1839=VECTOR('',#1838,1.925E0);
#1840=CARTESIAN_POINT('',(4.5E-1,0.E0,1.25E-1));
#1841=LINE('',#1840,#1839);
#1842=CURVE_STYLE('',#33,POSITIVE_LENGTH_MEASURE(2.E-2),#22);
#1843=PRESENTATION_STYLE_ASSIGNMENT((#1842));
#1844=STYLED_ITEM('',(#1843),#1841);
#1845=DIRECTION('',(1.E0,0.E0,0.E0));
#1846=VECTOR('',#1845,1.499999999995E-2);
#1847=CARTESIAN_POINT('',(4.5E-1,1.E-1,2.05E0));
#1848=LINE('',#1847,#1846);
#1849=CURVE_STYLE('',#33,POSITIVE_LENGTH_MEASURE(2.E-2),#22);
#1850=PRESENTATION_STYLE_ASSIGNMENT((#1849));
#1851=STYLED_ITEM('',(#1850),#1848);
#1852=DIRECTION('',(0.E0,-1.E0,0.E0));
#1853=VECTOR('',#1852,1.E-1);
#1854=CARTESIAN_POINT('',(4.65E-1,2.E-1,2.05E0));
#1855=LINE('',#1854,#1853);
#1856=CURVE_STYLE('',#33,POSITIVE_LENGTH_MEASURE(2.E-2),#22);
#1857=PRESENTATION_STYLE_ASSIGNMENT((#1856));
#1858=STYLED_ITEM('',(#1857),#1855);
#1859=DIRECTION('',(0.E0,1.E0,0.E0));
#1860=VECTOR('',#1859,1.E-1);
#1861=CARTESIAN_POINT('',(4.5E-1,0.E0,2.05E0));
#1862=LINE('',#1861,#1860);
#1863=CURVE_STYLE('',#33,POSITIVE_LENGTH_MEASURE(2.E-2),#22);
#1864=PRESENTATION_STYLE_ASSIGNMENT((#1863));
#1865=STYLED_ITEM('',(#1864),#1862);
#1866=DIRECTION('',(-1.E0,0.E0,0.E0));
#1867=VECTOR('',#1866,1.9E-1);
#1868=CARTESIAN_POINT('',(4.5E-1,1.E-1,2.05E0));
#1869=LINE('',#1868,#1867);
#1870=CURVE_STYLE('',#33,POSITIVE_LENGTH_MEASURE(2.E-2),#22);
#1871=PRESENTATION_STYLE_ASSIGNMENT((#1870));
#1872=STYLED_ITEM('',(#1871),#1869);
#1873=DIRECTION('',(0.E0,0.E0,1.E0));
#1874=VECTOR('',#1873,2.E-1);
#1875=CARTESIAN_POINT('',(2.6E-1,1.E-1,2.05E0));
#1876=LINE('',#1875,#1874);
#1877=CURVE_STYLE('',#33,POSITIVE_LENGTH_MEASURE(2.E-2),#22);
#1878=PRESENTATION_STYLE_ASSIGNMENT((#1877));
#1879=STYLED_ITEM('',(#1878),#1876);
#1880=DIRECTION('',(1.E0,0.E0,0.E0));
#1881=VECTOR('',#1880,2.05E-1);
#1882=CARTESIAN_POINT('',(2.6E-1,1.E-1,2.25E0));
#1883=LINE('',#1882,#1881);
#1884=CURVE_STYLE('',#33,POSITIVE_LENGTH_MEASURE(2.E-2),#22);
#1885=PRESENTATION_STYLE_ASSIGNMENT((#1884));
#1886=STYLED_ITEM('',(#1885),#1883);
#1887=DIRECTION('',(0.E0,0.E0,-1.E0));
#1888=VECTOR('',#1887,2.E-1);
#1889=CARTESIAN_POINT('',(4.65E-1,1.E-1,2.25E0));
#1890=LINE('',#1889,#1888);
#1891=CURVE_STYLE('',#33,POSITIVE_LENGTH_MEASURE(2.E-2),#22);
#1892=PRESENTATION_STYLE_ASSIGNMENT((#1891));
#1893=STYLED_ITEM('',(#1892),#1890);
#1894=DIRECTION('',(0.E0,-1.E0,0.E0));
#1895=VECTOR('',#1894,1.E-1);
#1896=CARTESIAN_POINT('',(4.5E-1,2.E-1,2.05E0));
#1897=LINE('',#1896,#1895);
#1898=CURVE_STYLE('',#33,POSITIVE_LENGTH_MEASURE(2.E-2),#22);
#1899=PRESENTATION_STYLE_ASSIGNMENT((#1898));
#1900=STYLED_ITEM('',(#1899),#1897);
#1901=DIRECTION('',(0.E0,1.E0,0.E0));
#1902=VECTOR('',#1901,2.E-1);
#1903=CARTESIAN_POINT('',(4.5E-1,0.E0,1.25E-1));
#1904=LINE('',#1903,#1902);
#1905=CURVE_STYLE('',#33,POSITIVE_LENGTH_MEASURE(2.E-2),#22);
#1906=PRESENTATION_STYLE_ASSIGNMENT((#1905));
#1907=STYLED_ITEM('',(#1906),#1904);
#1908=DIRECTION('',(0.E0,1.E0,0.E0));
#1909=VECTOR('',#1908,2.E-1);
#1910=CARTESIAN_POINT('',(1.45E0,0.E0,1.25E-1));
#1911=LINE('',#1910,#1909);
#1912=CURVE_STYLE('',#33,POSITIVE_LENGTH_MEASURE(2.E-2),#22);
#1913=PRESENTATION_STYLE_ASSIGNMENT((#1912));
#1914=STYLED_ITEM('',(#1913),#1911);
#1915=DIRECTION('',(0.E0,1.E0,0.E0));
#1916=VECTOR('',#1915,2.E-1);
#1917=CARTESIAN_POINT('',(1.45E0,0.E0,5.399900000002E-1));
#1918=LINE('',#1917,#1916);
#1919=CURVE_STYLE('',#33,POSITIVE_LENGTH_MEASURE(2.E-2),#22);
#1920=PRESENTATION_STYLE_ASSIGNMENT((#1919));
#1921=STYLED_ITEM('',(#1920),#1918);
#1922=DIRECTION('',(1.E0,0.E0,0.E0));
#1923=VECTOR('',#1922,9.85E-1);
#1924=CARTESIAN_POINT('',(4.65E-1,2.E-1,2.05E0));
#1925=LINE('',#1924,#1923);
#1926=CURVE_STYLE('',#33,POSITIVE_LENGTH_MEASURE(2.E-2),#22);
#1927=PRESENTATION_STYLE_ASSIGNMENT((#1926));
#1928=STYLED_ITEM('',(#1927),#1925);
#1929=DIRECTION('',(0.E0,0.E0,-1.E0));
#1930=VECTOR('',#1929,2.E-1);
#1931=CARTESIAN_POINT('',(4.65E-1,2.E-1,2.25E0));
#1932=LINE('',#1931,#1930);
#1933=CURVE_STYLE('',#33,POSITIVE_LENGTH_MEASURE(2.E-2),#22);
#1934=PRESENTATION_STYLE_ASSIGNMENT((#1933));
#1935=STYLED_ITEM('',(#1934),#1932);
#1936=DIRECTION('',(1.E0,0.E0,0.E0));
#1937=VECTOR('',#1936,2.05E-1);
#1938=CARTESIAN_POINT('',(2.6E-1,2.E-1,2.25E0));
#1939=LINE('',#1938,#1937);
#1940=CURVE_STYLE('',#33,POSITIVE_LENGTH_MEASURE(2.E-2),#22);
#1941=PRESENTATION_STYLE_ASSIGNMENT((#1940));
#1942=STYLED_ITEM('',(#1941),#1939);
#1943=DIRECTION('',(0.E0,0.E0,1.E0));
#1944=VECTOR('',#1943,2.E-1);
#1945=CARTESIAN_POINT('',(2.6E-1,2.E-1,2.05E0));
#1946=LINE('',#1945,#1944);
#1947=CURVE_STYLE('',#33,POSITIVE_LENGTH_MEASURE(2.E-2),#22);
#1948=PRESENTATION_STYLE_ASSIGNMENT((#1947));
#1949=STYLED_ITEM('',(#1948),#1946);
#1950=DIRECTION('',(-1.E0,0.E0,0.E0));
#1951=VECTOR('',#1950,1.9E-1);
#1952=CARTESIAN_POINT('',(4.5E-1,2.E-1,2.05E0));
#1953=LINE('',#1952,#1951);
#1954=CURVE_STYLE('',#33,POSITIVE_LENGTH_MEASURE(2.E-2),#22);
#1955=PRESENTATION_STYLE_ASSIGNMENT((#1954));
#1956=STYLED_ITEM('',(#1955),#1953);
#1957=DIRECTION('',(0.E0,0.E0,1.E0));
#1958=VECTOR('',#1957,1.925E0);
#1959=CARTESIAN_POINT('',(4.5E-1,2.E-1,1.25E-1));
#1960=LINE('',#1959,#1958);
#1961=CURVE_STYLE('',#33,POSITIVE_LENGTH_MEASURE(2.E-2),#22);
#1962=PRESENTATION_STYLE_ASSIGNMENT((#1961));
#1963=STYLED_ITEM('',(#1962),#1960);
#1964=DIRECTION('',(-1.E0,0.E0,0.E0));
#1965=VECTOR('',#1964,1.E0);
#1966=CARTESIAN_POINT('',(1.45E0,2.E-1,1.25E-1));
#1967=LINE('',#1966,#1965);
#1968=CURVE_STYLE('',#33,POSITIVE_LENGTH_MEASURE(2.E-2),#22);
#1969=PRESENTATION_STYLE_ASSIGNMENT((#1968));
#1970=STYLED_ITEM('',(#1969),#1967);
#1971=DIRECTION('',(0.E0,0.E0,-1.E0));
#1972=VECTOR('',#1971,4.149900000002E-1);
#1973=CARTESIAN_POINT('',(1.45E0,2.E-1,5.399900000002E-1));
#1974=LINE('',#1973,#1972);
#1975=CURVE_STYLE('',#33,POSITIVE_LENGTH_MEASURE(2.E-2),#22);
#1976=PRESENTATION_STYLE_ASSIGNMENT((#1975));
#1977=STYLED_ITEM('',(#1976),#1974);
#1978=DIRECTION('',(-1.E0,0.E0,0.E0));
#1979=VECTOR('',#1978,1.999999999999E-1);
#1980=CARTESIAN_POINT('',(1.65E0,2.E-1,5.399900000002E-1));
#1981=LINE('',#1980,#1979);
#1982=CURVE_STYLE('',#33,POSITIVE_LENGTH_MEASURE(2.E-2),#22);
#1983=PRESENTATION_STYLE_ASSIGNMENT((#1982));
#1984=STYLED_ITEM('',(#1983),#1981);
#1985=DIRECTION('',(0.E0,0.E0,-1.E0));
#1986=VECTOR('',#1985,2.5E-1);
#1987=CARTESIAN_POINT('',(1.65E0,2.E-1,7.899900000002E-1));
#1988=LINE('',#1987,#1986);
#1989=CURVE_STYLE('',#33,POSITIVE_LENGTH_MEASURE(2.E-2),#22);
#1990=PRESENTATION_STYLE_ASSIGNMENT((#1989));
#1991=STYLED_ITEM('',(#1990),#1988);
#1992=DIRECTION('',(1.E0,0.E0,0.E0));
#1993=VECTOR('',#1992,1.999999999999E-1);
#1994=CARTESIAN_POINT('',(1.45E0,2.E-1,7.899900000002E-1));
#1995=LINE('',#1994,#1993);
#1996=CURVE_STYLE('',#33,POSITIVE_LENGTH_MEASURE(2.E-2),#22);
#1997=PRESENTATION_STYLE_ASSIGNMENT((#1996));
#1998=STYLED_ITEM('',(#1997),#1995);
#1999=DIRECTION('',(0.E0,0.E0,-1.E0));
#2000=VECTOR('',#1999,2.5E-1);
#2001=CARTESIAN_POINT('',(1.45E0,2.E-1,1.03999E0));
#2002=LINE('',#2001,#2000);
#2003=CURVE_STYLE('',#33,POSITIVE_LENGTH_MEASURE(2.E-2),#22);
#2004=PRESENTATION_STYLE_ASSIGNMENT((#2003));
#2005=STYLED_ITEM('',(#2004),#2002);
#2006=DIRECTION('',(-1.E0,0.E0,0.E0));
#2007=VECTOR('',#2006,1.999999999999E-1);
#2008=CARTESIAN_POINT('',(1.65E0,2.E-1,1.03999E0));
#2009=LINE('',#2008,#2007);
#2010=CURVE_STYLE('',#33,POSITIVE_LENGTH_MEASURE(2.E-2),#22);
#2011=PRESENTATION_STYLE_ASSIGNMENT((#2010));
#2012=STYLED_ITEM('',(#2011),#2009);
#2013=DIRECTION('',(0.E0,0.E0,-1.E0));
#2014=VECTOR('',#2013,2.5E-1);
#2015=CARTESIAN_POINT('',(1.65E0,2.E-1,1.28999E0));
#2016=LINE('',#2015,#2014);
#2017=CURVE_STYLE('',#33,POSITIVE_LENGTH_MEASURE(2.E-2),#22);
#2018=PRESENTATION_STYLE_ASSIGNMENT((#2017));
#2019=STYLED_ITEM('',(#2018),#2016);
#2020=DIRECTION('',(1.E0,0.E0,0.E0));
#2021=VECTOR('',#2020,1.999999999999E-1);
#2022=CARTESIAN_POINT('',(1.45E0,2.E-1,1.28999E0));
#2023=LINE('',#2022,#2021);
#2024=CURVE_STYLE('',#33,POSITIVE_LENGTH_MEASURE(2.E-2),#22);
#2025=PRESENTATION_STYLE_ASSIGNMENT((#2024));
#2026=STYLED_ITEM('',(#2025),#2023);
#2027=DIRECTION('',(0.E0,0.E0,-1.E0));
#2028=VECTOR('',#2027,2.5E-1);
#2029=CARTESIAN_POINT('',(1.45E0,2.E-1,1.53999E0));
#2030=LINE('',#2029,#2028);
#2031=CURVE_STYLE('',#33,POSITIVE_LENGTH_MEASURE(2.E-2),#22);
#2032=PRESENTATION_STYLE_ASSIGNMENT((#2031));
#2033=STYLED_ITEM('',(#2032),#2030);
#2034=DIRECTION('',(-1.E0,0.E0,0.E0));
#2035=VECTOR('',#2034,1.999999999999E-1);
#2036=CARTESIAN_POINT('',(1.65E0,2.E-1,1.53999E0));
#2037=LINE('',#2036,#2035);
#2038=CURVE_STYLE('',#33,POSITIVE_LENGTH_MEASURE(2.E-2),#22);
#2039=PRESENTATION_STYLE_ASSIGNMENT((#2038));
#2040=STYLED_ITEM('',(#2039),#2037);
#2041=DIRECTION('',(0.E0,0.E0,-1.E0));
#2042=VECTOR('',#2041,2.5E-1);
#2043=CARTESIAN_POINT('',(1.65E0,2.E-1,1.78999E0));
#2044=LINE('',#2043,#2042);
#2045=CURVE_STYLE('',#33,POSITIVE_LENGTH_MEASURE(2.E-2),#22);
#2046=PRESENTATION_STYLE_ASSIGNMENT((#2045));
#2047=STYLED_ITEM('',(#2046),#2044);
#2048=DIRECTION('',(1.E0,0.E0,0.E0));
#2049=VECTOR('',#2048,1.999999999999E-1);
#2050=CARTESIAN_POINT('',(1.45E0,2.E-1,1.78999E0));
#2051=LINE('',#2050,#2049);
#2052=CURVE_STYLE('',#33,POSITIVE_LENGTH_MEASURE(2.E-2),#22);
#2053=PRESENTATION_STYLE_ASSIGNMENT((#2052));
#2054=STYLED_ITEM('',(#2053),#2051);
#2055=DIRECTION('',(0.E0,0.E0,-1.E0));
#2056=VECTOR('',#2055,2.600099999998E-1);
#2057=CARTESIAN_POINT('',(1.45E0,2.E-1,2.05E0));
#2058=LINE('',#2057,#2056);
#2059=CURVE_STYLE('',#33,POSITIVE_LENGTH_MEASURE(2.E-2),#22);
#2060=PRESENTATION_STYLE_ASSIGNMENT((#2059));
#2061=STYLED_ITEM('',(#2060),#2058);
#2062=DIRECTION('',(0.E0,-1.E0,0.E0));
#2063=VECTOR('',#2062,1.E-1);
#2064=CARTESIAN_POINT('',(4.65E-1,2.E-1,2.25E0));
#2065=LINE('',#2064,#2063);
#2066=CURVE_STYLE('',#33,POSITIVE_LENGTH_MEASURE(2.E-2),#22);
#2067=PRESENTATION_STYLE_ASSIGNMENT((#2066));
#2068=STYLED_ITEM('',(#2067),#2065);
#2069=DIRECTION('',(0.E0,-1.E0,0.E0));
#2070=VECTOR('',#2069,1.E-1);
#2071=CARTESIAN_POINT('',(2.6E-1,2.E-1,2.25E0));
#2072=LINE('',#2071,#2070);
#2073=CURVE_STYLE('',#33,POSITIVE_LENGTH_MEASURE(2.E-2),#22);
#2074=PRESENTATION_STYLE_ASSIGNMENT((#2073));
#2075=STYLED_ITEM('',(#2074),#2072);
#2076=DIRECTION('',(0.E0,-1.E0,0.E0));
#2077=VECTOR('',#2076,1.E-1);
#2078=CARTESIAN_POINT('',(2.6E-1,2.E-1,2.05E0));
#2079=LINE('',#2078,#2077);
#2080=CURVE_STYLE('',#33,POSITIVE_LENGTH_MEASURE(2.E-2),#22);
#2081=PRESENTATION_STYLE_ASSIGNMENT((#2080));
#2082=STYLED_ITEM('',(#2081),#2079);
#2083=DIRECTION('',(0.E0,1.E0,0.E0));
#2084=VECTOR('',#2083,2.E-1);
#2085=CARTESIAN_POINT('',(1.65E0,0.E0,7.899900000002E-1));
#2086=LINE('',#2085,#2084);
#2087=CURVE_STYLE('',#33,POSITIVE_LENGTH_MEASURE(2.E-2),#22);
#2088=PRESENTATION_STYLE_ASSIGNMENT((#2087));
#2089=STYLED_ITEM('',(#2088),#2086);
#2090=DIRECTION('',(0.E0,1.E0,0.E0));
#2091=VECTOR('',#2090,2.E-1);
#2092=CARTESIAN_POINT('',(1.45E0,0.E0,7.899900000002E-1));
#2093=LINE('',#2092,#2091);
#2094=CURVE_STYLE('',#33,POSITIVE_LENGTH_MEASURE(2.E-2),#22);
#2095=PRESENTATION_STYLE_ASSIGNMENT((#2094));
#2096=STYLED_ITEM('',(#2095),#2093);
#2097=DIRECTION('',(0.E0,1.E0,0.E0));
#2098=VECTOR('',#2097,2.E-1);
#2099=CARTESIAN_POINT('',(1.45E0,0.E0,1.03999E0));
#2100=LINE('',#2099,#2098);
#2101=CURVE_STYLE('',#33,POSITIVE_LENGTH_MEASURE(2.E-2),#22);
#2102=PRESENTATION_STYLE_ASSIGNMENT((#2101));
#2103=STYLED_ITEM('',(#2102),#2100);
#2104=DIRECTION('',(0.E0,1.E0,0.E0));
#2105=VECTOR('',#2104,2.E-1);
#2106=CARTESIAN_POINT('',(1.65E0,0.E0,1.03999E0));
#2107=LINE('',#2106,#2105);
#2108=CURVE_STYLE('',#33,POSITIVE_LENGTH_MEASURE(2.E-2),#22);
#2109=PRESENTATION_STYLE_ASSIGNMENT((#2108));
#2110=STYLED_ITEM('',(#2109),#2107);
#2111=DIRECTION('',(0.E0,1.E0,0.E0));
#2112=VECTOR('',#2111,2.E-1);
#2113=CARTESIAN_POINT('',(1.65E0,0.E0,1.28999E0));
#2114=LINE('',#2113,#2112);
#2115=CURVE_STYLE('',#33,POSITIVE_LENGTH_MEASURE(2.E-2),#22);
#2116=PRESENTATION_STYLE_ASSIGNMENT((#2115));
#2117=STYLED_ITEM('',(#2116),#2114);
#2118=DIRECTION('',(0.E0,1.E0,0.E0));
#2119=VECTOR('',#2118,2.E-1);
#2120=CARTESIAN_POINT('',(1.45E0,0.E0,1.28999E0));
#2121=LINE('',#2120,#2119);
#2122=CURVE_STYLE('',#33,POSITIVE_LENGTH_MEASURE(2.E-2),#22);
#2123=PRESENTATION_STYLE_ASSIGNMENT((#2122));
#2124=STYLED_ITEM('',(#2123),#2121);
#2125=DIRECTION('',(0.E0,1.E0,0.E0));
#2126=VECTOR('',#2125,2.E-1);
#2127=CARTESIAN_POINT('',(1.45E0,0.E0,1.53999E0));
#2128=LINE('',#2127,#2126);
#2129=CURVE_STYLE('',#33,POSITIVE_LENGTH_MEASURE(2.E-2),#22);
#2130=PRESENTATION_STYLE_ASSIGNMENT((#2129));
#2131=STYLED_ITEM('',(#2130),#2128);
#2132=DIRECTION('',(0.E0,1.E0,0.E0));
#2133=VECTOR('',#2132,2.E-1);
#2134=CARTESIAN_POINT('',(1.65E0,0.E0,1.53999E0));
#2135=LINE('',#2134,#2133);
#2136=CURVE_STYLE('',#33,POSITIVE_LENGTH_MEASURE(2.E-2),#22);
#2137=PRESENTATION_STYLE_ASSIGNMENT((#2136));
#2138=STYLED_ITEM('',(#2137),#2135);
#2139=DIRECTION('',(0.E0,1.E0,0.E0));
#2140=VECTOR('',#2139,2.E-1);
#2141=CARTESIAN_POINT('',(1.65E0,0.E0,1.78999E0));
#2142=LINE('',#2141,#2140);
#2143=CURVE_STYLE('',#33,POSITIVE_LENGTH_MEASURE(2.E-2),#22);
#2144=PRESENTATION_STYLE_ASSIGNMENT((#2143));
#2145=STYLED_ITEM('',(#2144),#2142);
#2146=DIRECTION('',(0.E0,1.E0,0.E0));
#2147=VECTOR('',#2146,2.E-1);
#2148=CARTESIAN_POINT('',(1.45E0,0.E0,1.78999E0));
#2149=LINE('',#2148,#2147);
#2150=CURVE_STYLE('',#33,POSITIVE_LENGTH_MEASURE(2.E-2),#22);
#2151=PRESENTATION_STYLE_ASSIGNMENT((#2150));
#2152=STYLED_ITEM('',(#2151),#2149);
#2153=DIRECTION('',(0.E0,1.E0,0.E0));
#2154=VECTOR('',#2153,2.E-1);
#2155=CARTESIAN_POINT('',(1.45E0,0.E0,2.05E0));
#2156=LINE('',#2155,#2154);
#2157=CURVE_STYLE('',#33,POSITIVE_LENGTH_MEASURE(2.E-2),#22);
#2158=PRESENTATION_STYLE_ASSIGNMENT((#2157));
#2159=STYLED_ITEM('',(#2158),#2156);
#2160=CARTESIAN_POINT('',(4.5E-1,0.E0,2.05E0));
#2161=CARTESIAN_POINT('',(1.45E0,0.E0,2.05E0));
#2162=VERTEX_POINT('',#2160);
#2163=VERTEX_POINT('',#2161);
#2164=CARTESIAN_POINT('',(1.45E0,0.E0,1.78999E0));
#2165=VERTEX_POINT('',#2164);
#2166=CARTESIAN_POINT('',(1.65E0,0.E0,1.78999E0));
#2167=VERTEX_POINT('',#2166);
#2168=CARTESIAN_POINT('',(1.65E0,0.E0,1.53999E0));
#2169=VERTEX_POINT('',#2168);
#2170=CARTESIAN_POINT('',(1.45E0,0.E0,1.53999E0));
#2171=VERTEX_POINT('',#2170);
#2172=CARTESIAN_POINT('',(1.45E0,0.E0,1.28999E0));
#2173=VERTEX_POINT('',#2172);
#2174=CARTESIAN_POINT('',(1.65E0,0.E0,1.28999E0));
#2175=VERTEX_POINT('',#2174);
#2176=CARTESIAN_POINT('',(1.65E0,0.E0,1.03999E0));
#2177=VERTEX_POINT('',#2176);
#2178=CARTESIAN_POINT('',(1.45E0,0.E0,1.03999E0));
#2179=VERTEX_POINT('',#2178);
#2180=CARTESIAN_POINT('',(1.45E0,0.E0,7.899900000002E-1));
#2181=VERTEX_POINT('',#2180);
#2182=CARTESIAN_POINT('',(1.65E0,0.E0,7.899900000002E-1));
#2183=VERTEX_POINT('',#2182);
#2184=CARTESIAN_POINT('',(1.65E0,0.E0,5.399900000002E-1));
#2185=VERTEX_POINT('',#2184);
#2186=CARTESIAN_POINT('',(1.45E0,0.E0,5.399900000002E-1));
#2187=VERTEX_POINT('',#2186);
#2188=CARTESIAN_POINT('',(1.45E0,0.E0,1.25E-1));
#2189=VERTEX_POINT('',#2188);
#2190=CARTESIAN_POINT('',(4.5E-1,0.E0,1.25E-1));
#2191=VERTEX_POINT('',#2190);
#2192=CARTESIAN_POINT('',(1.45E0,2.E-1,2.05E0));
#2193=CARTESIAN_POINT('',(1.45E0,2.E-1,1.78999E0));
#2194=VERTEX_POINT('',#2192);
#2195=VERTEX_POINT('',#2193);
#2196=CARTESIAN_POINT('',(1.65E0,2.E-1,1.78999E0));
#2197=VERTEX_POINT('',#2196);
#2198=CARTESIAN_POINT('',(1.65E0,2.E-1,1.53999E0));
#2199=VERTEX_POINT('',#2198);
#2200=CARTESIAN_POINT('',(1.45E0,2.E-1,1.53999E0));
#2201=VERTEX_POINT('',#2200);
#2202=CARTESIAN_POINT('',(1.45E0,2.E-1,1.28999E0));
#2203=VERTEX_POINT('',#2202);
#2204=CARTESIAN_POINT('',(1.65E0,2.E-1,1.28999E0));
#2205=VERTEX_POINT('',#2204);
#2206=CARTESIAN_POINT('',(1.65E0,2.E-1,1.03999E0));
#2207=VERTEX_POINT('',#2206);
#2208=CARTESIAN_POINT('',(1.45E0,2.E-1,1.03999E0));
#2209=VERTEX_POINT('',#2208);
#2210=CARTESIAN_POINT('',(1.45E0,2.E-1,7.899900000002E-1));
#2211=VERTEX_POINT('',#2210);
#2212=CARTESIAN_POINT('',(1.65E0,2.E-1,7.899900000002E-1));
#2213=VERTEX_POINT('',#2212);
#2214=CARTESIAN_POINT('',(1.65E0,2.E-1,5.399900000002E-1));
#2215=VERTEX_POINT('',#2214);
#2216=CARTESIAN_POINT('',(1.45E0,2.E-1,5.399900000002E-1));
#2217=VERTEX_POINT('',#2216);
#2218=CARTESIAN_POINT('',(1.45E0,2.E-1,1.25E-1));
#2219=VERTEX_POINT('',#2218);
#2220=CARTESIAN_POINT('',(4.5E-1,2.E-1,1.25E-1));
#2221=VERTEX_POINT('',#2220);
#2222=CARTESIAN_POINT('',(2.6E-1,2.E-1,2.05E0));
#2223=CARTESIAN_POINT('',(2.6E-1,2.E-1,2.25E0));
#2224=VERTEX_POINT('',#2222);
#2225=VERTEX_POINT('',#2223);
#2226=CARTESIAN_POINT('',(4.65E-1,2.E-1,2.25E0));
#2227=VERTEX_POINT('',#2226);
#2228=CARTESIAN_POINT('',(2.6E-1,1.E-1,2.05E0));
#2229=CARTESIAN_POINT('',(2.6E-1,1.E-1,2.25E0));
#2230=VERTEX_POINT('',#2228);
#2231=VERTEX_POINT('',#2229);
#2232=CARTESIAN_POINT('',(4.65E-1,1.E-1,2.25E0));
#2233=VERTEX_POINT('',#2232);
#2234=CARTESIAN_POINT('',(4.5E-1,1.E-1,2.05E0));
#2235=CARTESIAN_POINT('',(4.65E-1,1.E-1,2.05E0));
#2236=VERTEX_POINT('',#2234);
#2237=VERTEX_POINT('',#2235);
#2238=CARTESIAN_POINT('',(4.65E-1,2.E-1,2.05E0));
#2239=VERTEX_POINT('',#2238);
#2240=CARTESIAN_POINT('',(4.5E-1,2.E-1,2.05E0));
#2241=VERTEX_POINT('',#2240);
#2242=CARTESIAN_POINT('',(1.65E0,0.E0,5.399900000002E-1));
#2243=DIRECTION('',(0.E0,0.E0,-1.E0));
#2244=DIRECTION('',(-1.E0,0.E0,0.E0));
#2245=AXIS2_PLACEMENT_3D('',#2242,#2243,#2244);
#2246=PLANE('',#2245);
#2248=ORIENTED_EDGE('',*,*,#2247,.F.);
#2250=ORIENTED_EDGE('',*,*,#2249,.T.);
#2252=ORIENTED_EDGE('',*,*,#2251,.T.);
#2254=ORIENTED_EDGE('',*,*,#2253,.F.);
#2255=EDGE_LOOP('',(#2248,#2250,#2252,#2254));
#2256=FACE_OUTER_BOUND('',#2255,.F.);
#2257=ADVANCED_FACE('',(#2256),#2246,.T.);
#2258=CARTESIAN_POINT('',(0.E0,0.E0,0.E0));
#2259=DIRECTION('',(0.E0,1.E0,0.E0));
#2260=DIRECTION('',(1.E0,0.E0,0.E0));
#2261=AXIS2_PLACEMENT_3D('',#2258,#2259,#2260);
#2262=PLANE('',#2261);
#2264=ORIENTED_EDGE('',*,*,#2263,.T.);
#2266=ORIENTED_EDGE('',*,*,#2265,.T.);
#2268=ORIENTED_EDGE('',*,*,#2267,.T.);
#2270=ORIENTED_EDGE('',*,*,#2269,.T.);
#2272=ORIENTED_EDGE('',*,*,#2271,.T.);
#2274=ORIENTED_EDGE('',*,*,#2273,.T.);
#2276=ORIENTED_EDGE('',*,*,#2275,.T.);
#2278=ORIENTED_EDGE('',*,*,#2277,.T.);
#2280=ORIENTED_EDGE('',*,*,#2279,.T.);
#2282=ORIENTED_EDGE('',*,*,#2281,.T.);
#2284=ORIENTED_EDGE('',*,*,#2283,.T.);
#2286=ORIENTED_EDGE('',*,*,#2285,.T.);
#2287=ORIENTED_EDGE('',*,*,#2247,.T.);
#2289=ORIENTED_EDGE('',*,*,#2288,.T.);
#2291=ORIENTED_EDGE('',*,*,#2290,.T.);
#2293=ORIENTED_EDGE('',*,*,#2292,.T.);
#2294=EDGE_LOOP('',(#2264,#2266,#2268,#2270,#2272,#2274,#2276,#2278,#2280,#2282,
#2284,#2286,#2287,#2289,#2291,#2293));
#2295=FACE_OUTER_BOUND('',#2294,.F.);
#2296=ADVANCED_FACE('',(#2295),#2262,.F.);
#2297=CARTESIAN_POINT('',(4.5E-1,0.E0,2.05E0));
#2298=DIRECTION('',(0.E0,0.E0,1.E0));
#2299=DIRECTION('',(1.E0,0.E0,0.E0));
#2300=AXIS2_PLACEMENT_3D('',#2297,#2298,#2299);
#2301=PLANE('',#2300);
#2303=ORIENTED_EDGE('',*,*,#2302,.T.);
#2305=ORIENTED_EDGE('',*,*,#2304,.F.);
#2307=ORIENTED_EDGE('',*,*,#2306,.T.);
#2309=ORIENTED_EDGE('',*,*,#2308,.F.);
#2310=ORIENTED_EDGE('',*,*,#2263,.F.);
#2312=ORIENTED_EDGE('',*,*,#2311,.T.);
#2313=EDGE_LOOP('',(#2303,#2305,#2307,#2309,#2310,#2312));
#2314=FACE_OUTER_BOUND('',#2313,.F.);
#2315=ADVANCED_FACE('',(#2314),#2301,.T.);
#2316=CARTESIAN_POINT('',(0.E0,1.E-1,0.E0));
#2317=DIRECTION('',(0.E0,1.E0,0.E0));
#2318=DIRECTION('',(1.E0,0.E0,0.E0));
#2319=AXIS2_PLACEMENT_3D('',#2316,#2317,#2318);
#2320=PLANE('',#2319);
#2322=ORIENTED_EDGE('',*,*,#2321,.T.);
#2324=ORIENTED_EDGE('',*,*,#2323,.T.);
#2326=ORIENTED_EDGE('',*,*,#2325,.T.);
#2328=ORIENTED_EDGE('',*,*,#2327,.T.);
#2329=ORIENTED_EDGE('',*,*,#2302,.F.);
#2330=EDGE_LOOP('',(#2322,#2324,#2326,#2328,#2329));
#2331=FACE_OUTER_BOUND('',#2330,.F.);
#2332=ADVANCED_FACE('',(#2331),#2320,.F.);
#2333=CARTESIAN_POINT('',(4.65E-1,2.E-1,2.05E0));
#2334=DIRECTION('',(0.E0,0.E0,-1.E0));
#2335=DIRECTION('',(-1.E0,0.E0,0.E0));
#2336=AXIS2_PLACEMENT_3D('',#2333,#2334,#2335);
#2337=PLANE('',#2336);
#2339=ORIENTED_EDGE('',*,*,#2338,.F.);
#2341=ORIENTED_EDGE('',*,*,#2340,.T.);
#2343=ORIENTED_EDGE('',*,*,#2342,.T.);
#2344=ORIENTED_EDGE('',*,*,#2321,.F.);
#2345=EDGE_LOOP('',(#2339,#2341,#2343,#2344));
#2346=FACE_OUTER_BOUND('',#2345,.F.);
#2347=ADVANCED_FACE('',(#2346),#2337,.T.);
#2348=CARTESIAN_POINT('',(4.5E-1,0.E0,1.25E-1));
#2349=DIRECTION('',(-1.E0,0.E0,0.E0));
#2350=DIRECTION('',(0.E0,0.E0,1.E0));
#2351=AXIS2_PLACEMENT_3D('',#2348,#2349,#2350);
#2352=PLANE('',#2351);
#2353=ORIENTED_EDGE('',*,*,#2338,.T.);
#2354=ORIENTED_EDGE('',*,*,#2311,.F.);
#2355=ORIENTED_EDGE('',*,*,#2292,.F.);
#2357=ORIENTED_EDGE('',*,*,#2356,.T.);
#2359=ORIENTED_EDGE('',*,*,#2358,.T.);
#2360=EDGE_LOOP('',(#2353,#2354,#2355,#2357,#2359));
#2361=FACE_OUTER_BOUND('',#2360,.F.);
#2362=ADVANCED_FACE('',(#2361),#2352,.T.);
#2363=CARTESIAN_POINT('',(1.45E0,0.E0,1.25E-1));
#2364=DIRECTION('',(0.E0,0.E0,-1.E0));
#2365=DIRECTION('',(-1.E0,0.E0,0.E0));
#2366=AXIS2_PLACEMENT_3D('',#2363,#2364,#2365);
#2367=PLANE('',#2366);
#2368=ORIENTED_EDGE('',*,*,#2290,.F.);
#2370=ORIENTED_EDGE('',*,*,#2369,.T.);
#2372=ORIENTED_EDGE('',*,*,#2371,.T.);
#2373=ORIENTED_EDGE('',*,*,#2356,.F.);
#2374=EDGE_LOOP('',(#2368,#2370,#2372,#2373));
#2375=FACE_OUTER_BOUND('',#2374,.F.);
#2376=ADVANCED_FACE('',(#2375),#2367,.T.);
#2377=CARTESIAN_POINT('',(1.45E0,0.E0,5.399900000002E-1));
#2378=DIRECTION('',(1.E0,0.E0,0.E0));
#2379=DIRECTION('',(0.E0,0.E0,-1.E0));
#2380=AXIS2_PLACEMENT_3D('',#2377,#2378,#2379);
#2381=PLANE('',#2380);
#2382=ORIENTED_EDGE('',*,*,#2288,.F.);
#2383=ORIENTED_EDGE('',*,*,#2253,.T.);
#2385=ORIENTED_EDGE('',*,*,#2384,.T.);
#2386=ORIENTED_EDGE('',*,*,#2369,.F.);
#2387=EDGE_LOOP('',(#2382,#2383,#2385,#2386));
#2388=FACE_OUTER_BOUND('',#2387,.F.);
#2389=ADVANCED_FACE('',(#2388),#2381,.T.);
#2390=CARTESIAN_POINT('',(0.E0,2.E-1,0.E0));
#2391=DIRECTION('',(0.E0,1.E0,0.E0));
#2392=DIRECTION('',(1.E0,0.E0,0.E0));
#2393=AXIS2_PLACEMENT_3D('',#2390,#2391,#2392);
#2394=PLANE('',#2393);
#2395=ORIENTED_EDGE('',*,*,#2306,.F.);
#2397=ORIENTED_EDGE('',*,*,#2396,.F.);
#2399=ORIENTED_EDGE('',*,*,#2398,.F.);
#2401=ORIENTED_EDGE('',*,*,#2400,.F.);
#2402=ORIENTED_EDGE('',*,*,#2340,.F.);
#2403=ORIENTED_EDGE('',*,*,#2358,.F.);
#2404=ORIENTED_EDGE('',*,*,#2371,.F.);
#2405=ORIENTED_EDGE('',*,*,#2384,.F.);
#2406=ORIENTED_EDGE('',*,*,#2251,.F.);
#2408=ORIENTED_EDGE('',*,*,#2407,.F.);
#2410=ORIENTED_EDGE('',*,*,#2409,.F.);
#2412=ORIENTED_EDGE('',*,*,#2411,.F.);
#2414=ORIENTED_EDGE('',*,*,#2413,.F.);
#2416=ORIENTED_EDGE('',*,*,#2415,.F.);
#2418=ORIENTED_EDGE('',*,*,#2417,.F.);
#2420=ORIENTED_EDGE('',*,*,#2419,.F.);
#2422=ORIENTED_EDGE('',*,*,#2421,.F.);
#2424=ORIENTED_EDGE('',*,*,#2423,.F.);
#2426=ORIENTED_EDGE('',*,*,#2425,.F.);
#2428=ORIENTED_EDGE('',*,*,#2427,.F.);
#2429=EDGE_LOOP('',(#2395,#2397,#2399,#2401,#2402,#2403,#2404,#2405,#2406,#2408,
#2410,#2412,#2414,#2416,#2418,#2420,#2422,#2424,#2426,#2428));
#2430=FACE_OUTER_BOUND('',#2429,.F.);
#2431=ADVANCED_FACE('',(#2430),#2394,.T.);
#2432=CARTESIAN_POINT('',(4.65E-1,2.E-1,2.25E0));
#2433=DIRECTION('',(1.E0,0.E0,0.E0));
#2434=DIRECTION('',(0.E0,0.E0,-1.E0));
#2435=AXIS2_PLACEMENT_3D('',#2432,#2433,#2434);
#2436=PLANE('',#2435);
#2437=ORIENTED_EDGE('',*,*,#2304,.T.);
#2438=ORIENTED_EDGE('',*,*,#2327,.F.);
#2440=ORIENTED_EDGE('',*,*,#2439,.F.);
#2441=ORIENTED_EDGE('',*,*,#2396,.T.);
#2442=EDGE_LOOP('',(#2437,#2438,#2440,#2441));
#2443=FACE_OUTER_BOUND('',#2442,.F.);
#2444=ADVANCED_FACE('',(#2443),#2436,.T.);
#2445=CARTESIAN_POINT('',(2.6E-1,2.E-1,2.25E0));
#2446=DIRECTION('',(0.E0,0.E0,1.E0));
#2447=DIRECTION('',(1.E0,0.E0,0.E0));
#2448=AXIS2_PLACEMENT_3D('',#2445,#2446,#2447);
#2449=PLANE('',#2448);
#2450=ORIENTED_EDGE('',*,*,#2398,.T.);
#2451=ORIENTED_EDGE('',*,*,#2439,.T.);
#2452=ORIENTED_EDGE('',*,*,#2325,.F.);
#2454=ORIENTED_EDGE('',*,*,#2453,.F.);
#2455=EDGE_LOOP('',(#2450,#2451,#2452,#2454));
#2456=FACE_OUTER_BOUND('',#2455,.F.);
#2457=ADVANCED_FACE('',(#2456),#2449,.T.);
#2458=FILL_AREA_STYLE_COLOUR('',#20);
#2459=FILL_AREA_STYLE('',(#2458));
#2460=SURFACE_STYLE_FILL_AREA(#2459);
#2461=SURFACE_SIDE_STYLE('',(#2460));
#2462=SURFACE_STYLE_USAGE(.POSITIVE.,#2461);
#2463=PRESENTATION_STYLE_ASSIGNMENT((#2462));
#2464=OVER_RIDING_STYLED_ITEM('',(#2463),#2457,#1725);
#2465=CARTESIAN_POINT('',(2.6E-1,2.E-1,2.05E0));
#2466=DIRECTION('',(-1.E0,0.E0,0.E0));
#2467=DIRECTION('',(0.E0,0.E0,1.E0));
#2468=AXIS2_PLACEMENT_3D('',#2465,#2466,#2467);
#2469=PLANE('',#2468);
#2470=ORIENTED_EDGE('',*,*,#2400,.T.);
#2471=ORIENTED_EDGE('',*,*,#2453,.T.);
#2472=ORIENTED_EDGE('',*,*,#2323,.F.);
#2473=ORIENTED_EDGE('',*,*,#2342,.F.);
#2474=EDGE_LOOP('',(#2470,#2471,#2472,#2473));
#2475=FACE_OUTER_BOUND('',#2474,.F.);
#2476=ADVANCED_FACE('',(#2475),#2469,.T.);
#2477=CARTESIAN_POINT('',(1.65E0,0.E0,7.899900000002E-1));
#2478=DIRECTION('',(1.E0,0.E0,0.E0));
#2479=DIRECTION('',(0.E0,0.E0,-1.E0));
#2480=AXIS2_PLACEMENT_3D('',#2477,#2478,#2479);
#2481=PLANE('',#2480);
#2482=ORIENTED_EDGE('',*,*,#2285,.F.);
#2484=ORIENTED_EDGE('',*,*,#2483,.T.);
#2485=ORIENTED_EDGE('',*,*,#2407,.T.);
#2486=ORIENTED_EDGE('',*,*,#2249,.F.);
#2487=EDGE_LOOP('',(#2482,#2484,#2485,#2486));
#2488=FACE_OUTER_BOUND('',#2487,.F.);
#2489=ADVANCED_FACE('',(#2488),#2481,.T.);
#2490=FILL_AREA_STYLE_COLOUR('',#20);
#2491=FILL_AREA_STYLE('',(#2490));
#2492=SURFACE_STYLE_FILL_AREA(#2491);
#2493=SURFACE_SIDE_STYLE('',(#2492));
#2494=SURFACE_STYLE_USAGE(.POSITIVE.,#2493);
#2495=PRESENTATION_STYLE_ASSIGNMENT((#2494));
#2496=OVER_RIDING_STYLED_ITEM('',(#2495),#2489,#1725);
#2497=CARTESIAN_POINT('',(1.45E0,0.E0,7.899900000002E-1));
#2498=DIRECTION('',(0.E0,0.E0,1.E0));
#2499=DIRECTION('',(1.E0,0.E0,0.E0));
#2500=AXIS2_PLACEMENT_3D('',#2497,#2498,#2499);
#2501=PLANE('',#2500);
#2502=ORIENTED_EDGE('',*,*,#2283,.F.);
#2504=ORIENTED_EDGE('',*,*,#2503,.T.);
#2505=ORIENTED_EDGE('',*,*,#2409,.T.);
#2506=ORIENTED_EDGE('',*,*,#2483,.F.);
#2507=EDGE_LOOP('',(#2502,#2504,#2505,#2506));
#2508=FACE_OUTER_BOUND('',#2507,.F.);
#2509=ADVANCED_FACE('',(#2508),#2501,.T.);
#2510=CARTESIAN_POINT('',(1.45E0,0.E0,1.03999E0));
#2511=DIRECTION('',(1.E0,0.E0,0.E0));
#2512=DIRECTION('',(0.E0,0.E0,-1.E0));
#2513=AXIS2_PLACEMENT_3D('',#2510,#2511,#2512);
#2514=PLANE('',#2513);
#2515=ORIENTED_EDGE('',*,*,#2281,.F.);
#2517=ORIENTED_EDGE('',*,*,#2516,.T.);
#2518=ORIENTED_EDGE('',*,*,#2411,.T.);
#2519=ORIENTED_EDGE('',*,*,#2503,.F.);
#2520=EDGE_LOOP('',(#2515,#2517,#2518,#2519));
#2521=FACE_OUTER_BOUND('',#2520,.F.);
#2522=ADVANCED_FACE('',(#2521),#2514,.T.);
#2523=CARTESIAN_POINT('',(1.65E0,0.E0,1.03999E0));
#2524=DIRECTION('',(0.E0,0.E0,-1.E0));
#2525=DIRECTION('',(-1.E0,0.E0,0.E0));
#2526=AXIS2_PLACEMENT_3D('',#2523,#2524,#2525);
#2527=PLANE('',#2526);
#2528=ORIENTED_EDGE('',*,*,#2279,.F.);
#2530=ORIENTED_EDGE('',*,*,#2529,.T.);
#2531=ORIENTED_EDGE('',*,*,#2413,.T.);
#2532=ORIENTED_EDGE('',*,*,#2516,.F.);
#2533=EDGE_LOOP('',(#2528,#2530,#2531,#2532));
#2534=FACE_OUTER_BOUND('',#2533,.F.);
#2535=ADVANCED_FACE('',(#2534),#2527,.T.);
#2536=CARTESIAN_POINT('',(1.65E0,0.E0,1.28999E0));
#2537=DIRECTION('',(1.E0,0.E0,0.E0));
#2538=DIRECTION('',(0.E0,0.E0,-1.E0));
#2539=AXIS2_PLACEMENT_3D('',#2536,#2537,#2538);
#2540=PLANE('',#2539);
#2541=ORIENTED_EDGE('',*,*,#2277,.F.);
#2543=ORIENTED_EDGE('',*,*,#2542,.T.);
#2544=ORIENTED_EDGE('',*,*,#2415,.T.);
#2545=ORIENTED_EDGE('',*,*,#2529,.F.);
#2546=EDGE_LOOP('',(#2541,#2543,#2544,#2545));
#2547=FACE_OUTER_BOUND('',#2546,.F.);
#2548=ADVANCED_FACE('',(#2547),#2540,.T.);
#2549=FILL_AREA_STYLE_COLOUR('',#20);
#2550=FILL_AREA_STYLE('',(#2549));
#2551=SURFACE_STYLE_FILL_AREA(#2550);
#2552=SURFACE_SIDE_STYLE('',(#2551));
#2553=SURFACE_STYLE_USAGE(.POSITIVE.,#2552);
#2554=PRESENTATION_STYLE_ASSIGNMENT((#2553));
#2555=OVER_RIDING_STYLED_ITEM('',(#2554),#2548,#1725);
#2556=CARTESIAN_POINT('',(1.45E0,0.E0,1.28999E0));
#2557=DIRECTION('',(0.E0,0.E0,1.E0));
#2558=DIRECTION('',(1.E0,0.E0,0.E0));
#2559=AXIS2_PLACEMENT_3D('',#2556,#2557,#2558);
#2560=PLANE('',#2559);
#2561=ORIENTED_EDGE('',*,*,#2275,.F.);
#2563=ORIENTED_EDGE('',*,*,#2562,.T.);
#2564=ORIENTED_EDGE('',*,*,#2417,.T.);
#2565=ORIENTED_EDGE('',*,*,#2542,.F.);
#2566=EDGE_LOOP('',(#2561,#2563,#2564,#2565));
#2567=FACE_OUTER_BOUND('',#2566,.F.);
#2568=ADVANCED_FACE('',(#2567),#2560,.T.);
#2569=CARTESIAN_POINT('',(1.45E0,0.E0,1.53999E0));
#2570=DIRECTION('',(1.E0,0.E0,0.E0));
#2571=DIRECTION('',(0.E0,0.E0,-1.E0));
#2572=AXIS2_PLACEMENT_3D('',#2569,#2570,#2571);
#2573=PLANE('',#2572);
#2574=ORIENTED_EDGE('',*,*,#2273,.F.);
#2576=ORIENTED_EDGE('',*,*,#2575,.T.);
#2577=ORIENTED_EDGE('',*,*,#2419,.T.);
#2578=ORIENTED_EDGE('',*,*,#2562,.F.);
#2579=EDGE_LOOP('',(#2574,#2576,#2577,#2578));
#2580=FACE_OUTER_BOUND('',#2579,.F.);
#2581=ADVANCED_FACE('',(#2580),#2573,.T.);
#2582=CARTESIAN_POINT('',(1.65E0,0.E0,1.53999E0));
#2583=DIRECTION('',(0.E0,0.E0,-1.E0));
#2584=DIRECTION('',(-1.E0,0.E0,0.E0));
#2585=AXIS2_PLACEMENT_3D('',#2582,#2583,#2584);
#2586=PLANE('',#2585);
#2587=ORIENTED_EDGE('',*,*,#2271,.F.);
#2589=ORIENTED_EDGE('',*,*,#2588,.T.);
#2590=ORIENTED_EDGE('',*,*,#2421,.T.);
#2591=ORIENTED_EDGE('',*,*,#2575,.F.);
#2592=EDGE_LOOP('',(#2587,#2589,#2590,#2591));
#2593=FACE_OUTER_BOUND('',#2592,.F.);
#2594=ADVANCED_FACE('',(#2593),#2586,.T.);
#2595=CARTESIAN_POINT('',(1.65E0,0.E0,1.78999E0));
#2596=DIRECTION('',(1.E0,0.E0,0.E0));
#2597=DIRECTION('',(0.E0,0.E0,-1.E0));
#2598=AXIS2_PLACEMENT_3D('',#2595,#2596,#2597);
#2599=PLANE('',#2598);
#2600=ORIENTED_EDGE('',*,*,#2269,.F.);
#2602=ORIENTED_EDGE('',*,*,#2601,.T.);
#2603=ORIENTED_EDGE('',*,*,#2423,.T.);
#2604=ORIENTED_EDGE('',*,*,#2588,.F.);
#2605=EDGE_LOOP('',(#2600,#2602,#2603,#2604));
#2606=FACE_OUTER_BOUND('',#2605,.F.);
#2607=ADVANCED_FACE('',(#2606),#2599,.T.);
#2608=FILL_AREA_STYLE_COLOUR('',#20);
#2609=FILL_AREA_STYLE('',(#2608));
#2610=SURFACE_STYLE_FILL_AREA(#2609);
#2611=SURFACE_SIDE_STYLE('',(#2610));
#2612=SURFACE_STYLE_USAGE(.POSITIVE.,#2611);
#2613=PRESENTATION_STYLE_ASSIGNMENT((#2612));
#2614=OVER_RIDING_STYLED_ITEM('',(#2613),#2607,#1725);
#2615=CARTESIAN_POINT('',(1.45E0,0.E0,1.78999E0));
#2616=DIRECTION('',(0.E0,0.E0,1.E0));
#2617=DIRECTION('',(1.E0,0.E0,0.E0));
#2618=AXIS2_PLACEMENT_3D('',#2615,#2616,#2617);
#2619=PLANE('',#2618);
#2620=ORIENTED_EDGE('',*,*,#2267,.F.);
#2622=ORIENTED_EDGE('',*,*,#2621,.T.);
#2623=ORIENTED_EDGE('',*,*,#2425,.T.);
#2624=ORIENTED_EDGE('',*,*,#2601,.F.);
#2625=EDGE_LOOP('',(#2620,#2622,#2623,#2624));
#2626=FACE_OUTER_BOUND('',#2625,.F.);
#2627=ADVANCED_FACE('',(#2626),#2619,.T.);
#2628=CARTESIAN_POINT('',(1.45E0,0.E0,2.05E0));
#2629=DIRECTION('',(1.E0,0.E0,0.E0));
#2630=DIRECTION('',(0.E0,0.E0,-1.E0));
#2631=AXIS2_PLACEMENT_3D('',#2628,#2629,#2630);
#2632=PLANE('',#2631);
#2633=ORIENTED_EDGE('',*,*,#2265,.F.);
#2634=ORIENTED_EDGE('',*,*,#2308,.T.);
#2635=ORIENTED_EDGE('',*,*,#2427,.T.);
#2636=ORIENTED_EDGE('',*,*,#2621,.F.);
#2637=EDGE_LOOP('',(#2633,#2634,#2635,#2636));
#2638=FACE_OUTER_BOUND('',#2637,.F.);
#2639=ADVANCED_FACE('',(#2638),#2632,.T.);
#2640=CLOSED_SHELL('',(#2257,#2296,#2315,#2332,#2347,#2362,#2376,#2389,#2431,
#2444,#2457,#2476,#2489,#2509,#2522,#2535,#2548,#2568,#2581,#2594,#2607,#2627,
#2639));
#2641=MANIFOLD_SOLID_BREP('',#2640);
#2642=FILL_AREA_STYLE_COLOUR('',#22);
#2643=FILL_AREA_STYLE('',(#2642));
#2644=SURFACE_STYLE_FILL_AREA(#2643);
#2645=SURFACE_SIDE_STYLE('',(#2644));
#2646=SURFACE_STYLE_USAGE(.POSITIVE.,#2645);
#2647=PRESENTATION_STYLE_ASSIGNMENT((#2646));
#1725=STYLED_ITEM('',(#2647),#2641);
#2649=DIRECTION('',(0.E0,1.E0,0.E0));
#2650=VECTOR('',#2649,2.E-1);
#2651=CARTESIAN_POINT('',(6.5E-1,0.E0,-8.500000000001E-1));
#2652=LINE('',#2651,#2650);
#2653=CURVE_STYLE('',#33,POSITIVE_LENGTH_MEASURE(2.E-2),#22);
#2654=PRESENTATION_STYLE_ASSIGNMENT((#2653));
#2655=STYLED_ITEM('',(#2654),#2652);
#2656=DIRECTION('',(0.E0,0.E0,-1.E0));
#2657=VECTOR('',#2656,2.5E-1);
#2658=CARTESIAN_POINT('',(1.65E0,0.E0,-8.500000000001E-1));
#2659=LINE('',#2658,#2657);
#2660=CURVE_STYLE('',#33,POSITIVE_LENGTH_MEASURE(2.E-2),#22);
#2661=PRESENTATION_STYLE_ASSIGNMENT((#2660));
#2662=STYLED_ITEM('',(#2661),#2659);
#2663=DIRECTION('',(-1.E0,0.E0,0.E0));
#2664=VECTOR('',#2663,1.999999999999E-1);
#2665=CARTESIAN_POINT('',(1.65E0,0.E0,-1.1E0));
#2666=LINE('',#2665,#2664);
#2667=CURVE_STYLE('',#33,POSITIVE_LENGTH_MEASURE(2.E-2),#22);
#2668=PRESENTATION_STYLE_ASSIGNMENT((#2667));
#2669=STYLED_ITEM('',(#2668),#2666);
#2670=DIRECTION('',(0.E0,0.E0,-1.E0));
#2671=VECTOR('',#2670,2.5E-1);
#2672=CARTESIAN_POINT('',(1.45E0,0.E0,-1.1E0));
#2673=LINE('',#2672,#2671);
#2674=CURVE_STYLE('',#33,POSITIVE_LENGTH_MEASURE(2.E-2),#22);
#2675=PRESENTATION_STYLE_ASSIGNMENT((#2674));
#2676=STYLED_ITEM('',(#2675),#2673);
#2677=DIRECTION('',(1.E0,0.E0,0.E0));
#2678=VECTOR('',#2677,1.999999999999E-1);
#2679=CARTESIAN_POINT('',(1.45E0,0.E0,-1.35E0));
#2680=LINE('',#2679,#2678);
#2681=CURVE_STYLE('',#33,POSITIVE_LENGTH_MEASURE(2.E-2),#22);
#2682=PRESENTATION_STYLE_ASSIGNMENT((#2681));
#2683=STYLED_ITEM('',(#2682),#2680);
#2684=DIRECTION('',(0.E0,0.E0,-1.E0));
#2685=VECTOR('',#2684,2.5E-1);
#2686=CARTESIAN_POINT('',(1.65E0,0.E0,-1.35E0));
#2687=LINE('',#2686,#2685);
#2688=CURVE_STYLE('',#33,POSITIVE_LENGTH_MEASURE(2.E-2),#22);
#2689=PRESENTATION_STYLE_ASSIGNMENT((#2688));
#2690=STYLED_ITEM('',(#2689),#2687);
#2691=DIRECTION('',(-1.E0,0.E0,0.E0));
#2692=VECTOR('',#2691,1.E0);
#2693=CARTESIAN_POINT('',(1.65E0,0.E0,-1.6E0));
#2694=LINE('',#2693,#2692);
#2695=CURVE_STYLE('',#33,POSITIVE_LENGTH_MEASURE(2.E-2),#22);
#2696=PRESENTATION_STYLE_ASSIGNMENT((#2695));
#2697=STYLED_ITEM('',(#2696),#2694);
#2698=DIRECTION('',(0.E0,0.E0,1.E0));
#2699=VECTOR('',#2698,7.5E-1);
#2700=CARTESIAN_POINT('',(6.5E-1,0.E0,-1.6E0));
#2701=LINE('',#2700,#2699);
#2702=CURVE_STYLE('',#33,POSITIVE_LENGTH_MEASURE(2.E-2),#22);
#2703=PRESENTATION_STYLE_ASSIGNMENT((#2702));
#2704=STYLED_ITEM('',(#2703),#2701);
#2705=DIRECTION('',(1.E0,0.E0,0.E0));
#2706=VECTOR('',#2705,1.E0);
#2707=CARTESIAN_POINT('',(6.5E-1,0.E0,-8.500000000001E-1));
#2708=LINE('',#2707,#2706);
#2709=CURVE_STYLE('',#33,POSITIVE_LENGTH_MEASURE(2.E-2),#22);
#2710=PRESENTATION_STYLE_ASSIGNMENT((#2709));
#2711=STYLED_ITEM('',(#2710),#2708);
#2712=DIRECTION('',(0.E0,1.E0,0.E0));
#2713=VECTOR('',#2712,2.E-1);
#2714=CARTESIAN_POINT('',(1.65E0,0.E0,-8.500000000001E-1));
#2715=LINE('',#2714,#2713);
#2716=CURVE_STYLE('',#33,POSITIVE_LENGTH_MEASURE(2.E-2),#22);
#2717=PRESENTATION_STYLE_ASSIGNMENT((#2716));
#2718=STYLED_ITEM('',(#2717),#2715);
#2719=DIRECTION('',(0.E0,0.E0,-1.E0));
#2720=VECTOR('',#2719,2.5E-1);
#2721=CARTESIAN_POINT('',(1.65E0,2.E-1,-8.500000000001E-1));
#2722=LINE('',#2721,#2720);
#2723=CURVE_STYLE('',#33,POSITIVE_LENGTH_MEASURE(2.E-2),#22);
#2724=PRESENTATION_STYLE_ASSIGNMENT((#2723));
#2725=STYLED_ITEM('',(#2724),#2722);
#2726=DIRECTION('',(1.E0,0.E0,0.E0));
#2727=VECTOR('',#2726,1.E0);
#2728=CARTESIAN_POINT('',(6.5E-1,2.E-1,-8.500000000001E-1));
#2729=LINE('',#2728,#2727);
#2730=CURVE_STYLE('',#33,POSITIVE_LENGTH_MEASURE(2.E-2),#22);
#2731=PRESENTATION_STYLE_ASSIGNMENT((#2730));
#2732=STYLED_ITEM('',(#2731),#2729);
#2733=DIRECTION('',(0.E0,0.E0,1.E0));
#2734=VECTOR('',#2733,7.5E-1);
#2735=CARTESIAN_POINT('',(6.5E-1,2.E-1,-1.6E0));
#2736=LINE('',#2735,#2734);
#2737=CURVE_STYLE('',#33,POSITIVE_LENGTH_MEASURE(2.E-2),#22);
#2738=PRESENTATION_STYLE_ASSIGNMENT((#2737));
#2739=STYLED_ITEM('',(#2738),#2736);
#2740=DIRECTION('',(-1.E0,0.E0,0.E0));
#2741=VECTOR('',#2740,1.E0);
#2742=CARTESIAN_POINT('',(1.65E0,2.E-1,-1.6E0));
#2743=LINE('',#2742,#2741);
#2744=CURVE_STYLE('',#33,POSITIVE_LENGTH_MEASURE(2.E-2),#22);
#2745=PRESENTATION_STYLE_ASSIGNMENT((#2744));
#2746=STYLED_ITEM('',(#2745),#2743);
#2747=DIRECTION('',(0.E0,0.E0,-1.E0));
#2748=VECTOR('',#2747,2.5E-1);
#2749=CARTESIAN_POINT('',(1.65E0,2.E-1,-1.35E0));
#2750=LINE('',#2749,#2748);
#2751=CURVE_STYLE('',#33,POSITIVE_LENGTH_MEASURE(2.E-2),#22);
#2752=PRESENTATION_STYLE_ASSIGNMENT((#2751));
#2753=STYLED_ITEM('',(#2752),#2750);
#2754=DIRECTION('',(1.E0,0.E0,0.E0));
#2755=VECTOR('',#2754,1.999999999999E-1);
#2756=CARTESIAN_POINT('',(1.45E0,2.E-1,-1.35E0));
#2757=LINE('',#2756,#2755);
#2758=CURVE_STYLE('',#33,POSITIVE_LENGTH_MEASURE(2.E-2),#22);
#2759=PRESENTATION_STYLE_ASSIGNMENT((#2758));
#2760=STYLED_ITEM('',(#2759),#2757);
#2761=DIRECTION('',(0.E0,0.E0,-1.E0));
#2762=VECTOR('',#2761,2.5E-1);
#2763=CARTESIAN_POINT('',(1.45E0,2.E-1,-1.1E0));
#2764=LINE('',#2763,#2762);
#2765=CURVE_STYLE('',#33,POSITIVE_LENGTH_MEASURE(2.E-2),#22);
#2766=PRESENTATION_STYLE_ASSIGNMENT((#2765));
#2767=STYLED_ITEM('',(#2766),#2764);
#2768=DIRECTION('',(-1.E0,0.E0,0.E0));
#2769=VECTOR('',#2768,1.999999999999E-1);
#2770=CARTESIAN_POINT('',(1.65E0,2.E-1,-1.1E0));
#2771=LINE('',#2770,#2769);
#2772=CURVE_STYLE('',#33,POSITIVE_LENGTH_MEASURE(2.E-2),#22);
#2773=PRESENTATION_STYLE_ASSIGNMENT((#2772));
#2774=STYLED_ITEM('',(#2773),#2771);
#2775=DIRECTION('',(0.E0,1.E0,0.E0));
#2776=VECTOR('',#2775,2.E-1);
#2777=CARTESIAN_POINT('',(6.5E-1,0.E0,-1.6E0));
#2778=LINE('',#2777,#2776);
#2779=CURVE_STYLE('',#33,POSITIVE_LENGTH_MEASURE(2.E-2),#22);
#2780=PRESENTATION_STYLE_ASSIGNMENT((#2779));
#2781=STYLED_ITEM('',(#2780),#2778);
#2782=DIRECTION('',(0.E0,1.E0,0.E0));
#2783=VECTOR('',#2782,2.E-1);
#2784=CARTESIAN_POINT('',(1.65E0,0.E0,-1.6E0));
#2785=LINE('',#2784,#2783);
#2786=CURVE_STYLE('',#33,POSITIVE_LENGTH_MEASURE(2.E-2),#22);
#2787=PRESENTATION_STYLE_ASSIGNMENT((#2786));
#2788=STYLED_ITEM('',(#2787),#2785);
#2789=DIRECTION('',(0.E0,1.E0,0.E0));
#2790=VECTOR('',#2789,2.E-1);
#2791=CARTESIAN_POINT('',(1.65E0,0.E0,-1.35E0));
#2792=LINE('',#2791,#2790);
#2793=CURVE_STYLE('',#33,POSITIVE_LENGTH_MEASURE(2.E-2),#22);
#2794=PRESENTATION_STYLE_ASSIGNMENT((#2793));
#2795=STYLED_ITEM('',(#2794),#2792);
#2796=DIRECTION('',(0.E0,1.E0,0.E0));
#2797=VECTOR('',#2796,2.E-1);
#2798=CARTESIAN_POINT('',(1.45E0,0.E0,-1.35E0));
#2799=LINE('',#2798,#2797);
#2800=CURVE_STYLE('',#33,POSITIVE_LENGTH_MEASURE(2.E-2),#22);
#2801=PRESENTATION_STYLE_ASSIGNMENT((#2800));
#2802=STYLED_ITEM('',(#2801),#2799);
#2803=DIRECTION('',(0.E0,1.E0,0.E0));
#2804=VECTOR('',#2803,2.E-1);
#2805=CARTESIAN_POINT('',(1.45E0,0.E0,-1.1E0));
#2806=LINE('',#2805,#2804);
#2807=CURVE_STYLE('',#33,POSITIVE_LENGTH_MEASURE(2.E-2),#22);
#2808=PRESENTATION_STYLE_ASSIGNMENT((#2807));
#2809=STYLED_ITEM('',(#2808),#2806);
#2810=DIRECTION('',(0.E0,1.E0,0.E0));
#2811=VECTOR('',#2810,2.E-1);
#2812=CARTESIAN_POINT('',(1.65E0,0.E0,-1.1E0));
#2813=LINE('',#2812,#2811);
#2814=CURVE_STYLE('',#33,POSITIVE_LENGTH_MEASURE(2.E-2),#22);
#2815=PRESENTATION_STYLE_ASSIGNMENT((#2814));
#2816=STYLED_ITEM('',(#2815),#2813);
#2817=CARTESIAN_POINT('',(1.65E0,0.E0,-8.500000000001E-1));
#2818=CARTESIAN_POINT('',(1.65E0,0.E0,-1.1E0));
#2819=VERTEX_POINT('',#2817);
#2820=VERTEX_POINT('',#2818);
#2821=CARTESIAN_POINT('',(1.45E0,0.E0,-1.1E0));
#2822=VERTEX_POINT('',#2821);
#2823=CARTESIAN_POINT('',(1.45E0,0.E0,-1.35E0));
#2824=VERTEX_POINT('',#2823);
#2825=CARTESIAN_POINT('',(1.65E0,0.E0,-1.35E0));
#2826=VERTEX_POINT('',#2825);
#2827=CARTESIAN_POINT('',(1.65E0,0.E0,-1.6E0));
#2828=VERTEX_POINT('',#2827);
#2829=CARTESIAN_POINT('',(6.5E-1,0.E0,-1.6E0));
#2830=VERTEX_POINT('',#2829);
#2831=CARTESIAN_POINT('',(6.5E-1,0.E0,-8.500000000001E-1));
#2832=VERTEX_POINT('',#2831);
#2833=CARTESIAN_POINT('',(1.65E0,2.E-1,-8.500000000001E-1));
#2834=CARTESIAN_POINT('',(1.65E0,2.E-1,-1.1E0));
#2835=VERTEX_POINT('',#2833);
#2836=VERTEX_POINT('',#2834);
#2837=CARTESIAN_POINT('',(1.45E0,2.E-1,-1.1E0));
#2838=VERTEX_POINT('',#2837);
#2839=CARTESIAN_POINT('',(1.45E0,2.E-1,-1.35E0));
#2840=VERTEX_POINT('',#2839);
#2841=CARTESIAN_POINT('',(1.65E0,2.E-1,-1.35E0));
#2842=VERTEX_POINT('',#2841);
#2843=CARTESIAN_POINT('',(1.65E0,2.E-1,-1.6E0));
#2844=VERTEX_POINT('',#2843);
#2845=CARTESIAN_POINT('',(6.5E-1,2.E-1,-1.6E0));
#2846=VERTEX_POINT('',#2845);
#2847=CARTESIAN_POINT('',(6.5E-1,2.E-1,-8.500000000001E-1));
#2848=VERTEX_POINT('',#2847);
#2849=CARTESIAN_POINT('',(6.5E-1,0.E0,-8.500000000001E-1));
#2850=DIRECTION('',(0.E0,0.E0,1.E0));
#2851=DIRECTION('',(1.E0,0.E0,0.E0));
#2852=AXIS2_PLACEMENT_3D('',#2849,#2850,#2851);
#2853=PLANE('',#2852);
#2855=ORIENTED_EDGE('',*,*,#2854,.F.);
#2857=ORIENTED_EDGE('',*,*,#2856,.T.);
#2859=ORIENTED_EDGE('',*,*,#2858,.T.);
#2861=ORIENTED_EDGE('',*,*,#2860,.F.);
#2862=EDGE_LOOP('',(#2855,#2857,#2859,#2861));
#2863=FACE_OUTER_BOUND('',#2862,.F.);
#2864=ADVANCED_FACE('',(#2863),#2853,.T.);
#2865=CARTESIAN_POINT('',(0.E0,0.E0,0.E0));
#2866=DIRECTION('',(0.E0,1.E0,0.E0));
#2867=DIRECTION('',(1.E0,0.E0,0.E0));
#2868=AXIS2_PLACEMENT_3D('',#2865,#2866,#2867);
#2869=PLANE('',#2868);
#2871=ORIENTED_EDGE('',*,*,#2870,.T.);
#2873=ORIENTED_EDGE('',*,*,#2872,.T.);
#2875=ORIENTED_EDGE('',*,*,#2874,.T.);
#2877=ORIENTED_EDGE('',*,*,#2876,.T.);
#2879=ORIENTED_EDGE('',*,*,#2878,.T.);
#2881=ORIENTED_EDGE('',*,*,#2880,.T.);
#2883=ORIENTED_EDGE('',*,*,#2882,.T.);
#2884=ORIENTED_EDGE('',*,*,#2854,.T.);
#2885=EDGE_LOOP('',(#2871,#2873,#2875,#2877,#2879,#2881,#2883,#2884));
#2886=FACE_OUTER_BOUND('',#2885,.F.);
#2887=ADVANCED_FACE('',(#2886),#2869,.F.);
#2888=CARTESIAN_POINT('',(1.65E0,0.E0,-8.500000000001E-1));
#2889=DIRECTION('',(1.E0,0.E0,0.E0));
#2890=DIRECTION('',(0.E0,0.E0,-1.E0));
#2891=AXIS2_PLACEMENT_3D('',#2888,#2889,#2890);
#2892=PLANE('',#2891);
#2893=ORIENTED_EDGE('',*,*,#2870,.F.);
#2894=ORIENTED_EDGE('',*,*,#2860,.T.);
#2896=ORIENTED_EDGE('',*,*,#2895,.T.);
#2898=ORIENTED_EDGE('',*,*,#2897,.F.);
#2899=EDGE_LOOP('',(#2893,#2894,#2896,#2898));
#2900=FACE_OUTER_BOUND('',#2899,.F.);
#2901=ADVANCED_FACE('',(#2900),#2892,.T.);
#2902=FILL_AREA_STYLE_COLOUR('',#20);
#2903=FILL_AREA_STYLE('',(#2902));
#2904=SURFACE_STYLE_FILL_AREA(#2903);
#2905=SURFACE_SIDE_STYLE('',(#2904));
#2906=SURFACE_STYLE_USAGE(.POSITIVE.,#2905);
#2907=PRESENTATION_STYLE_ASSIGNMENT((#2906));
#2908=OVER_RIDING_STYLED_ITEM('',(#2907),#2901,#2648);
#2909=CARTESIAN_POINT('',(0.E0,2.E-1,0.E0));
#2910=DIRECTION('',(0.E0,1.E0,0.E0));
#2911=DIRECTION('',(1.E0,0.E0,0.E0));
#2912=AXIS2_PLACEMENT_3D('',#2909,#2910,#2911);
#2913=PLANE('',#2912);
#2914=ORIENTED_EDGE('',*,*,#2895,.F.);
#2915=ORIENTED_EDGE('',*,*,#2858,.F.);
#2917=ORIENTED_EDGE('',*,*,#2916,.F.);
#2919=ORIENTED_EDGE('',*,*,#2918,.F.);
#2921=ORIENTED_EDGE('',*,*,#2920,.F.);
#2923=ORIENTED_EDGE('',*,*,#2922,.F.);
#2925=ORIENTED_EDGE('',*,*,#2924,.F.);
#2927=ORIENTED_EDGE('',*,*,#2926,.F.);
#2928=EDGE_LOOP('',(#2914,#2915,#2917,#2919,#2921,#2923,#2925,#2927));
#2929=FACE_OUTER_BOUND('',#2928,.F.);
#2930=ADVANCED_FACE('',(#2929),#2913,.T.);
#2931=CARTESIAN_POINT('',(6.5E-1,0.E0,-1.6E0));
#2932=DIRECTION('',(-1.E0,0.E0,0.E0));
#2933=DIRECTION('',(0.E0,0.E0,1.E0));
#2934=AXIS2_PLACEMENT_3D('',#2931,#2932,#2933);
#2935=PLANE('',#2934);
#2936=ORIENTED_EDGE('',*,*,#2882,.F.);
#2938=ORIENTED_EDGE('',*,*,#2937,.T.);
#2939=ORIENTED_EDGE('',*,*,#2916,.T.);
#2940=ORIENTED_EDGE('',*,*,#2856,.F.);
#2941=EDGE_LOOP('',(#2936,#2938,#2939,#2940));
#2942=FACE_OUTER_BOUND('',#2941,.F.);
#2943=ADVANCED_FACE('',(#2942),#2935,.T.);
#2944=CARTESIAN_POINT('',(1.65E0,0.E0,-1.6E0));
#2945=DIRECTION('',(0.E0,0.E0,-1.E0));
#2946=DIRECTION('',(-1.E0,0.E0,0.E0));
#2947=AXIS2_PLACEMENT_3D('',#2944,#2945,#2946);
#2948=PLANE('',#2947);
#2949=ORIENTED_EDGE('',*,*,#2880,.F.);
#2951=ORIENTED_EDGE('',*,*,#2950,.T.);
#2952=ORIENTED_EDGE('',*,*,#2918,.T.);
#2953=ORIENTED_EDGE('',*,*,#2937,.F.);
#2954=EDGE_LOOP('',(#2949,#2951,#2952,#2953));
#2955=FACE_OUTER_BOUND('',#2954,.F.);
#2956=ADVANCED_FACE('',(#2955),#2948,.T.);
#2957=CARTESIAN_POINT('',(1.65E0,0.E0,-1.35E0));
#2958=DIRECTION('',(1.E0,0.E0,0.E0));
#2959=DIRECTION('',(0.E0,0.E0,-1.E0));
#2960=AXIS2_PLACEMENT_3D('',#2957,#2958,#2959);
#2961=PLANE('',#2960);
#2962=ORIENTED_EDGE('',*,*,#2878,.F.);
#2964=ORIENTED_EDGE('',*,*,#2963,.T.);
#2965=ORIENTED_EDGE('',*,*,#2920,.T.);
#2966=ORIENTED_EDGE('',*,*,#2950,.F.);
#2967=EDGE_LOOP('',(#2962,#2964,#2965,#2966));
#2968=FACE_OUTER_BOUND('',#2967,.F.);
#2969=ADVANCED_FACE('',(#2968),#2961,.T.);
#2970=FILL_AREA_STYLE_COLOUR('',#20);
#2971=FILL_AREA_STYLE('',(#2970));
#2972=SURFACE_STYLE_FILL_AREA(#2971);
#2973=SURFACE_SIDE_STYLE('',(#2972));
#2974=SURFACE_STYLE_USAGE(.POSITIVE.,#2973);
#2975=PRESENTATION_STYLE_ASSIGNMENT((#2974));
#2976=OVER_RIDING_STYLED_ITEM('',(#2975),#2969,#2648);
#2977=CARTESIAN_POINT('',(1.45E0,0.E0,-1.35E0));
#2978=DIRECTION('',(0.E0,0.E0,1.E0));
#2979=DIRECTION('',(1.E0,0.E0,0.E0));
#2980=AXIS2_PLACEMENT_3D('',#2977,#2978,#2979);
#2981=PLANE('',#2980);
#2982=ORIENTED_EDGE('',*,*,#2876,.F.);
#2984=ORIENTED_EDGE('',*,*,#2983,.T.);
#2985=ORIENTED_EDGE('',*,*,#2922,.T.);
#2986=ORIENTED_EDGE('',*,*,#2963,.F.);
#2987=EDGE_LOOP('',(#2982,#2984,#2985,#2986));
#2988=FACE_OUTER_BOUND('',#2987,.F.);
#2989=ADVANCED_FACE('',(#2988),#2981,.T.);
#2990=CARTESIAN_POINT('',(1.45E0,0.E0,-1.1E0));
#2991=DIRECTION('',(1.E0,0.E0,0.E0));
#2992=DIRECTION('',(0.E0,0.E0,-1.E0));
#2993=AXIS2_PLACEMENT_3D('',#2990,#2991,#2992);
#2994=PLANE('',#2993);
#2995=ORIENTED_EDGE('',*,*,#2874,.F.);
#2997=ORIENTED_EDGE('',*,*,#2996,.T.);
#2998=ORIENTED_EDGE('',*,*,#2924,.T.);
#2999=ORIENTED_EDGE('',*,*,#2983,.F.);
#3000=EDGE_LOOP('',(#2995,#2997,#2998,#2999));
#3001=FACE_OUTER_BOUND('',#3000,.F.);
#3002=ADVANCED_FACE('',(#3001),#2994,.T.);
#3003=CARTESIAN_POINT('',(1.65E0,0.E0,-1.1E0));
#3004=DIRECTION('',(0.E0,0.E0,-1.E0));
#3005=DIRECTION('',(-1.E0,0.E0,0.E0));
#3006=AXIS2_PLACEMENT_3D('',#3003,#3004,#3005);
#3007=PLANE('',#3006);
#3008=ORIENTED_EDGE('',*,*,#2872,.F.);
#3009=ORIENTED_EDGE('',*,*,#2897,.T.);
#3010=ORIENTED_EDGE('',*,*,#2926,.T.);
#3011=ORIENTED_EDGE('',*,*,#2996,.F.);
#3012=EDGE_LOOP('',(#3008,#3009,#3010,#3011));
#3013=FACE_OUTER_BOUND('',#3012,.F.);
#3014=ADVANCED_FACE('',(#3013),#3007,.T.);
#3015=CLOSED_SHELL('',(#2864,#2887,#2901,#2930,#2943,#2956,#2969,#2989,#3002,
#3014));
#3016=MANIFOLD_SOLID_BREP('',#3015);
#3017=FILL_AREA_STYLE_COLOUR('',#22);
#3018=FILL_AREA_STYLE('',(#3017));
#3019=SURFACE_STYLE_FILL_AREA(#3018);
#3020=SURFACE_SIDE_STYLE('',(#3019));
#3021=SURFACE_STYLE_USAGE(.POSITIVE.,#3020);
#3022=PRESENTATION_STYLE_ASSIGNMENT((#3021));
#2648=STYLED_ITEM('',(#3022),#3016);
#3024=CARTESIAN_POINT('',(-2.249999999999E-1,0.E0,-2.0525E0));
#3025=DIRECTION('',(0.E0,1.E0,0.E0));
#3026=DIRECTION('',(-9.836522621244E-1,0.E0,1.800783918674E-1));
#3027=AXIS2_PLACEMENT_3D('',#3024,#3025,#3026);
#3029=CURVE_STYLE('',#33,POSITIVE_LENGTH_MEASURE(2.E-2),#22);
#3030=PRESENTATION_STYLE_ASSIGNMENT((#3029));
#3031=STYLED_ITEM('',(#3030),#3028);
#3032=DIRECTION('',(0.E0,0.E0,-1.E0));
#3033=VECTOR('',#3032,2.246122577051E-1);
#3034=CARTESIAN_POINT('',(-7.499999999993E-2,0.E0,-2.025387742295E0));
#3035=LINE('',#3034,#3033);
#3036=CURVE_STYLE('',#33,POSITIVE_LENGTH_MEASURE(2.E-2),#22);
#3037=PRESENTATION_STYLE_ASSIGNMENT((#3036));
#3038=STYLED_ITEM('',(#3037),#3035);
#3039=DIRECTION('',(-1.E0,0.E0,0.E0));
#3040=VECTOR('',#3039,3.000000000001E-1);
#3041=CARTESIAN_POINT('',(-7.499999999993E-2,0.E0,-2.25E0));
#3042=LINE('',#3041,#3040);
#3043=CURVE_STYLE('',#33,POSITIVE_LENGTH_MEASURE(2.E-2),#22);
#3044=PRESENTATION_STYLE_ASSIGNMENT((#3043));
#3045=STYLED_ITEM('',(#3044),#3042);
#3046=DIRECTION('',(2.726763695253E-4,0.E0,9.999999628238E-1));
#3047=VECTOR('',#3046,2.249494578269E-1);
#3048=CARTESIAN_POINT('',(-3.75E-1,0.E0,-2.25E0));
#3049=LINE('',#3048,#3047);
#3050=CURVE_STYLE('',#33,POSITIVE_LENGTH_MEASURE(2.E-2),#22);
#3051=PRESENTATION_STYLE_ASSIGNMENT((#3050));
#3052=STYLED_ITEM('',(#3051),#3049);
#3053=DIRECTION('',(0.E0,1.E0,0.E0));
#3054=VECTOR('',#3053,2.E-1);
#3055=CARTESIAN_POINT('',(-3.749386615985E-1,0.E0,-2.025050550536E0));
#3056=LINE('',#3055,#3054);
#3057=CURVE_STYLE('',#33,POSITIVE_LENGTH_MEASURE(2.E-2),#22);
#3058=PRESENTATION_STYLE_ASSIGNMENT((#3057));
#3059=STYLED_ITEM('',(#3058),#3056);
#3060=DIRECTION('',(0.E0,1.E0,0.E0));
#3061=VECTOR('',#3060,2.E-1);
#3062=CARTESIAN_POINT('',(-3.75E-1,0.E0,-2.25E0));
#3063=LINE('',#3062,#3061);
#3064=CURVE_STYLE('',#33,POSITIVE_LENGTH_MEASURE(2.E-2),#22);
#3065=PRESENTATION_STYLE_ASSIGNMENT((#3064));
#3066=STYLED_ITEM('',(#3065),#3063);
#3067=DIRECTION('',(0.E0,1.E0,0.E0));
#3068=VECTOR('',#3067,2.E-1);
#3069=CARTESIAN_POINT('',(-7.499999999993E-2,0.E0,-2.25E0));
#3070=LINE('',#3069,#3068);
#3071=CURVE_STYLE('',#33,POSITIVE_LENGTH_MEASURE(2.E-2),#22);
#3072=PRESENTATION_STYLE_ASSIGNMENT((#3071));
#3073=STYLED_ITEM('',(#3072),#3070);
#3074=DIRECTION('',(0.E0,1.E0,0.E0));
#3075=VECTOR('',#3074,2.E-1);
#3076=CARTESIAN_POINT('',(-7.499999999993E-2,0.E0,-2.025387742295E0));
#3077=LINE('',#3076,#3075);
#3078=CURVE_STYLE('',#33,POSITIVE_LENGTH_MEASURE(2.E-2),#22);
#3079=PRESENTATION_STYLE_ASSIGNMENT((#3078));
#3080=STYLED_ITEM('',(#3079),#3077);
#3081=CARTESIAN_POINT('',(-2.249999999999E-1,2.E-1,-2.0525E0));
#3082=DIRECTION('',(0.E0,1.E0,0.E0));
#3083=DIRECTION('',(-9.836522621244E-1,0.E0,1.800783918674E-1));
#3084=AXIS2_PLACEMENT_3D('',#3081,#3082,#3083);
#3086=CURVE_STYLE('',#33,POSITIVE_LENGTH_MEASURE(2.E-2),#22);
#3087=PRESENTATION_STYLE_ASSIGNMENT((#3086));
#3088=STYLED_ITEM('',(#3087),#3085);
#3089=DIRECTION('',(2.726763695253E-4,0.E0,9.999999628238E-1));
#3090=VECTOR('',#3089,2.249494578269E-1);
#3091=CARTESIAN_POINT('',(-3.75E-1,2.E-1,-2.25E0));
#3092=LINE('',#3091,#3090);
#3093=CURVE_STYLE('',#33,POSITIVE_LENGTH_MEASURE(2.E-2),#22);
#3094=PRESENTATION_STYLE_ASSIGNMENT((#3093));
#3095=STYLED_ITEM('',(#3094),#3092);
#3096=DIRECTION('',(-1.E0,0.E0,0.E0));
#3097=VECTOR('',#3096,3.000000000001E-1);
#3098=CARTESIAN_POINT('',(-7.499999999993E-2,2.E-1,-2.25E0));
#3099=LINE('',#3098,#3097);
#3100=CURVE_STYLE('',#33,POSITIVE_LENGTH_MEASURE(2.E-2),#22);
#3101=PRESENTATION_STYLE_ASSIGNMENT((#3100));
#3102=STYLED_ITEM('',(#3101),#3099);
#3103=DIRECTION('',(0.E0,0.E0,-1.E0));
#3104=VECTOR('',#3103,2.246122577051E-1);
#3105=CARTESIAN_POINT('',(-7.499999999993E-2,2.E-1,-2.025387742295E0));
#3106=LINE('',#3105,#3104);
#3107=CURVE_STYLE('',#33,POSITIVE_LENGTH_MEASURE(2.E-2),#22);
#3108=PRESENTATION_STYLE_ASSIGNMENT((#3107));
#3109=STYLED_ITEM('',(#3108),#3106);
#3110=CARTESIAN_POINT('',(-3.749386615985E-1,0.E0,-2.025050550536E0));
#3111=CARTESIAN_POINT('',(-7.499999999993E-2,0.E0,-2.025387742295E0));
#3112=VERTEX_POINT('',#3110);
#3113=VERTEX_POINT('',#3111);
#3114=CARTESIAN_POINT('',(-7.499999999993E-2,0.E0,-2.25E0));
#3115=VERTEX_POINT('',#3114);
#3116=CARTESIAN_POINT('',(-3.75E-1,0.E0,-2.25E0));
#3117=VERTEX_POINT('',#3116);
#3118=CARTESIAN_POINT('',(-3.749386615985E-1,2.E-1,-2.025050550536E0));
#3119=CARTESIAN_POINT('',(-7.499999999993E-2,2.E-1,-2.025387742295E0));
#3120=VERTEX_POINT('',#3118);
#3121=VERTEX_POINT('',#3119);
#3122=CARTESIAN_POINT('',(-7.499999999993E-2,2.E-1,-2.25E0));
#3123=VERTEX_POINT('',#3122);
#3124=CARTESIAN_POINT('',(-3.75E-1,2.E-1,-2.25E0));
#3125=VERTEX_POINT('',#3124);
#3126=CARTESIAN_POINT('',(0.E0,0.E0,0.E0));
#3127=DIRECTION('',(0.E0,1.E0,0.E0));
#3128=DIRECTION('',(1.E0,0.E0,0.E0));
#3129=AXIS2_PLACEMENT_3D('',#3126,#3127,#3128);
#3130=PLANE('',#3129);
#3132=ORIENTED_EDGE('',*,*,#3131,.T.);
#3134=ORIENTED_EDGE('',*,*,#3133,.T.);
#3136=ORIENTED_EDGE('',*,*,#3135,.T.);
#3138=ORIENTED_EDGE('',*,*,#3137,.T.);
#3139=EDGE_LOOP('',(#3132,#3134,#3136,#3138));
#3140=FACE_OUTER_BOUND('',#3139,.F.);
#3141=ADVANCED_FACE('',(#3140),#3130,.F.);
#3142=CARTESIAN_POINT('',(-2.249999999999E-1,0.E0,-2.0525E0));
#3143=DIRECTION('',(0.E0,1.E0,0.E0));
#3144=DIRECTION('',(1.E0,0.E0,0.E0));
#3145=AXIS2_PLACEMENT_3D('',#3142,#3143,#3144);
#3146=CYLINDRICAL_SURFACE('',#3145,1.524305563785E-1);
#3147=ORIENTED_EDGE('',*,*,#3131,.F.);
#3149=ORIENTED_EDGE('',*,*,#3148,.T.);
#3151=ORIENTED_EDGE('',*,*,#3150,.T.);
#3153=ORIENTED_EDGE('',*,*,#3152,.F.);
#3154=EDGE_LOOP('',(#3147,#3149,#3151,#3153));
#3155=FACE_OUTER_BOUND('',#3154,.F.);
#3156=ADVANCED_FACE('',(#3155),#3146,.T.);
#3157=CARTESIAN_POINT('',(-3.75E-1,0.E0,-2.25E0));
#3158=DIRECTION('',(-9.999999628238E-1,0.E0,2.726763695256E-4));
#3159=DIRECTION('',(2.726763695256E-4,0.E0,9.999999628238E-1));
#3160=AXIS2_PLACEMENT_3D('',#3157,#3158,#3159);
#3161=PLANE('',#3160);
#3162=ORIENTED_EDGE('',*,*,#3137,.F.);
#3164=ORIENTED_EDGE('',*,*,#3163,.T.);
#3166=ORIENTED_EDGE('',*,*,#3165,.T.);
#3167=ORIENTED_EDGE('',*,*,#3148,.F.);
#3168=EDGE_LOOP('',(#3162,#3164,#3166,#3167));
#3169=FACE_OUTER_BOUND('',#3168,.F.);
#3170=ADVANCED_FACE('',(#3169),#3161,.T.);
#3171=CARTESIAN_POINT('',(-7.499999999993E-2,0.E0,-2.25E0));
#3172=DIRECTION('',(0.E0,0.E0,-1.E0));
#3173=DIRECTION('',(-1.E0,0.E0,0.E0));
#3174=AXIS2_PLACEMENT_3D('',#3171,#3172,#3173);
#3175=PLANE('',#3174);
#3176=ORIENTED_EDGE('',*,*,#3135,.F.);
#3178=ORIENTED_EDGE('',*,*,#3177,.T.);
#3180=ORIENTED_EDGE('',*,*,#3179,.T.);
#3181=ORIENTED_EDGE('',*,*,#3163,.F.);
#3182=EDGE_LOOP('',(#3176,#3178,#3180,#3181));
#3183=FACE_OUTER_BOUND('',#3182,.F.);
#3184=ADVANCED_FACE('',(#3183),#3175,.T.);
#3185=FILL_AREA_STYLE_COLOUR('',#20);
#3186=FILL_AREA_STYLE('',(#3185));
#3187=SURFACE_STYLE_FILL_AREA(#3186);
#3188=SURFACE_SIDE_STYLE('',(#3187));
#3189=SURFACE_STYLE_USAGE(.POSITIVE.,#3188);
#3190=PRESENTATION_STYLE_ASSIGNMENT((#3189));
#3191=OVER_RIDING_STYLED_ITEM('',(#3190),#3184,#3023);
#3192=CARTESIAN_POINT('',(-7.499999999993E-2,0.E0,-2.025387742295E0));
#3193=DIRECTION('',(1.E0,0.E0,0.E0));
#3194=DIRECTION('',(0.E0,0.E0,-1.E0));
#3195=AXIS2_PLACEMENT_3D('',#3192,#3193,#3194);
#3196=PLANE('',#3195);
#3197=ORIENTED_EDGE('',*,*,#3133,.F.);
#3198=ORIENTED_EDGE('',*,*,#3152,.T.);
#3200=ORIENTED_EDGE('',*,*,#3199,.T.);
#3201=ORIENTED_EDGE('',*,*,#3177,.F.);
#3202=EDGE_LOOP('',(#3197,#3198,#3200,#3201));
#3203=FACE_OUTER_BOUND('',#3202,.F.);
#3204=ADVANCED_FACE('',(#3203),#3196,.T.);
#3205=CARTESIAN_POINT('',(0.E0,2.E-1,0.E0));
#3206=DIRECTION('',(0.E0,1.E0,0.E0));
#3207=DIRECTION('',(1.E0,0.E0,0.E0));
#3208=AXIS2_PLACEMENT_3D('',#3205,#3206,#3207);
#3209=PLANE('',#3208);
#3210=ORIENTED_EDGE('',*,*,#3150,.F.);
#3211=ORIENTED_EDGE('',*,*,#3165,.F.);
#3212=ORIENTED_EDGE('',*,*,#3179,.F.);
#3213=ORIENTED_EDGE('',*,*,#3199,.F.);
#3214=EDGE_LOOP('',(#3210,#3211,#3212,#3213));
#3215=FACE_OUTER_BOUND('',#3214,.F.);
#3216=ADVANCED_FACE('',(#3215),#3209,.T.);
#3217=CLOSED_SHELL('',(#3141,#3156,#3170,#3184,#3204,#3216));
#3218=MANIFOLD_SOLID_BREP('',#3217);
#3219=FILL_AREA_STYLE_COLOUR('',#22);
#3220=FILL_AREA_STYLE('',(#3219));
#3221=SURFACE_STYLE_FILL_AREA(#3220);
#3222=SURFACE_SIDE_STYLE('',(#3221));
#3223=SURFACE_STYLE_USAGE(.POSITIVE.,#3222);
#3224=PRESENTATION_STYLE_ASSIGNMENT((#3223));
#3023=STYLED_ITEM('',(#3224),#3218);
#3226=DIRECTION('',(0.E0,1.E0,0.E0));
#3227=VECTOR('',#3226,2.E-1);
#3228=CARTESIAN_POINT('',(9.75E-1,0.E0,-2.25E0));
#3229=LINE('',#3228,#3227);
#3230=CURVE_STYLE('',#33,POSITIVE_LENGTH_MEASURE(2.E-2),#22);
#3231=PRESENTATION_STYLE_ASSIGNMENT((#3230));
#3232=STYLED_ITEM('',(#3231),#3229);
#3233=DIRECTION('',(-9.008666828385E-14,0.E0,1.E0));
#3234=VECTOR('',#3233,3.500000000001E-1);
#3235=CARTESIAN_POINT('',(6.250000000001E-1,0.E0,-2.25E0));
#3236=LINE('',#3235,#3234);
#3237=CURVE_STYLE('',#33,POSITIVE_LENGTH_MEASURE(2.E-2),#22);
#3238=PRESENTATION_STYLE_ASSIGNMENT((#3237));
#3239=STYLED_ITEM('',(#3238),#3236);
#3240=CARTESIAN_POINT('',(6.722265499113E-1,0.E0,-1.897226549911E0));
#3241=DIRECTION('',(0.E0,1.E0,0.E0));
#3242=DIRECTION('',(-9.982800465266E-1,0.E0,-5.862549536561E-2));
#3243=AXIS2_PLACEMENT_3D('',#3240,#3241,#3242);
#3245=CURVE_STYLE('',#33,POSITIVE_LENGTH_MEASURE(2.E-2),#22);
#3246=PRESENTATION_STYLE_ASSIGNMENT((#3245));
#3247=STYLED_ITEM('',(#3246),#3244);
#3248=DIRECTION('',(1.E0,0.E0,2.559775753200E-13));
#3249=VECTOR('',#3248,9.749999999952E-1);
#3250=CARTESIAN_POINT('',(6.750000000048E-1,0.E0,-1.85E0));
#3251=LINE('',#3250,#3249);
#3252=CURVE_STYLE('',#33,POSITIVE_LENGTH_MEASURE(2.E-2),#22);
#3253=PRESENTATION_STYLE_ASSIGNMENT((#3252));
#3254=STYLED_ITEM('',(#3253),#3251);
#3255=DIRECTION('',(0.E0,0.E0,-1.E0));
#3256=VECTOR('',#3255,2.5E-1);
#3257=CARTESIAN_POINT('',(1.65E0,0.E0,-1.85E0));
#3258=LINE('',#3257,#3256);
#3259=CURVE_STYLE('',#33,POSITIVE_LENGTH_MEASURE(2.E-2),#22);
#3260=PRESENTATION_STYLE_ASSIGNMENT((#3259));
#3261=STYLED_ITEM('',(#3260),#3258);
#3262=DIRECTION('',(-1.E0,0.E0,4.244971910045E-14));
#3263=VECTOR('',#3262,6.276920826720E-1);
#3264=CARTESIAN_POINT('',(1.65E0,0.E0,-2.1E0));
#3265=LINE('',#3264,#3263);
#3266=CURVE_STYLE('',#33,POSITIVE_LENGTH_MEASURE(2.E-2),#22);
#3267=PRESENTATION_STYLE_ASSIGNMENT((#3266));
#3268=STYLED_ITEM('',(#3267),#3265);
#3269=CARTESIAN_POINT('',(1.022307917328E0,0.E0,-2.147307917328E0));
#3270=DIRECTION('',(0.E0,-1.E0,0.E0));
#3271=DIRECTION('',(-8.307678141731E-12,0.E0,1.E0));
#3272=AXIS2_PLACEMENT_3D('',#3269,#3270,#3271);
#3274=CURVE_STYLE('',#33,POSITIVE_LENGTH_MEASURE(2.E-2),#22);
#3275=PRESENTATION_STYLE_ASSIGNMENT((#3274));
#3276=STYLED_ITEM('',(#3275),#3273);
#3277=DIRECTION('',(-9.838177648394E-14,0.E0,-1.E0));
#3278=VECTOR('',#3277,1.026920826718E-1);
#3279=CARTESIAN_POINT('',(9.75E-1,0.E0,-2.147307917328E0));
#3280=LINE('',#3279,#3278);
#3281=CURVE_STYLE('',#33,POSITIVE_LENGTH_MEASURE(2.E-2),#22);
#3282=PRESENTATION_STYLE_ASSIGNMENT((#3281));
#3283=STYLED_ITEM('',(#3282),#3280);
#3284=DIRECTION('',(-1.E0,0.E0,0.E0));
#3285=VECTOR('',#3284,3.499999999999E-1);
#3286=CARTESIAN_POINT('',(9.75E-1,0.E0,-2.25E0));
#3287=LINE('',#3286,#3285);
#3288=CURVE_STYLE('',#33,POSITIVE_LENGTH_MEASURE(2.E-2),#22);
#3289=PRESENTATION_STYLE_ASSIGNMENT((#3288));
#3290=STYLED_ITEM('',(#3289),#3287);
#3291=DIRECTION('',(0.E0,1.E0,0.E0));
#3292=VECTOR('',#3291,2.E-1);
#3293=CARTESIAN_POINT('',(6.250000000001E-1,0.E0,-2.25E0));
#3294=LINE('',#3293,#3292);
#3295=CURVE_STYLE('',#33,POSITIVE_LENGTH_MEASURE(2.E-2),#22);
#3296=PRESENTATION_STYLE_ASSIGNMENT((#3295));
#3297=STYLED_ITEM('',(#3296),#3294);
#3298=DIRECTION('',(-9.008666828385E-14,0.E0,1.E0));
#3299=VECTOR('',#3298,3.500000000001E-1);
#3300=CARTESIAN_POINT('',(6.250000000001E-1,2.E-1,-2.25E0));
#3301=LINE('',#3300,#3299);
#3302=CURVE_STYLE('',#33,POSITIVE_LENGTH_MEASURE(2.E-2),#22);
#3303=PRESENTATION_STYLE_ASSIGNMENT((#3302));
#3304=STYLED_ITEM('',(#3303),#3301);
#3305=DIRECTION('',(-1.E0,0.E0,0.E0));
#3306=VECTOR('',#3305,3.499999999999E-1);
#3307=CARTESIAN_POINT('',(9.75E-1,2.E-1,-2.25E0));
#3308=LINE('',#3307,#3306);
#3309=CURVE_STYLE('',#33,POSITIVE_LENGTH_MEASURE(2.E-2),#22);
#3310=PRESENTATION_STYLE_ASSIGNMENT((#3309));
#3311=STYLED_ITEM('',(#3310),#3308);
#3312=DIRECTION('',(-9.838177648394E-14,0.E0,-1.E0));
#3313=VECTOR('',#3312,1.026920826718E-1);
#3314=CARTESIAN_POINT('',(9.75E-1,2.E-1,-2.147307917328E0));
#3315=LINE('',#3314,#3313);
#3316=CURVE_STYLE('',#33,POSITIVE_LENGTH_MEASURE(2.E-2),#22);
#3317=PRESENTATION_STYLE_ASSIGNMENT((#3316));
#3318=STYLED_ITEM('',(#3317),#3315);
#3319=CARTESIAN_POINT('',(1.022307917328E0,2.E-1,-2.147307917328E0));
#3320=DIRECTION('',(0.E0,-1.E0,0.E0));
#3321=DIRECTION('',(-8.307678141731E-12,0.E0,1.E0));
#3322=AXIS2_PLACEMENT_3D('',#3319,#3320,#3321);
#3324=CURVE_STYLE('',#33,POSITIVE_LENGTH_MEASURE(2.E-2),#22);
#3325=PRESENTATION_STYLE_ASSIGNMENT((#3324));
#3326=STYLED_ITEM('',(#3325),#3323);
#3327=DIRECTION('',(-1.E0,0.E0,4.244971910045E-14));
#3328=VECTOR('',#3327,6.276920826720E-1);
#3329=CARTESIAN_POINT('',(1.65E0,2.E-1,-2.1E0));
#3330=LINE('',#3329,#3328);
#3331=CURVE_STYLE('',#33,POSITIVE_LENGTH_MEASURE(2.E-2),#22);
#3332=PRESENTATION_STYLE_ASSIGNMENT((#3331));
#3333=STYLED_ITEM('',(#3332),#3330);
#3334=DIRECTION('',(0.E0,0.E0,-1.E0));
#3335=VECTOR('',#3334,2.5E-1);
#3336=CARTESIAN_POINT('',(1.65E0,2.E-1,-1.85E0));
#3337=LINE('',#3336,#3335);
#3338=CURVE_STYLE('',#33,POSITIVE_LENGTH_MEASURE(2.E-2),#22);
#3339=PRESENTATION_STYLE_ASSIGNMENT((#3338));
#3340=STYLED_ITEM('',(#3339),#3337);
#3341=DIRECTION('',(1.E0,0.E0,2.559775753200E-13));
#3342=VECTOR('',#3341,9.749999999952E-1);
#3343=CARTESIAN_POINT('',(6.750000000048E-1,2.E-1,-1.85E0));
#3344=LINE('',#3343,#3342);
#3345=CURVE_STYLE('',#33,POSITIVE_LENGTH_MEASURE(2.E-2),#22);
#3346=PRESENTATION_STYLE_ASSIGNMENT((#3345));
#3347=STYLED_ITEM('',(#3346),#3344);
#3348=CARTESIAN_POINT('',(6.722265499113E-1,2.E-1,-1.897226549911E0));
#3349=DIRECTION('',(0.E0,1.E0,0.E0));
#3350=DIRECTION('',(-9.982800465266E-1,0.E0,-5.862549536561E-2));
#3351=AXIS2_PLACEMENT_3D('',#3348,#3349,#3350);
#3353=CURVE_STYLE('',#33,POSITIVE_LENGTH_MEASURE(2.E-2),#22);
#3354=PRESENTATION_STYLE_ASSIGNMENT((#3353));
#3355=STYLED_ITEM('',(#3354),#3352);
#3356=DIRECTION('',(0.E0,1.E0,0.E0));
#3357=VECTOR('',#3356,2.E-1);
#3358=CARTESIAN_POINT('',(9.75E-1,0.E0,-2.147307917328E0));
#3359=LINE('',#3358,#3357);
#3360=CURVE_STYLE('',#33,POSITIVE_LENGTH_MEASURE(2.E-2),#22);
#3361=PRESENTATION_STYLE_ASSIGNMENT((#3360));
#3362=STYLED_ITEM('',(#3361),#3359);
#3363=DIRECTION('',(0.E0,1.E0,0.E0));
#3364=VECTOR('',#3363,2.E-1);
#3365=CARTESIAN_POINT('',(1.022307917328E0,0.E0,-2.1E0));
#3366=LINE('',#3365,#3364);
#3367=CURVE_STYLE('',#33,POSITIVE_LENGTH_MEASURE(2.E-2),#22);
#3368=PRESENTATION_STYLE_ASSIGNMENT((#3367));
#3369=STYLED_ITEM('',(#3368),#3366);
#3370=DIRECTION('',(0.E0,1.E0,0.E0));
#3371=VECTOR('',#3370,2.E-1);
#3372=CARTESIAN_POINT('',(1.65E0,0.E0,-2.1E0));
#3373=LINE('',#3372,#3371);
#3374=CURVE_STYLE('',#33,POSITIVE_LENGTH_MEASURE(2.E-2),#22);
#3375=PRESENTATION_STYLE_ASSIGNMENT((#3374));
#3376=STYLED_ITEM('',(#3375),#3373);
#3377=DIRECTION('',(0.E0,1.E0,0.E0));
#3378=VECTOR('',#3377,2.E-1);
#3379=CARTESIAN_POINT('',(1.65E0,0.E0,-1.85E0));
#3380=LINE('',#3379,#3378);
#3381=CURVE_STYLE('',#33,POSITIVE_LENGTH_MEASURE(2.E-2),#22);
#3382=PRESENTATION_STYLE_ASSIGNMENT((#3381));
#3383=STYLED_ITEM('',(#3382),#3380);
#3384=DIRECTION('',(0.E0,1.E0,0.E0));
#3385=VECTOR('',#3384,2.E-1);
#3386=CARTESIAN_POINT('',(6.750000000048E-1,0.E0,-1.85E0));
#3387=LINE('',#3386,#3385);
#3388=CURVE_STYLE('',#33,POSITIVE_LENGTH_MEASURE(2.E-2),#22);
#3389=PRESENTATION_STYLE_ASSIGNMENT((#3388));
#3390=STYLED_ITEM('',(#3389),#3387);
#3391=DIRECTION('',(0.E0,1.E0,0.E0));
#3392=VECTOR('',#3391,2.E-1);
#3393=CARTESIAN_POINT('',(6.250000000001E-1,0.E0,-1.9E0));
#3394=LINE('',#3393,#3392);
#3395=CURVE_STYLE('',#33,POSITIVE_LENGTH_MEASURE(2.E-2),#22);
#3396=PRESENTATION_STYLE_ASSIGNMENT((#3395));
#3397=STYLED_ITEM('',(#3396),#3394);
#3398=CARTESIAN_POINT('',(6.250000000001E-1,0.E0,-2.25E0));
#3399=CARTESIAN_POINT('',(6.250000000001E-1,0.E0,-1.9E0));
#3400=VERTEX_POINT('',#3398);
#3401=VERTEX_POINT('',#3399);
#3402=CARTESIAN_POINT('',(6.750000000051E-1,0.E0,-1.85E0));
#3403=VERTEX_POINT('',#3402);
#3404=CARTESIAN_POINT('',(1.65E0,0.E0,-1.85E0));
#3405=VERTEX_POINT('',#3404);
#3406=CARTESIAN_POINT('',(1.65E0,0.E0,-2.1E0));
#3407=VERTEX_POINT('',#3406);
#3408=CARTESIAN_POINT('',(1.022307917328E0,0.E0,-2.1E0));
#3409=VERTEX_POINT('',#3408);
#3410=CARTESIAN_POINT('',(9.750000000001E-1,0.E0,-2.147307917328E0));
#3411=VERTEX_POINT('',#3410);
#3412=CARTESIAN_POINT('',(9.75E-1,0.E0,-2.25E0));
#3413=VERTEX_POINT('',#3412);
#3414=CARTESIAN_POINT('',(6.250000000001E-1,2.E-1,-2.25E0));
#3415=CARTESIAN_POINT('',(6.250000000001E-1,2.E-1,-1.9E0));
#3416=VERTEX_POINT('',#3414);
#3417=VERTEX_POINT('',#3415);
#3418=CARTESIAN_POINT('',(6.750000000051E-1,2.E-1,-1.85E0));
#3419=VERTEX_POINT('',#3418);
#3420=CARTESIAN_POINT('',(1.65E0,2.E-1,-1.85E0));
#3421=VERTEX_POINT('',#3420);
#3422=CARTESIAN_POINT('',(1.65E0,2.E-1,-2.1E0));
#3423=VERTEX_POINT('',#3422);
#3424=CARTESIAN_POINT('',(1.022307917328E0,2.E-1,-2.1E0));
#3425=VERTEX_POINT('',#3424);
#3426=CARTESIAN_POINT('',(9.750000000001E-1,2.E-1,-2.147307917328E0));
#3427=VERTEX_POINT('',#3426);
#3428=CARTESIAN_POINT('',(9.75E-1,2.E-1,-2.25E0));
#3429=VERTEX_POINT('',#3428);
#3430=CARTESIAN_POINT('',(9.75E-1,0.E0,-2.25E0));
#3431=DIRECTION('',(0.E0,0.E0,-1.E0));
#3432=DIRECTION('',(-1.E0,0.E0,0.E0));
#3433=AXIS2_PLACEMENT_3D('',#3430,#3431,#3432);
#3434=PLANE('',#3433);
#3436=ORIENTED_EDGE('',*,*,#3435,.F.);
#3438=ORIENTED_EDGE('',*,*,#3437,.T.);
#3440=ORIENTED_EDGE('',*,*,#3439,.T.);
#3442=ORIENTED_EDGE('',*,*,#3441,.F.);
#3443=EDGE_LOOP('',(#3436,#3438,#3440,#3442));
#3444=FACE_OUTER_BOUND('',#3443,.F.);
#3445=ADVANCED_FACE('',(#3444),#3434,.T.);
#3446=FILL_AREA_STYLE_COLOUR('',#20);
#3447=FILL_AREA_STYLE('',(#3446));
#3448=SURFACE_STYLE_FILL_AREA(#3447);
#3449=SURFACE_SIDE_STYLE('',(#3448));
#3450=SURFACE_STYLE_USAGE(.POSITIVE.,#3449);
#3451=PRESENTATION_STYLE_ASSIGNMENT((#3450));
#3452=OVER_RIDING_STYLED_ITEM('',(#3451),#3445,#3225);
#3453=CARTESIAN_POINT('',(0.E0,0.E0,0.E0));
#3454=DIRECTION('',(0.E0,1.E0,0.E0));
#3455=DIRECTION('',(1.E0,0.E0,0.E0));
#3456=AXIS2_PLACEMENT_3D('',#3453,#3454,#3455);
#3457=PLANE('',#3456);
#3459=ORIENTED_EDGE('',*,*,#3458,.T.);
#3461=ORIENTED_EDGE('',*,*,#3460,.T.);
#3463=ORIENTED_EDGE('',*,*,#3462,.T.);
#3465=ORIENTED_EDGE('',*,*,#3464,.T.);
#3467=ORIENTED_EDGE('',*,*,#3466,.T.);
#3469=ORIENTED_EDGE('',*,*,#3468,.T.);
#3471=ORIENTED_EDGE('',*,*,#3470,.T.);
#3472=ORIENTED_EDGE('',*,*,#3435,.T.);
#3473=EDGE_LOOP('',(#3459,#3461,#3463,#3465,#3467,#3469,#3471,#3472));
#3474=FACE_OUTER_BOUND('',#3473,.F.);
#3475=ADVANCED_FACE('',(#3474),#3457,.F.);
#3476=CARTESIAN_POINT('',(6.250000000001E-1,0.E0,-2.25E0));
#3477=DIRECTION('',(-1.E0,0.E0,0.E0));
#3478=DIRECTION('',(0.E0,0.E0,1.E0));
#3479=AXIS2_PLACEMENT_3D('',#3476,#3477,#3478);
#3480=PLANE('',#3479);
#3481=ORIENTED_EDGE('',*,*,#3458,.F.);
#3482=ORIENTED_EDGE('',*,*,#3441,.T.);
#3484=ORIENTED_EDGE('',*,*,#3483,.T.);
#3486=ORIENTED_EDGE('',*,*,#3485,.F.);
#3487=EDGE_LOOP('',(#3481,#3482,#3484,#3486));
#3488=FACE_OUTER_BOUND('',#3487,.F.);
#3489=ADVANCED_FACE('',(#3488),#3480,.T.);
#3490=CARTESIAN_POINT('',(0.E0,2.E-1,0.E0));
#3491=DIRECTION('',(0.E0,1.E0,0.E0));
#3492=DIRECTION('',(1.E0,0.E0,0.E0));
#3493=AXIS2_PLACEMENT_3D('',#3490,#3491,#3492);
#3494=PLANE('',#3493);
#3495=ORIENTED_EDGE('',*,*,#3483,.F.);
#3496=ORIENTED_EDGE('',*,*,#3439,.F.);
#3498=ORIENTED_EDGE('',*,*,#3497,.F.);
#3500=ORIENTED_EDGE('',*,*,#3499,.F.);
#3502=ORIENTED_EDGE('',*,*,#3501,.F.);
#3504=ORIENTED_EDGE('',*,*,#3503,.F.);
#3506=ORIENTED_EDGE('',*,*,#3505,.F.);
#3508=ORIENTED_EDGE('',*,*,#3507,.F.);
#3509=EDGE_LOOP('',(#3495,#3496,#3498,#3500,#3502,#3504,#3506,#3508));
#3510=FACE_OUTER_BOUND('',#3509,.F.);
#3511=ADVANCED_FACE('',(#3510),#3494,.T.);
#3512=CARTESIAN_POINT('',(9.75E-1,0.E0,-2.147307917328E0));
#3513=DIRECTION('',(1.E0,0.E0,0.E0));
#3514=DIRECTION('',(0.E0,0.E0,-1.E0));
#3515=AXIS2_PLACEMENT_3D('',#3512,#3513,#3514);
#3516=PLANE('',#3515);
#3517=ORIENTED_EDGE('',*,*,#3470,.F.);
#3519=ORIENTED_EDGE('',*,*,#3518,.T.);
#3520=ORIENTED_EDGE('',*,*,#3497,.T.);
#3521=ORIENTED_EDGE('',*,*,#3437,.F.);
#3522=EDGE_LOOP('',(#3517,#3519,#3520,#3521));
#3523=FACE_OUTER_BOUND('',#3522,.F.);
#3524=ADVANCED_FACE('',(#3523),#3516,.T.);
#3525=CARTESIAN_POINT('',(1.022307917328E0,0.E0,-2.147307917328E0));
#3526=DIRECTION('',(0.E0,1.E0,0.E0));
#3527=DIRECTION('',(1.E0,0.E0,0.E0));
#3528=AXIS2_PLACEMENT_3D('',#3525,#3526,#3527);
#3529=CYLINDRICAL_SURFACE('',#3528,4.730791732808E-2);
#3530=ORIENTED_EDGE('',*,*,#3468,.F.);
#3532=ORIENTED_EDGE('',*,*,#3531,.T.);
#3533=ORIENTED_EDGE('',*,*,#3499,.T.);
#3534=ORIENTED_EDGE('',*,*,#3518,.F.);
#3535=EDGE_LOOP('',(#3530,#3532,#3533,#3534));
#3536=FACE_OUTER_BOUND('',#3535,.F.);
#3537=ADVANCED_FACE('',(#3536),#3529,.F.);
#3538=CARTESIAN_POINT('',(1.65E0,0.E0,-2.1E0));
#3539=DIRECTION('',(0.E0,0.E0,-1.E0));
#3540=DIRECTION('',(-1.E0,0.E0,0.E0));
#3541=AXIS2_PLACEMENT_3D('',#3538,#3539,#3540);
#3542=PLANE('',#3541);
#3543=ORIENTED_EDGE('',*,*,#3466,.F.);
#3545=ORIENTED_EDGE('',*,*,#3544,.T.);
#3546=ORIENTED_EDGE('',*,*,#3501,.T.);
#3547=ORIENTED_EDGE('',*,*,#3531,.F.);
#3548=EDGE_LOOP('',(#3543,#3545,#3546,#3547));
#3549=FACE_OUTER_BOUND('',#3548,.F.);
#3550=ADVANCED_FACE('',(#3549),#3542,.T.);
#3551=CARTESIAN_POINT('',(1.65E0,0.E0,-1.85E0));
#3552=DIRECTION('',(1.E0,0.E0,0.E0));
#3553=DIRECTION('',(0.E0,0.E0,-1.E0));
#3554=AXIS2_PLACEMENT_3D('',#3551,#3552,#3553);
#3555=PLANE('',#3554);
#3556=ORIENTED_EDGE('',*,*,#3464,.F.);
#3558=ORIENTED_EDGE('',*,*,#3557,.T.);
#3559=ORIENTED_EDGE('',*,*,#3503,.T.);
#3560=ORIENTED_EDGE('',*,*,#3544,.F.);
#3561=EDGE_LOOP('',(#3556,#3558,#3559,#3560));
#3562=FACE_OUTER_BOUND('',#3561,.F.);
#3563=ADVANCED_FACE('',(#3562),#3555,.T.);
#3564=FILL_AREA_STYLE_COLOUR('',#20);
#3565=FILL_AREA_STYLE('',(#3564));
#3566=SURFACE_STYLE_FILL_AREA(#3565);
#3567=SURFACE_SIDE_STYLE('',(#3566));
#3568=SURFACE_STYLE_USAGE(.POSITIVE.,#3567);
#3569=PRESENTATION_STYLE_ASSIGNMENT((#3568));
#3570=OVER_RIDING_STYLED_ITEM('',(#3569),#3563,#3225);
#3571=CARTESIAN_POINT('',(6.750000000047E-1,0.E0,-1.85E0));
#3572=DIRECTION('',(-2.343424599682E-13,0.E0,1.E0));
#3573=DIRECTION('',(1.E0,0.E0,2.343424599682E-13));
#3574=AXIS2_PLACEMENT_3D('',#3571,#3572,#3573);
#3575=PLANE('',#3574);
#3576=ORIENTED_EDGE('',*,*,#3462,.F.);
#3578=ORIENTED_EDGE('',*,*,#3577,.T.);
#3579=ORIENTED_EDGE('',*,*,#3505,.T.);
#3580=ORIENTED_EDGE('',*,*,#3557,.F.);
#3581=EDGE_LOOP('',(#3576,#3578,#3579,#3580));
#3582=FACE_OUTER_BOUND('',#3581,.F.);
#3583=ADVANCED_FACE('',(#3582),#3575,.T.);
#3584=CARTESIAN_POINT('',(6.722265499113E-1,0.E0,-1.897226549911E0));
#3585=DIRECTION('',(0.E0,1.E0,0.E0));
#3586=DIRECTION('',(1.E0,0.E0,0.E0));
#3587=AXIS2_PLACEMENT_3D('',#3584,#3585,#3586);
#3588=CYLINDRICAL_SURFACE('',#3587,4.730791732807E-2);
#3589=ORIENTED_EDGE('',*,*,#3460,.F.);
#3590=ORIENTED_EDGE('',*,*,#3485,.T.);
#3591=ORIENTED_EDGE('',*,*,#3507,.T.);
#3592=ORIENTED_EDGE('',*,*,#3577,.F.);
#3593=EDGE_LOOP('',(#3589,#3590,#3591,#3592));
#3594=FACE_OUTER_BOUND('',#3593,.F.);
#3595=ADVANCED_FACE('',(#3594),#3588,.T.);
#3596=CLOSED_SHELL('',(#3445,#3475,#3489,#3511,#3524,#3537,#3550,#3563,#3583,
#3595));
#3597=MANIFOLD_SOLID_BREP('',#3596);
#3598=FILL_AREA_STYLE_COLOUR('',#22);
#3599=FILL_AREA_STYLE('',(#3598));
#3600=SURFACE_STYLE_FILL_AREA(#3599);
#3601=SURFACE_SIDE_STYLE('',(#3600));
#3602=SURFACE_STYLE_USAGE(.POSITIVE.,#3601);
#3603=PRESENTATION_STYLE_ASSIGNMENT((#3602));
#3225=STYLED_ITEM('',(#3603),#3597);
#3605=DIRECTION('',(0.E0,1.E0,0.E0));
#3606=VECTOR('',#3605,2.E-1);
#3607=CARTESIAN_POINT('',(-6.25E-1,0.E0,-2.25E0));
#3608=LINE('',#3607,#3606);
#3609=CURVE_STYLE('',#33,POSITIVE_LENGTH_MEASURE(2.E-2),#22);
#3610=PRESENTATION_STYLE_ASSIGNMENT((#3609));
#3611=STYLED_ITEM('',(#3610),#3608);
#3612=DIRECTION('',(-2.198241588762E-13,0.E0,1.E0));
#3613=VECTOR('',#3612,9.999999999980E-2);
#3614=CARTESIAN_POINT('',(-9.749899999999E-1,0.E0,-2.25E0));
#3615=LINE('',#3614,#3613);
#3616=CURVE_STYLE('',#33,POSITIVE_LENGTH_MEASURE(2.E-2),#22);
#3617=PRESENTATION_STYLE_ASSIGNMENT((#3616));
#3618=STYLED_ITEM('',(#3617),#3615);
#3619=CARTESIAN_POINT('',(-1.02499E0,0.E0,-2.15E0));
#3620=DIRECTION('',(0.E0,-1.E0,0.E0));
#3621=DIRECTION('',(1.E0,0.E0,-6.616929226766E-12));
#3622=AXIS2_PLACEMENT_3D('',#3619,#3620,#3621);
#3624=CURVE_STYLE('',#33,POSITIVE_LENGTH_MEASURE(2.E-2),#22);
#3625=PRESENTATION_STYLE_ASSIGNMENT((#3624));
#3626=STYLED_ITEM('',(#3625),#3623);
#3627=DIRECTION('',(-1.E0,0.E0,-7.389526219486E-14));
#3628=VECTOR('',#3627,6.2501E-1);
#3629=CARTESIAN_POINT('',(-1.02499E0,0.E0,-2.1E0));
#3630=LINE('',#3629,#3628);
#3631=CURVE_STYLE('',#33,POSITIVE_LENGTH_MEASURE(2.E-2),#22);
#3632=PRESENTATION_STYLE_ASSIGNMENT((#3631));
#3633=STYLED_ITEM('',(#3632),#3630);
#3634=DIRECTION('',(0.E0,0.E0,1.E0));
#3635=VECTOR('',#3634,2.5E-1);
#3636=CARTESIAN_POINT('',(-1.65E0,0.E0,-2.1E0));
#3637=LINE('',#3636,#3635);
#3638=CURVE_STYLE('',#33,POSITIVE_LENGTH_MEASURE(2.E-2),#22);
#3639=PRESENTATION_STYLE_ASSIGNMENT((#3638));
#3640=STYLED_ITEM('',(#3639),#3637);
#3641=DIRECTION('',(1.E0,0.E0,-5.989510881568E-14));
#3642=VECTOR('',#3641,9.749999999999E-1);
#3643=CARTESIAN_POINT('',(-1.65E0,0.E0,-1.85E0));
#3644=LINE('',#3643,#3642);
#3645=CURVE_STYLE('',#33,POSITIVE_LENGTH_MEASURE(2.E-2),#22);
#3646=PRESENTATION_STYLE_ASSIGNMENT((#3645));
#3647=STYLED_ITEM('',(#3646),#3644);
#3648=CARTESIAN_POINT('',(-6.75E-1,0.E0,-1.9E0));
#3649=DIRECTION('',(0.E0,1.E0,0.E0));
#3650=DIRECTION('',(-1.397548743398E-11,0.E0,1.E0));
#3651=AXIS2_PLACEMENT_3D('',#3648,#3649,#3650);
#3653=CURVE_STYLE('',#33,POSITIVE_LENGTH_MEASURE(2.E-2),#22);
#3654=PRESENTATION_STYLE_ASSIGNMENT((#3653));
#3655=STYLED_ITEM('',(#3654),#3652);
#3656=DIRECTION('',(-5.138746571123E-14,0.E0,-1.E0));
#3657=VECTOR('',#3656,3.5E-1);
#3658=CARTESIAN_POINT('',(-6.25E-1,0.E0,-1.9E0));
#3659=LINE('',#3658,#3657);
#3660=CURVE_STYLE('',#33,POSITIVE_LENGTH_MEASURE(2.E-2),#22);
#3661=PRESENTATION_STYLE_ASSIGNMENT((#3660));
#3662=STYLED_ITEM('',(#3661),#3659);
#3663=DIRECTION('',(-1.E0,0.E0,0.E0));
#3664=VECTOR('',#3663,3.499899999999E-1);
#3665=CARTESIAN_POINT('',(-6.25E-1,0.E0,-2.25E0));
#3666=LINE('',#3665,#3664);
#3667=CURVE_STYLE('',#33,POSITIVE_LENGTH_MEASURE(2.E-2),#22);
#3668=PRESENTATION_STYLE_ASSIGNMENT((#3667));
#3669=STYLED_ITEM('',(#3668),#3666);
#3670=DIRECTION('',(0.E0,1.E0,0.E0));
#3671=VECTOR('',#3670,2.E-1);
#3672=CARTESIAN_POINT('',(-9.749899999999E-1,0.E0,-2.25E0));
#3673=LINE('',#3672,#3671);
#3674=CURVE_STYLE('',#33,POSITIVE_LENGTH_MEASURE(2.E-2),#22);
#3675=PRESENTATION_STYLE_ASSIGNMENT((#3674));
#3676=STYLED_ITEM('',(#3675),#3673);
#3677=DIRECTION('',(-2.198241588762E-13,0.E0,1.E0));
#3678=VECTOR('',#3677,9.999999999980E-2);
#3679=CARTESIAN_POINT('',(-9.749899999999E-1,2.E-1,-2.25E0));
#3680=LINE('',#3679,#3678);
#3681=CURVE_STYLE('',#33,POSITIVE_LENGTH_MEASURE(2.E-2),#22);
#3682=PRESENTATION_STYLE_ASSIGNMENT((#3681));
#3683=STYLED_ITEM('',(#3682),#3680);
#3684=DIRECTION('',(-1.E0,0.E0,0.E0));
#3685=VECTOR('',#3684,3.499899999999E-1);
#3686=CARTESIAN_POINT('',(-6.25E-1,2.E-1,-2.25E0));
#3687=LINE('',#3686,#3685);
#3688=CURVE_STYLE('',#33,POSITIVE_LENGTH_MEASURE(2.E-2),#22);
#3689=PRESENTATION_STYLE_ASSIGNMENT((#3688));
#3690=STYLED_ITEM('',(#3689),#3687);
#3691=DIRECTION('',(-5.138746571123E-14,0.E0,-1.E0));
#3692=VECTOR('',#3691,3.5E-1);
#3693=CARTESIAN_POINT('',(-6.25E-1,2.E-1,-1.9E0));
#3694=LINE('',#3693,#3692);
#3695=CURVE_STYLE('',#33,POSITIVE_LENGTH_MEASURE(2.E-2),#22);
#3696=PRESENTATION_STYLE_ASSIGNMENT((#3695));
#3697=STYLED_ITEM('',(#3696),#3694);
#3698=CARTESIAN_POINT('',(-6.75E-1,2.E-1,-1.9E0));
#3699=DIRECTION('',(0.E0,1.E0,0.E0));
#3700=DIRECTION('',(-1.397548743398E-11,0.E0,1.E0));
#3701=AXIS2_PLACEMENT_3D('',#3698,#3699,#3700);
#3703=CURVE_STYLE('',#33,POSITIVE_LENGTH_MEASURE(2.E-2),#22);
#3704=PRESENTATION_STYLE_ASSIGNMENT((#3703));
#3705=STYLED_ITEM('',(#3704),#3702);
#3706=DIRECTION('',(1.E0,0.E0,-5.989510881568E-14));
#3707=VECTOR('',#3706,9.749999999999E-1);
#3708=CARTESIAN_POINT('',(-1.65E0,2.E-1,-1.85E0));
#3709=LINE('',#3708,#3707);
#3710=CURVE_STYLE('',#33,POSITIVE_LENGTH_MEASURE(2.E-2),#22);
#3711=PRESENTATION_STYLE_ASSIGNMENT((#3710));
#3712=STYLED_ITEM('',(#3711),#3709);
#3713=DIRECTION('',(0.E0,0.E0,1.E0));
#3714=VECTOR('',#3713,2.5E-1);
#3715=CARTESIAN_POINT('',(-1.65E0,2.E-1,-2.1E0));
#3716=LINE('',#3715,#3714);
#3717=CURVE_STYLE('',#33,POSITIVE_LENGTH_MEASURE(2.E-2),#22);
#3718=PRESENTATION_STYLE_ASSIGNMENT((#3717));
#3719=STYLED_ITEM('',(#3718),#3716);
#3720=DIRECTION('',(-1.E0,0.E0,-7.389526219486E-14));
#3721=VECTOR('',#3720,6.2501E-1);
#3722=CARTESIAN_POINT('',(-1.02499E0,2.E-1,-2.1E0));
#3723=LINE('',#3722,#3721);
#3724=CURVE_STYLE('',#33,POSITIVE_LENGTH_MEASURE(2.E-2),#22);
#3725=PRESENTATION_STYLE_ASSIGNMENT((#3724));
#3726=STYLED_ITEM('',(#3725),#3723);
#3727=CARTESIAN_POINT('',(-1.02499E0,2.E-1,-2.15E0));
#3728=DIRECTION('',(0.E0,-1.E0,0.E0));
#3729=DIRECTION('',(1.E0,0.E0,-6.616929226766E-12));
#3730=AXIS2_PLACEMENT_3D('',#3727,#3728,#3729);
#3732=CURVE_STYLE('',#33,POSITIVE_LENGTH_MEASURE(2.E-2),#22);
#3733=PRESENTATION_STYLE_ASSIGNMENT((#3732));
#3734=STYLED_ITEM('',(#3733),#3731);
#3735=DIRECTION('',(0.E0,1.E0,0.E0));
#3736=VECTOR('',#3735,2.E-1);
#3737=CARTESIAN_POINT('',(-6.25E-1,0.E0,-1.9E0));
#3738=LINE('',#3737,#3736);
#3739=CURVE_STYLE('',#33,POSITIVE_LENGTH_MEASURE(2.E-2),#22);
#3740=PRESENTATION_STYLE_ASSIGNMENT((#3739));
#3741=STYLED_ITEM('',(#3740),#3738);
#3742=DIRECTION('',(0.E0,1.E0,0.E0));
#3743=VECTOR('',#3742,2.E-1);
#3744=CARTESIAN_POINT('',(-6.750000000001E-1,0.E0,-1.85E0));
#3745=LINE('',#3744,#3743);
#3746=CURVE_STYLE('',#33,POSITIVE_LENGTH_MEASURE(2.E-2),#22);
#3747=PRESENTATION_STYLE_ASSIGNMENT((#3746));
#3748=STYLED_ITEM('',(#3747),#3745);
#3749=DIRECTION('',(0.E0,1.E0,0.E0));
#3750=VECTOR('',#3749,2.E-1);
#3751=CARTESIAN_POINT('',(-1.65E0,0.E0,-1.85E0));
#3752=LINE('',#3751,#3750);
#3753=CURVE_STYLE('',#33,POSITIVE_LENGTH_MEASURE(2.E-2),#22);
#3754=PRESENTATION_STYLE_ASSIGNMENT((#3753));
#3755=STYLED_ITEM('',(#3754),#3752);
#3756=DIRECTION('',(0.E0,1.E0,0.E0));
#3757=VECTOR('',#3756,2.E-1);
#3758=CARTESIAN_POINT('',(-1.65E0,0.E0,-2.1E0));
#3759=LINE('',#3758,#3757);
#3760=CURVE_STYLE('',#33,POSITIVE_LENGTH_MEASURE(2.E-2),#22);
#3761=PRESENTATION_STYLE_ASSIGNMENT((#3760));
#3762=STYLED_ITEM('',(#3761),#3759);
#3763=DIRECTION('',(0.E0,1.E0,0.E0));
#3764=VECTOR('',#3763,2.E-1);
#3765=CARTESIAN_POINT('',(-1.02499E0,0.E0,-2.1E0));
#3766=LINE('',#3765,#3764);
#3767=CURVE_STYLE('',#33,POSITIVE_LENGTH_MEASURE(2.E-2),#22);
#3768=PRESENTATION_STYLE_ASSIGNMENT((#3767));
#3769=STYLED_ITEM('',(#3768),#3766);
#3770=DIRECTION('',(0.E0,1.E0,0.E0));
#3771=VECTOR('',#3770,2.E-1);
#3772=CARTESIAN_POINT('',(-9.7499E-1,0.E0,-2.15E0));
#3773=LINE('',#3772,#3771);
#3774=CURVE_STYLE('',#33,POSITIVE_LENGTH_MEASURE(2.E-2),#22);
#3775=PRESENTATION_STYLE_ASSIGNMENT((#3774));
#3776=STYLED_ITEM('',(#3775),#3773);
#3777=CARTESIAN_POINT('',(-9.749899999999E-1,0.E0,-2.25E0));
#3778=CARTESIAN_POINT('',(-9.7499E-1,0.E0,-2.15E0));
#3779=VERTEX_POINT('',#3777);
#3780=VERTEX_POINT('',#3778);
#3781=CARTESIAN_POINT('',(-1.02499E0,0.E0,-2.1E0));
#3782=VERTEX_POINT('',#3781);
#3783=CARTESIAN_POINT('',(-1.65E0,0.E0,-2.1E0));
#3784=VERTEX_POINT('',#3783);
#3785=CARTESIAN_POINT('',(-1.65E0,0.E0,-1.85E0));
#3786=VERTEX_POINT('',#3785);
#3787=CARTESIAN_POINT('',(-6.750000000001E-1,0.E0,-1.85E0));
#3788=VERTEX_POINT('',#3787);
#3789=CARTESIAN_POINT('',(-6.249999999999E-1,0.E0,-1.9E0));
#3790=VERTEX_POINT('',#3789);
#3791=CARTESIAN_POINT('',(-6.25E-1,0.E0,-2.25E0));
#3792=VERTEX_POINT('',#3791);
#3793=CARTESIAN_POINT('',(-9.749899999999E-1,2.E-1,-2.25E0));
#3794=CARTESIAN_POINT('',(-9.7499E-1,2.E-1,-2.15E0));
#3795=VERTEX_POINT('',#3793);
#3796=VERTEX_POINT('',#3794);
#3797=CARTESIAN_POINT('',(-1.02499E0,2.E-1,-2.1E0));
#3798=VERTEX_POINT('',#3797);
#3799=CARTESIAN_POINT('',(-1.65E0,2.E-1,-2.1E0));
#3800=VERTEX_POINT('',#3799);
#3801=CARTESIAN_POINT('',(-1.65E0,2.E-1,-1.85E0));
#3802=VERTEX_POINT('',#3801);
#3803=CARTESIAN_POINT('',(-6.750000000001E-1,2.E-1,-1.85E0));
#3804=VERTEX_POINT('',#3803);
#3805=CARTESIAN_POINT('',(-6.249999999999E-1,2.E-1,-1.9E0));
#3806=VERTEX_POINT('',#3805);
#3807=CARTESIAN_POINT('',(-6.25E-1,2.E-1,-2.25E0));
#3808=VERTEX_POINT('',#3807);
#3809=CARTESIAN_POINT('',(-6.25E-1,0.E0,-2.25E0));
#3810=DIRECTION('',(0.E0,0.E0,-1.E0));
#3811=DIRECTION('',(-1.E0,0.E0,0.E0));
#3812=AXIS2_PLACEMENT_3D('',#3809,#3810,#3811);
#3813=PLANE('',#3812);
#3815=ORIENTED_EDGE('',*,*,#3814,.F.);
#3817=ORIENTED_EDGE('',*,*,#3816,.T.);
#3819=ORIENTED_EDGE('',*,*,#3818,.T.);
#3821=ORIENTED_EDGE('',*,*,#3820,.F.);
#3822=EDGE_LOOP('',(#3815,#3817,#3819,#3821));
#3823=FACE_OUTER_BOUND('',#3822,.F.);
#3824=ADVANCED_FACE('',(#3823),#3813,.T.);
#3825=FILL_AREA_STYLE_COLOUR('',#20);
#3826=FILL_AREA_STYLE('',(#3825));
#3827=SURFACE_STYLE_FILL_AREA(#3826);
#3828=SURFACE_SIDE_STYLE('',(#3827));
#3829=SURFACE_STYLE_USAGE(.POSITIVE.,#3828);
#3830=PRESENTATION_STYLE_ASSIGNMENT((#3829));
#3831=OVER_RIDING_STYLED_ITEM('',(#3830),#3824,#3604);
#3832=CARTESIAN_POINT('',(0.E0,0.E0,0.E0));
#3833=DIRECTION('',(0.E0,1.E0,0.E0));
#3834=DIRECTION('',(1.E0,0.E0,0.E0));
#3835=AXIS2_PLACEMENT_3D('',#3832,#3833,#3834);
#3836=PLANE('',#3835);
#3838=ORIENTED_EDGE('',*,*,#3837,.T.);
#3840=ORIENTED_EDGE('',*,*,#3839,.T.);
#3842=ORIENTED_EDGE('',*,*,#3841,.T.);
#3844=ORIENTED_EDGE('',*,*,#3843,.T.);
#3846=ORIENTED_EDGE('',*,*,#3845,.T.);
#3848=ORIENTED_EDGE('',*,*,#3847,.T.);
#3850=ORIENTED_EDGE('',*,*,#3849,.T.);
#3851=ORIENTED_EDGE('',*,*,#3814,.T.);
#3852=EDGE_LOOP('',(#3838,#3840,#3842,#3844,#3846,#3848,#3850,#3851));
#3853=FACE_OUTER_BOUND('',#3852,.F.);
#3854=ADVANCED_FACE('',(#3853),#3836,.F.);
#3855=CARTESIAN_POINT('',(-9.749899999999E-1,0.E0,-2.25E0));
#3856=DIRECTION('',(-1.E0,0.E0,0.E0));
#3857=DIRECTION('',(0.E0,0.E0,1.E0));
#3858=AXIS2_PLACEMENT_3D('',#3855,#3856,#3857);
#3859=PLANE('',#3858);
#3860=ORIENTED_EDGE('',*,*,#3837,.F.);
#3861=ORIENTED_EDGE('',*,*,#3820,.T.);
#3863=ORIENTED_EDGE('',*,*,#3862,.T.);
#3865=ORIENTED_EDGE('',*,*,#3864,.F.);
#3866=EDGE_LOOP('',(#3860,#3861,#3863,#3865));
#3867=FACE_OUTER_BOUND('',#3866,.F.);
#3868=ADVANCED_FACE('',(#3867),#3859,.T.);
#3869=CARTESIAN_POINT('',(0.E0,2.E-1,0.E0));
#3870=DIRECTION('',(0.E0,1.E0,0.E0));
#3871=DIRECTION('',(1.E0,0.E0,0.E0));
#3872=AXIS2_PLACEMENT_3D('',#3869,#3870,#3871);
#3873=PLANE('',#3872);
#3874=ORIENTED_EDGE('',*,*,#3862,.F.);
#3875=ORIENTED_EDGE('',*,*,#3818,.F.);
#3877=ORIENTED_EDGE('',*,*,#3876,.F.);
#3879=ORIENTED_EDGE('',*,*,#3878,.F.);
#3881=ORIENTED_EDGE('',*,*,#3880,.F.);
#3883=ORIENTED_EDGE('',*,*,#3882,.F.);
#3885=ORIENTED_EDGE('',*,*,#3884,.F.);
#3887=ORIENTED_EDGE('',*,*,#3886,.F.);
#3888=EDGE_LOOP('',(#3874,#3875,#3877,#3879,#3881,#3883,#3885,#3887));
#3889=FACE_OUTER_BOUND('',#3888,.F.);
#3890=ADVANCED_FACE('',(#3889),#3873,.T.);
#3891=CARTESIAN_POINT('',(-6.25E-1,0.E0,-1.9E0));
#3892=DIRECTION('',(1.E0,0.E0,0.E0));
#3893=DIRECTION('',(0.E0,0.E0,-1.E0));
#3894=AXIS2_PLACEMENT_3D('',#3891,#3892,#3893);
#3895=PLANE('',#3894);
#3896=ORIENTED_EDGE('',*,*,#3849,.F.);
#3898=ORIENTED_EDGE('',*,*,#3897,.T.);
#3899=ORIENTED_EDGE('',*,*,#3876,.T.);
#3900=ORIENTED_EDGE('',*,*,#3816,.F.);
#3901=EDGE_LOOP('',(#3896,#3898,#3899,#3900));
#3902=FACE_OUTER_BOUND('',#3901,.F.);
#3903=ADVANCED_FACE('',(#3902),#3895,.T.);
#3904=CARTESIAN_POINT('',(-6.75E-1,0.E0,-1.9E0));
#3905=DIRECTION('',(0.E0,1.E0,0.E0));
#3906=DIRECTION('',(1.E0,0.E0,0.E0));
#3907=AXIS2_PLACEMENT_3D('',#3904,#3905,#3906);
#3908=CYLINDRICAL_SURFACE('',#3907,5.000000000001E-2);
#3909=ORIENTED_EDGE('',*,*,#3847,.F.);
#3911=ORIENTED_EDGE('',*,*,#3910,.T.);
#3912=ORIENTED_EDGE('',*,*,#3878,.T.);
#3913=ORIENTED_EDGE('',*,*,#3897,.F.);
#3914=EDGE_LOOP('',(#3909,#3911,#3912,#3913));
#3915=FACE_OUTER_BOUND('',#3914,.F.);
#3916=ADVANCED_FACE('',(#3915),#3908,.T.);
#3917=CARTESIAN_POINT('',(-1.65E0,0.E0,-1.85E0));
#3918=DIRECTION('',(0.E0,0.E0,1.E0));
#3919=DIRECTION('',(1.E0,0.E0,0.E0));
#3920=AXIS2_PLACEMENT_3D('',#3917,#3918,#3919);
#3921=PLANE('',#3920);
#3922=ORIENTED_EDGE('',*,*,#3845,.F.);
#3924=ORIENTED_EDGE('',*,*,#3923,.T.);
#3925=ORIENTED_EDGE('',*,*,#3880,.T.);
#3926=ORIENTED_EDGE('',*,*,#3910,.F.);
#3927=EDGE_LOOP('',(#3922,#3924,#3925,#3926));
#3928=FACE_OUTER_BOUND('',#3927,.F.);
#3929=ADVANCED_FACE('',(#3928),#3921,.T.);
#3930=CARTESIAN_POINT('',(-1.65E0,0.E0,-2.1E0));
#3931=DIRECTION('',(-1.E0,0.E0,0.E0));
#3932=DIRECTION('',(0.E0,0.E0,1.E0));
#3933=AXIS2_PLACEMENT_3D('',#3930,#3931,#3932);
#3934=PLANE('',#3933);
#3935=ORIENTED_EDGE('',*,*,#3843,.F.);
#3937=ORIENTED_EDGE('',*,*,#3936,.T.);
#3938=ORIENTED_EDGE('',*,*,#3882,.T.);
#3939=ORIENTED_EDGE('',*,*,#3923,.F.);
#3940=EDGE_LOOP('',(#3935,#3937,#3938,#3939));
#3941=FACE_OUTER_BOUND('',#3940,.F.);
#3942=ADVANCED_FACE('',(#3941),#3934,.T.);
#3943=FILL_AREA_STYLE_COLOUR('',#20);
#3944=FILL_AREA_STYLE('',(#3943));
#3945=SURFACE_STYLE_FILL_AREA(#3944);
#3946=SURFACE_SIDE_STYLE('',(#3945));
#3947=SURFACE_STYLE_USAGE(.POSITIVE.,#3946);
#3948=PRESENTATION_STYLE_ASSIGNMENT((#3947));
#3949=OVER_RIDING_STYLED_ITEM('',(#3948),#3942,#3604);
#3950=CARTESIAN_POINT('',(-1.02499E0,0.E0,-2.1E0));
#3951=DIRECTION('',(7.389526219486E-14,0.E0,-1.E0));
#3952=DIRECTION('',(-1.E0,0.E0,-7.389526219486E-14));
#3953=AXIS2_PLACEMENT_3D('',#3950,#3951,#3952);
#3954=PLANE('',#3953);
#3955=ORIENTED_EDGE('',*,*,#3841,.F.);
#3957=ORIENTED_EDGE('',*,*,#3956,.T.);
#3958=ORIENTED_EDGE('',*,*,#3884,.T.);
#3959=ORIENTED_EDGE('',*,*,#3936,.F.);
#3960=EDGE_LOOP('',(#3955,#3957,#3958,#3959));
#3961=FACE_OUTER_BOUND('',#3960,.F.);
#3962=ADVANCED_FACE('',(#3961),#3954,.T.);
#3963=CARTESIAN_POINT('',(-1.02499E0,0.E0,-2.15E0));
#3964=DIRECTION('',(0.E0,1.E0,0.E0));
#3965=DIRECTION('',(1.E0,0.E0,0.E0));
#3966=AXIS2_PLACEMENT_3D('',#3963,#3964,#3965);
#3967=CYLINDRICAL_SURFACE('',#3966,5.E-2);
#3968=ORIENTED_EDGE('',*,*,#3839,.F.);
#3969=ORIENTED_EDGE('',*,*,#3864,.T.);
#3970=ORIENTED_EDGE('',*,*,#3886,.T.);
#3971=ORIENTED_EDGE('',*,*,#3956,.F.);
#3972=EDGE_LOOP('',(#3968,#3969,#3970,#3971));
#3973=FACE_OUTER_BOUND('',#3972,.F.);
#3974=ADVANCED_FACE('',(#3973),#3967,.F.);
#3975=CLOSED_SHELL('',(#3824,#3854,#3868,#3890,#3903,#3916,#3929,#3942,#3962,
#3974));
#3976=MANIFOLD_SOLID_BREP('',#3975);
#3977=FILL_AREA_STYLE_COLOUR('',#22);
#3978=FILL_AREA_STYLE('',(#3977));
#3979=SURFACE_STYLE_FILL_AREA(#3978);
#3980=SURFACE_SIDE_STYLE('',(#3979));
#3981=SURFACE_STYLE_USAGE(.POSITIVE.,#3980);
#3982=PRESENTATION_STYLE_ASSIGNMENT((#3981));
#3604=STYLED_ITEM('',(#3982),#3976);
#3984=DIRECTION('',(0.E0,0.E0,1.E0));
#3985=VECTOR('',#3984,3.E-1);
#3986=CARTESIAN_POINT('',(1.25E-1,2.E-1,-2.25E0));
#3987=LINE('',#3986,#3985);
#3988=CURVE_STYLE('',#33,POSITIVE_LENGTH_MEASURE(2.E-2),#22);
#3989=PRESENTATION_STYLE_ASSIGNMENT((#3988));
#3990=STYLED_ITEM('',(#3989),#3987);
#3991=DIRECTION('',(-1.E0,0.E0,0.E0));
#3992=VECTOR('',#3991,2.62E-1);
#3993=CARTESIAN_POINT('',(3.87E-1,2.E-1,-2.25E0));
#3994=LINE('',#3993,#3992);
#3995=CURVE_STYLE('',#33,POSITIVE_LENGTH_MEASURE(2.E-2),#22);
#3996=PRESENTATION_STYLE_ASSIGNMENT((#3995));
#3997=STYLED_ITEM('',(#3996),#3994);
#3998=DIRECTION('',(0.E0,0.E0,-1.E0));
#3999=VECTOR('',#3998,3.E-1);
#4000=CARTESIAN_POINT('',(3.87E-1,2.E-1,-1.95E0));
#4001=LINE('',#4000,#3999);
#4002=CURVE_STYLE('',#33,POSITIVE_LENGTH_MEASURE(2.E-2),#22);
#4003=PRESENTATION_STYLE_ASSIGNMENT((#4002));
#4004=STYLED_ITEM('',(#4003),#4001);
#4005=DIRECTION('',(1.E0,0.E0,0.E0));
#4006=VECTOR('',#4005,2.62E-1);
#4007=CARTESIAN_POINT('',(1.25E-1,2.E-1,-1.95E0));
#4008=LINE('',#4007,#4006);
#4009=CURVE_STYLE('',#33,POSITIVE_LENGTH_MEASURE(2.E-2),#22);
#4010=PRESENTATION_STYLE_ASSIGNMENT((#4009));
#4011=STYLED_ITEM('',(#4010),#4008);
#4012=DIRECTION('',(0.E0,-1.E0,0.E0));
#4013=VECTOR('',#4012,1.E-1);
#4014=CARTESIAN_POINT('',(1.25E-1,2.E-1,-2.25E0));
#4015=LINE('',#4014,#4013);
#4016=CURVE_STYLE('',#33,POSITIVE_LENGTH_MEASURE(2.E-2),#22);
#4017=PRESENTATION_STYLE_ASSIGNMENT((#4016));
#4018=STYLED_ITEM('',(#4017),#4015);
#4019=DIRECTION('',(0.E0,-1.E0,0.E0));
#4020=VECTOR('',#4019,1.E-1);
#4021=CARTESIAN_POINT('',(1.25E-1,2.E-1,-1.95E0));
#4022=LINE('',#4021,#4020);
#4023=CURVE_STYLE('',#33,POSITIVE_LENGTH_MEASURE(2.E-2),#22);
#4024=PRESENTATION_STYLE_ASSIGNMENT((#4023));
#4025=STYLED_ITEM('',(#4024),#4022);
#4026=DIRECTION('',(0.E0,-1.E0,0.E0));
#4027=VECTOR('',#4026,1.E-1);
#4028=CARTESIAN_POINT('',(3.87E-1,2.E-1,-1.95E0));
#4029=LINE('',#4028,#4027);
#4030=CURVE_STYLE('',#33,POSITIVE_LENGTH_MEASURE(2.E-2),#22);
#4031=PRESENTATION_STYLE_ASSIGNMENT((#4030));
#4032=STYLED_ITEM('',(#4031),#4029);
#4033=DIRECTION('',(0.E0,-1.E0,0.E0));
#4034=VECTOR('',#4033,1.E-1);
#4035=CARTESIAN_POINT('',(3.87E-1,2.E-1,-2.25E0));
#4036=LINE('',#4035,#4034);
#4037=CURVE_STYLE('',#33,POSITIVE_LENGTH_MEASURE(2.E-2),#22);
#4038=PRESENTATION_STYLE_ASSIGNMENT((#4037));
#4039=STYLED_ITEM('',(#4038),#4036);
#4040=DIRECTION('',(0.E0,0.E0,1.E0));
#4041=VECTOR('',#4040,3.E-1);
#4042=CARTESIAN_POINT('',(1.25E-1,1.E-1,-2.25E0));
#4043=LINE('',#4042,#4041);
#4044=CURVE_STYLE('',#33,POSITIVE_LENGTH_MEASURE(2.E-2),#22);
#4045=PRESENTATION_STYLE_ASSIGNMENT((#4044));
#4046=STYLED_ITEM('',(#4045),#4043);
#4047=DIRECTION('',(1.E0,0.E0,0.E0));
#4048=VECTOR('',#4047,2.62E-1);
#4049=CARTESIAN_POINT('',(1.25E-1,1.E-1,-1.95E0));
#4050=LINE('',#4049,#4048);
#4051=CURVE_STYLE('',#33,POSITIVE_LENGTH_MEASURE(2.E-2),#22);
#4052=PRESENTATION_STYLE_ASSIGNMENT((#4051));
#4053=STYLED_ITEM('',(#4052),#4050);
#4054=DIRECTION('',(0.E0,0.E0,-1.E0));
#4055=VECTOR('',#4054,3.E-1);
#4056=CARTESIAN_POINT('',(3.87E-1,1.E-1,-1.95E0));
#4057=LINE('',#4056,#4055);
#4058=CURVE_STYLE('',#33,POSITIVE_LENGTH_MEASURE(2.E-2),#22);
#4059=PRESENTATION_STYLE_ASSIGNMENT((#4058));
#4060=STYLED_ITEM('',(#4059),#4057);
#4061=DIRECTION('',(-1.E0,0.E0,0.E0));
#4062=VECTOR('',#4061,2.62E-1);
#4063=CARTESIAN_POINT('',(3.87E-1,1.E-1,-2.25E0));
#4064=LINE('',#4063,#4062);
#4065=CURVE_STYLE('',#33,POSITIVE_LENGTH_MEASURE(2.E-2),#22);
#4066=PRESENTATION_STYLE_ASSIGNMENT((#4065));
#4067=STYLED_ITEM('',(#4066),#4064);
#4068=CARTESIAN_POINT('',(1.25E-1,2.E-1,-2.25E0));
#4069=CARTESIAN_POINT('',(1.25E-1,2.E-1,-1.95E0));
#4070=VERTEX_POINT('',#4068);
#4071=VERTEX_POINT('',#4069);
#4072=CARTESIAN_POINT('',(3.87E-1,2.E-1,-1.95E0));
#4073=VERTEX_POINT('',#4072);
#4074=CARTESIAN_POINT('',(3.87E-1,2.E-1,-2.25E0));
#4075=VERTEX_POINT('',#4074);
#4076=CARTESIAN_POINT('',(1.25E-1,1.E-1,-2.25E0));
#4077=CARTESIAN_POINT('',(1.25E-1,1.E-1,-1.95E0));
#4078=VERTEX_POINT('',#4076);
#4079=VERTEX_POINT('',#4077);
#4080=CARTESIAN_POINT('',(3.87E-1,1.E-1,-1.95E0));
#4081=VERTEX_POINT('',#4080);
#4082=CARTESIAN_POINT('',(3.87E-1,1.E-1,-2.25E0));
#4083=VERTEX_POINT('',#4082);
#4084=CARTESIAN_POINT('',(0.E0,2.E-1,0.E0));
#4085=DIRECTION('',(0.E0,1.E0,0.E0));
#4086=DIRECTION('',(1.E0,0.E0,0.E0));
#4087=AXIS2_PLACEMENT_3D('',#4084,#4085,#4086);
#4088=PLANE('',#4087);
#4090=ORIENTED_EDGE('',*,*,#4089,.F.);
#4092=ORIENTED_EDGE('',*,*,#4091,.F.);
#4094=ORIENTED_EDGE('',*,*,#4093,.F.);
#4096=ORIENTED_EDGE('',*,*,#4095,.F.);
#4097=EDGE_LOOP('',(#4090,#4092,#4094,#4096));
#4098=FACE_OUTER_BOUND('',#4097,.F.);
#4099=ADVANCED_FACE('',(#4098),#4088,.T.);
#4100=CARTESIAN_POINT('',(1.25E-1,2.E-1,-2.25E0));
#4101=DIRECTION('',(-1.E0,0.E0,0.E0));
#4102=DIRECTION('',(0.E0,0.E0,1.E0));
#4103=AXIS2_PLACEMENT_3D('',#4100,#4101,#4102);
#4104=PLANE('',#4103);
#4105=ORIENTED_EDGE('',*,*,#4089,.T.);
#4107=ORIENTED_EDGE('',*,*,#4106,.T.);
#4109=ORIENTED_EDGE('',*,*,#4108,.F.);
#4111=ORIENTED_EDGE('',*,*,#4110,.F.);
#4112=EDGE_LOOP('',(#4105,#4107,#4109,#4111));
#4113=FACE_OUTER_BOUND('',#4112,.F.);
#4114=ADVANCED_FACE('',(#4113),#4104,.T.);
#4115=CARTESIAN_POINT('',(1.25E-1,2.E-1,-1.95E0));
#4116=DIRECTION('',(0.E0,0.E0,1.E0));
#4117=DIRECTION('',(1.E0,0.E0,0.E0));
#4118=AXIS2_PLACEMENT_3D('',#4115,#4116,#4117);
#4119=PLANE('',#4118);
#4120=ORIENTED_EDGE('',*,*,#4095,.T.);
#4122=ORIENTED_EDGE('',*,*,#4121,.T.);
#4124=ORIENTED_EDGE('',*,*,#4123,.F.);
#4125=ORIENTED_EDGE('',*,*,#4106,.F.);
#4126=EDGE_LOOP('',(#4120,#4122,#4124,#4125));
#4127=FACE_OUTER_BOUND('',#4126,.F.);
#4128=ADVANCED_FACE('',(#4127),#4119,.T.);
#4129=CARTESIAN_POINT('',(3.87E-1,2.E-1,-1.95E0));
#4130=DIRECTION('',(1.E0,0.E0,0.E0));
#4131=DIRECTION('',(0.E0,0.E0,-1.E0));
#4132=AXIS2_PLACEMENT_3D('',#4129,#4130,#4131);
#4133=PLANE('',#4132);
#4134=ORIENTED_EDGE('',*,*,#4093,.T.);
#4136=ORIENTED_EDGE('',*,*,#4135,.T.);
#4138=ORIENTED_EDGE('',*,*,#4137,.F.);
#4139=ORIENTED_EDGE('',*,*,#4121,.F.);
#4140=EDGE_LOOP('',(#4134,#4136,#4138,#4139));
#4141=FACE_OUTER_BOUND('',#4140,.F.);
#4142=ADVANCED_FACE('',(#4141),#4133,.T.);
#4143=CARTESIAN_POINT('',(3.87E-1,2.E-1,-2.25E0));
#4144=DIRECTION('',(0.E0,0.E0,-1.E0));
#4145=DIRECTION('',(-1.E0,0.E0,0.E0));
#4146=AXIS2_PLACEMENT_3D('',#4143,#4144,#4145);
#4147=PLANE('',#4146);
#4148=ORIENTED_EDGE('',*,*,#4091,.T.);
#4149=ORIENTED_EDGE('',*,*,#4110,.T.);
#4151=ORIENTED_EDGE('',*,*,#4150,.F.);
#4152=ORIENTED_EDGE('',*,*,#4135,.F.);
#4153=EDGE_LOOP('',(#4148,#4149,#4151,#4152));
#4154=FACE_OUTER_BOUND('',#4153,.F.);
#4155=ADVANCED_FACE('',(#4154),#4147,.T.);
#4156=FILL_AREA_STYLE_COLOUR('',#20);
#4157=FILL_AREA_STYLE('',(#4156));
#4158=SURFACE_STYLE_FILL_AREA(#4157);
#4159=SURFACE_SIDE_STYLE('',(#4158));
#4160=SURFACE_STYLE_USAGE(.POSITIVE.,#4159);
#4161=PRESENTATION_STYLE_ASSIGNMENT((#4160));
#4162=OVER_RIDING_STYLED_ITEM('',(#4161),#4155,#3983);
#4163=CARTESIAN_POINT('',(0.E0,1.E-1,0.E0));
#4164=DIRECTION('',(0.E0,1.E0,0.E0));
#4165=DIRECTION('',(1.E0,0.E0,0.E0));
#4166=AXIS2_PLACEMENT_3D('',#4163,#4164,#4165);
#4167=PLANE('',#4166);
#4168=ORIENTED_EDGE('',*,*,#4108,.T.);
#4169=ORIENTED_EDGE('',*,*,#4123,.T.);
#4170=ORIENTED_EDGE('',*,*,#4137,.T.);
#4171=ORIENTED_EDGE('',*,*,#4150,.T.);
#4172=EDGE_LOOP('',(#4168,#4169,#4170,#4171));
#4173=FACE_OUTER_BOUND('',#4172,.F.);
#4174=ADVANCED_FACE('',(#4173),#4167,.F.);
#4175=CLOSED_SHELL('',(#4099,#4114,#4128,#4142,#4155,#4174));
#4176=MANIFOLD_SOLID_BREP('',#4175);
#4177=FILL_AREA_STYLE_COLOUR('',#22);
#4178=FILL_AREA_STYLE('',(#4177));
#4179=SURFACE_STYLE_FILL_AREA(#4178);
#4180=SURFACE_SIDE_STYLE('',(#4179));
#4181=SURFACE_STYLE_USAGE(.POSITIVE.,#4180);
#4182=PRESENTATION_STYLE_ASSIGNMENT((#4181));
#3983=STYLED_ITEM('',(#4182),#4176);
#4184=DIMENSIONAL_EXPONENTS(0.E0,0.E0,0.E0,0.E0,0.E0,0.E0,0.E0);
#4186=PLANE_ANGLE_MEASURE_WITH_UNIT(PLANE_ANGLE_MEASURE(1.745329251994E-2),
#4185);
#4187=(CONVERSION_BASED_UNIT('DEGREE',#4186)NAMED_UNIT(*)PLANE_ANGLE_UNIT());
#4189=UNCERTAINTY_MEASURE_WITH_UNIT(LENGTH_MEASURE(5.583682087108E-4),#4183,
'closure',
'Maximum model space distance between geometric entities at asserted connectivities');
#4190=(GEOMETRIC_REPRESENTATION_CONTEXT(3)GLOBAL_UNCERTAINTY_ASSIGNED_CONTEXT((
#4189))GLOBAL_UNIT_ASSIGNED_CONTEXT((#4183,#4187,#4188))REPRESENTATION_CONTEXT(
'ID1','3'));
#4191=CARTESIAN_POINT('',(0.E0,0.E0,0.E0));
#4192=DIRECTION('',(0.E0,0.E0,1.E0));
#4193=DIRECTION('',(1.E0,0.E0,0.E0));
#4196=APPLICATION_CONTEXT(
'CONFIGURATION CONTROLLED 3D DESIGNS OF MECHANICAL PARTS AND ASSEMBLIES');
#4197=APPLICATION_PROTOCOL_DEFINITION('international standard',
'config_control_design',1994,#4196);
#4198=DESIGN_CONTEXT('',#4196,'design');
#4199=MECHANICAL_CONTEXT('',#4196,'mechanical');
#4200=PRODUCT('RCJ0009A_FRAME','RCJ0009A_FRAME','NOT SPECIFIED',(#4199));
#4201=PRODUCT_DEFINITION_FORMATION_WITH_SPECIFIED_SOURCE('10','LAST_VERSION',
#4200,.MADE.);
#4210=CARTESIAN_POINT('',(0.E0,0.E0,0.E0));
#4211=DIRECTION('',(0.E0,-1.E0,0.E0));
#4212=DIRECTION('',(1.E0,0.E0,0.E0));
#4213=AXIS2_PLACEMENT_3D('',#4210,#4211,#4212);
#4214=ITEM_DEFINED_TRANSFORMATION('','',#4194,#4213);
#4215=(REPRESENTATION_RELATIONSHIP('','',#4195,#4207)REPRESENTATION_RELATIONSHIP_WITH_TRANSFORMATION(#4214)SHAPE_REPRESENTATION_RELATIONSHIP());
#4216=CONTEXT_DEPENDENT_SHAPE_REPRESENTATION(#4215,#4209);
#4218=DIRECTION('',(1.E0,0.E0,0.E0));
#4219=VECTOR('',#4218,4.8E-1);
#4220=CARTESIAN_POINT('',(-1.65E0,0.E0,-1.6E0));
#4221=LINE('',#4220,#4219);
#4222=CURVE_STYLE('',#33,POSITIVE_LENGTH_MEASURE(2.E-2),#3);
#4223=PRESENTATION_STYLE_ASSIGNMENT((#4222));
#4224=STYLED_ITEM('',(#4223),#4221);
#4225=DIRECTION('',(-7.071067811865E-1,0.E0,-7.071067811865E-1));
#4226=VECTOR('',#4225,1.697056274849E-1);
#4227=CARTESIAN_POINT('',(-1.05E0,0.E0,-1.48E0));
#4228=LINE('',#4227,#4226);
#4229=CURVE_STYLE('',#33,POSITIVE_LENGTH_MEASURE(2.E-2),#3);
#4230=PRESENTATION_STYLE_ASSIGNMENT((#4229));
#4231=STYLED_ITEM('',(#4230),#4228);
#4232=DIRECTION('',(0.E0,0.E0,-1.E0));
#4233=VECTOR('',#4232,1.299999999999E-1);
#4234=CARTESIAN_POINT('',(-1.05E0,0.E0,-1.35E0));
#4235=LINE('',#4234,#4233);
#4236=CURVE_STYLE('',#33,POSITIVE_LENGTH_MEASURE(2.E-2),#3);
#4237=PRESENTATION_STYLE_ASSIGNMENT((#4236));
#4238=STYLED_ITEM('',(#4237),#4235);
#4239=DIRECTION('',(1.E0,0.E0,0.E0));
#4240=VECTOR('',#4239,6.000000000002E-1);
#4241=CARTESIAN_POINT('',(-1.65E0,0.E0,-1.35E0));
#4242=LINE('',#4241,#4240);
#4243=CURVE_STYLE('',#33,POSITIVE_LENGTH_MEASURE(2.E-2),#3);
#4244=PRESENTATION_STYLE_ASSIGNMENT((#4243));
#4245=STYLED_ITEM('',(#4244),#4242);
#4246=DIRECTION('',(0.E0,0.E0,1.E0));
#4247=VECTOR('',#4246,2.5E-1);
#4248=CARTESIAN_POINT('',(-1.65E0,0.E0,-1.35E0));
#4249=LINE('',#4248,#4247);
#4250=CURVE_STYLE('',#33,POSITIVE_LENGTH_MEASURE(2.E-2),#3);
#4251=PRESENTATION_STYLE_ASSIGNMENT((#4250));
#4252=STYLED_ITEM('',(#4251),#4249);
#4253=DIRECTION('',(1.E0,0.E0,0.E0));
#4254=VECTOR('',#4253,6.000000000002E-1);
#4255=CARTESIAN_POINT('',(-1.65E0,0.E0,-1.1E0));
#4256=LINE('',#4255,#4254);
#4257=CURVE_STYLE('',#33,POSITIVE_LENGTH_MEASURE(2.E-2),#3);
#4258=PRESENTATION_STYLE_ASSIGNMENT((#4257));
#4259=STYLED_ITEM('',(#4258),#4256);
#4260=DIRECTION('',(0.E0,0.E0,-1.E0));
#4261=VECTOR('',#4260,2.5E-1);
#4262=CARTESIAN_POINT('',(-1.05E0,0.E0,-8.500000000001E-1));
#4263=LINE('',#4262,#4261);
#4264=CURVE_STYLE('',#33,POSITIVE_LENGTH_MEASURE(2.E-2),#3);
#4265=PRESENTATION_STYLE_ASSIGNMENT((#4264));
#4266=STYLED_ITEM('',(#4265),#4263);
#4267=DIRECTION('',(1.E0,0.E0,0.E0));
#4268=VECTOR('',#4267,6.000000000002E-1);
#4269=CARTESIAN_POINT('',(-1.65E0,0.E0,-8.500000000001E-1));
#4270=LINE('',#4269,#4268);
#4271=CURVE_STYLE('',#33,POSITIVE_LENGTH_MEASURE(2.E-2),#3);
#4272=PRESENTATION_STYLE_ASSIGNMENT((#4271));
#4273=STYLED_ITEM('',(#4272),#4270);
#4274=DIRECTION('',(0.E0,0.E0,1.E0));
#4275=VECTOR('',#4274,2.5E-1);
#4276=CARTESIAN_POINT('',(-1.65E0,0.E0,-8.500000000001E-1));
#4277=LINE('',#4276,#4275);
#4278=CURVE_STYLE('',#33,POSITIVE_LENGTH_MEASURE(2.E-2),#3);
#4279=PRESENTATION_STYLE_ASSIGNMENT((#4278));
#4280=STYLED_ITEM('',(#4279),#4277);
#4281=DIRECTION('',(1.E0,0.E0,0.E0));
#4282=VECTOR('',#4281,1.074906941579E0);
#4283=CARTESIAN_POINT('',(-1.65E0,0.E0,-6.000000000001E-1));
#4284=LINE('',#4283,#4282);
#4285=CURVE_STYLE('',#33,POSITIVE_LENGTH_MEASURE(2.E-2),#3);
#4286=PRESENTATION_STYLE_ASSIGNMENT((#4285));
#4287=STYLED_ITEM('',(#4286),#4284);
#4288=DIRECTION('',(-7.071067811867E-1,0.E0,7.071067811863E-1));
#4289=VECTOR('',#4288,2.829743169553E-1);
#4290=CARTESIAN_POINT('',(-3.749999999999E-1,0.E0,-8.000930584208E-1));
#4291=LINE('',#4290,#4289);
#4292=CURVE_STYLE('',#33,POSITIVE_LENGTH_MEASURE(2.E-2),#3);
#4293=PRESENTATION_STYLE_ASSIGNMENT((#4292));
#4294=STYLED_ITEM('',(#4293),#4291);
#4295=DIRECTION('',(0.E0,0.E0,1.E0));
#4296=VECTOR('',#4295,8.499069415795E-1);
#4297=CARTESIAN_POINT('',(-3.749999999999E-1,0.E0,-1.65E0));
#4298=LINE('',#4297,#4296);
#4299=CURVE_STYLE('',#33,POSITIVE_LENGTH_MEASURE(2.E-2),#3);
#4300=PRESENTATION_STYLE_ASSIGNMENT((#4299));
#4301=STYLED_ITEM('',(#4300),#4298);
#4302=DIRECTION('',(-1.E0,0.E0,0.E0));
#4303=VECTOR('',#4302,2.5E-1);
#4304=CARTESIAN_POINT('',(-1.249999999999E-1,0.E0,-1.65E0));
#4305=LINE('',#4304,#4303);
#4306=CURVE_STYLE('',#33,POSITIVE_LENGTH_MEASURE(2.E-2),#3);
#4307=PRESENTATION_STYLE_ASSIGNMENT((#4306));
#4308=STYLED_ITEM('',(#4307),#4305);
#4309=DIRECTION('',(8.596896779358E-14,0.E0,-1.E0));
#4310=VECTOR('',#4309,1.325000000001E0);
#4311=CARTESIAN_POINT('',(-1.25E-1,0.E0,-3.249999999998E-1));
#4312=LINE('',#4311,#4310);
#4313=CURVE_STYLE('',#33,POSITIVE_LENGTH_MEASURE(2.E-2),#3);
#4314=PRESENTATION_STYLE_ASSIGNMENT((#4313));
#4315=STYLED_ITEM('',(#4314),#4312);
#4316=DIRECTION('',(1.E0,0.E0,0.E0));
#4317=VECTOR('',#4316,1.525E0);
#4318=CARTESIAN_POINT('',(-1.65E0,0.E0,-3.249999999998E-1));
#4319=LINE('',#4318,#4317);
#4320=CURVE_STYLE('',#33,POSITIVE_LENGTH_MEASURE(2.E-2),#3);
#4321=PRESENTATION_STYLE_ASSIGNMENT((#4320));
#4322=STYLED_ITEM('',(#4321),#4319);
#4323=DIRECTION('',(0.E0,0.E0,1.E0));
#4324=VECTOR('',#4323,8.6499E-1);
#4325=CARTESIAN_POINT('',(-1.65E0,0.E0,-3.249999999998E-1));
#4326=LINE('',#4325,#4324);
#4327=CURVE_STYLE('',#33,POSITIVE_LENGTH_MEASURE(2.E-2),#3);
#4328=PRESENTATION_STYLE_ASSIGNMENT((#4327));
#4329=STYLED_ITEM('',(#4328),#4326);
#4330=DIRECTION('',(1.E0,0.E0,0.E0));
#4331=VECTOR('',#4330,2.000000000001E-1);
#4332=CARTESIAN_POINT('',(-1.65E0,0.E0,5.399900000002E-1));
#4333=LINE('',#4332,#4331);
#4334=CURVE_STYLE('',#33,POSITIVE_LENGTH_MEASURE(2.E-2),#3);
#4335=PRESENTATION_STYLE_ASSIGNMENT((#4334));
#4336=STYLED_ITEM('',(#4335),#4333);
#4337=DIRECTION('',(0.E0,0.E0,1.E0));
#4338=VECTOR('',#4337,4.149900000002E-1);
#4339=CARTESIAN_POINT('',(-1.45E0,0.E0,1.25E-1));
#4340=LINE('',#4339,#4338);
#4341=CURVE_STYLE('',#33,POSITIVE_LENGTH_MEASURE(2.E-2),#3);
#4342=PRESENTATION_STYLE_ASSIGNMENT((#4341));
#4343=STYLED_ITEM('',(#4342),#4340);
#4344=DIRECTION('',(-1.E0,0.E0,0.E0));
#4345=VECTOR('',#4344,1.E0);
#4346=CARTESIAN_POINT('',(-4.499999999999E-1,0.E0,1.25E-1));
#4347=LINE('',#4346,#4345);
#4348=CURVE_STYLE('',#33,POSITIVE_LENGTH_MEASURE(2.E-2),#3);
#4349=PRESENTATION_STYLE_ASSIGNMENT((#4348));
#4350=STYLED_ITEM('',(#4349),#4347);
#4351=DIRECTION('',(0.E0,0.E0,-1.E0));
#4352=VECTOR('',#4351,1.925E0);
#4353=CARTESIAN_POINT('',(-4.499999999999E-1,0.E0,2.05E0));
#4354=LINE('',#4353,#4352);
#4355=CURVE_STYLE('',#33,POSITIVE_LENGTH_MEASURE(2.E-2),#3);
#4356=PRESENTATION_STYLE_ASSIGNMENT((#4355));
#4357=STYLED_ITEM('',(#4356),#4354);
#4358=DIRECTION('',(1.E0,0.E0,0.E0));
#4359=VECTOR('',#4358,1.E0);
#4360=CARTESIAN_POINT('',(-1.45E0,0.E0,2.05E0));
#4361=LINE('',#4360,#4359);
#4362=CURVE_STYLE('',#33,POSITIVE_LENGTH_MEASURE(2.E-2),#3);
#4363=PRESENTATION_STYLE_ASSIGNMENT((#4362));
#4364=STYLED_ITEM('',(#4363),#4361);
#4365=DIRECTION('',(0.E0,0.E0,1.E0));
#4366=VECTOR('',#4365,2.600099999998E-1);
#4367=CARTESIAN_POINT('',(-1.45E0,0.E0,1.78999E0));
#4368=LINE('',#4367,#4366);
#4369=CURVE_STYLE('',#33,POSITIVE_LENGTH_MEASURE(2.E-2),#3);
#4370=PRESENTATION_STYLE_ASSIGNMENT((#4369));
#4371=STYLED_ITEM('',(#4370),#4368);
#4372=DIRECTION('',(1.E0,0.E0,0.E0));
#4373=VECTOR('',#4372,2.000000000001E-1);
#4374=CARTESIAN_POINT('',(-1.65E0,0.E0,1.78999E0));
#4375=LINE('',#4374,#4373);
#4376=CURVE_STYLE('',#33,POSITIVE_LENGTH_MEASURE(2.E-2),#3);
#4377=PRESENTATION_STYLE_ASSIGNMENT((#4376));
#4378=STYLED_ITEM('',(#4377),#4375);
#4379=DIRECTION('',(0.E0,0.E0,1.E0));
#4380=VECTOR('',#4379,4.600099999998E-1);
#4381=CARTESIAN_POINT('',(-1.65E0,0.E0,1.78999E0));
#4382=LINE('',#4381,#4380);
#4383=CURVE_STYLE('',#33,POSITIVE_LENGTH_MEASURE(2.E-2),#3);
#4384=PRESENTATION_STYLE_ASSIGNMENT((#4383));
#4385=STYLED_ITEM('',(#4384),#4382);
#4386=DIRECTION('',(1.E0,0.E0,0.E0));
#4387=VECTOR('',#4386,3.3E0);
#4388=CARTESIAN_POINT('',(-1.65E0,0.E0,2.25E0));
#4389=LINE('',#4388,#4387);
#4390=CURVE_STYLE('',#33,POSITIVE_LENGTH_MEASURE(2.E-2),#3);
#4391=PRESENTATION_STYLE_ASSIGNMENT((#4390));
#4392=STYLED_ITEM('',(#4391),#4389);
#4393=DIRECTION('',(0.E0,0.E0,-1.E0));
#4394=VECTOR('',#4393,4.600099999998E-1);
#4395=CARTESIAN_POINT('',(1.65E0,0.E0,2.25E0));
#4396=LINE('',#4395,#4394);
#4397=CURVE_STYLE('',#33,POSITIVE_LENGTH_MEASURE(2.E-2),#3);
#4398=PRESENTATION_STYLE_ASSIGNMENT((#4397));
#4399=STYLED_ITEM('',(#4398),#4396);
#4400=DIRECTION('',(-1.E0,0.E0,0.E0));
#4401=VECTOR('',#4400,2.E-1);
#4402=CARTESIAN_POINT('',(1.65E0,0.E0,1.78999E0));
#4403=LINE('',#4402,#4401);
#4404=CURVE_STYLE('',#33,POSITIVE_LENGTH_MEASURE(2.E-2),#3);
#4405=PRESENTATION_STYLE_ASSIGNMENT((#4404));
#4406=STYLED_ITEM('',(#4405),#4403);
#4407=DIRECTION('',(0.E0,0.E0,-1.E0));
#4408=VECTOR('',#4407,2.600099999998E-1);
#4409=CARTESIAN_POINT('',(1.45E0,0.E0,2.05E0));
#4410=LINE('',#4409,#4408);
#4411=CURVE_STYLE('',#33,POSITIVE_LENGTH_MEASURE(2.E-2),#3);
#4412=PRESENTATION_STYLE_ASSIGNMENT((#4411));
#4413=STYLED_ITEM('',(#4412),#4410);
#4414=DIRECTION('',(1.E0,0.E0,0.E0));
#4415=VECTOR('',#4414,1.E0);
#4416=CARTESIAN_POINT('',(4.5E-1,0.E0,2.05E0));
#4417=LINE('',#4416,#4415);
#4418=CURVE_STYLE('',#33,POSITIVE_LENGTH_MEASURE(2.E-2),#3);
#4419=PRESENTATION_STYLE_ASSIGNMENT((#4418));
#4420=STYLED_ITEM('',(#4419),#4417);
#4421=DIRECTION('',(0.E0,0.E0,1.E0));
#4422=VECTOR('',#4421,1.925E0);
#4423=CARTESIAN_POINT('',(4.5E-1,0.E0,1.25E-1));
#4424=LINE('',#4423,#4422);
#4425=CURVE_STYLE('',#33,POSITIVE_LENGTH_MEASURE(2.E-2),#3);
#4426=PRESENTATION_STYLE_ASSIGNMENT((#4425));
#4427=STYLED_ITEM('',(#4426),#4424);
#4428=DIRECTION('',(-1.E0,0.E0,0.E0));
#4429=VECTOR('',#4428,1.E0);
#4430=CARTESIAN_POINT('',(1.45E0,0.E0,1.25E-1));
#4431=LINE('',#4430,#4429);
#4432=CURVE_STYLE('',#33,POSITIVE_LENGTH_MEASURE(2.E-2),#3);
#4433=PRESENTATION_STYLE_ASSIGNMENT((#4432));
#4434=STYLED_ITEM('',(#4433),#4431);
#4435=DIRECTION('',(0.E0,0.E0,-1.E0));
#4436=VECTOR('',#4435,4.149900000002E-1);
#4437=CARTESIAN_POINT('',(1.45E0,0.E0,5.399900000002E-1));
#4438=LINE('',#4437,#4436);
#4439=CURVE_STYLE('',#33,POSITIVE_LENGTH_MEASURE(2.E-2),#3);
#4440=PRESENTATION_STYLE_ASSIGNMENT((#4439));
#4441=STYLED_ITEM('',(#4440),#4438);
#4442=DIRECTION('',(-1.E0,0.E0,0.E0));
#4443=VECTOR('',#4442,2.E-1);
#4444=CARTESIAN_POINT('',(1.65E0,0.E0,5.399900000002E-1));
#4445=LINE('',#4444,#4443);
#4446=CURVE_STYLE('',#33,POSITIVE_LENGTH_MEASURE(2.E-2),#3);
#4447=PRESENTATION_STYLE_ASSIGNMENT((#4446));
#4448=STYLED_ITEM('',(#4447),#4445);
#4449=DIRECTION('',(0.E0,0.E0,-1.E0));
#4450=VECTOR('',#4449,1.38999E0);
#4451=CARTESIAN_POINT('',(1.65E0,0.E0,5.399900000002E-1));
#4452=LINE('',#4451,#4450);
#4453=CURVE_STYLE('',#33,POSITIVE_LENGTH_MEASURE(2.E-2),#3);
#4454=PRESENTATION_STYLE_ASSIGNMENT((#4453));
#4455=STYLED_ITEM('',(#4454),#4452);
#4456=DIRECTION('',(-1.E0,0.E0,0.E0));
#4457=VECTOR('',#4456,1.E0);
#4458=CARTESIAN_POINT('',(1.65E0,0.E0,-8.500000000001E-1));
#4459=LINE('',#4458,#4457);
#4460=CURVE_STYLE('',#33,POSITIVE_LENGTH_MEASURE(2.E-2),#3);
#4461=PRESENTATION_STYLE_ASSIGNMENT((#4460));
#4462=STYLED_ITEM('',(#4461),#4459);
#4463=DIRECTION('',(0.E0,0.E0,1.E0));
#4464=VECTOR('',#4463,7.5E-1);
#4465=CARTESIAN_POINT('',(6.5E-1,0.E0,-1.6E0));
#4466=LINE('',#4465,#4464);
#4467=CURVE_STYLE('',#33,POSITIVE_LENGTH_MEASURE(2.E-2),#3);
#4468=PRESENTATION_STYLE_ASSIGNMENT((#4467));
#4469=STYLED_ITEM('',(#4468),#4466);
#4470=DIRECTION('',(-1.E0,0.E0,0.E0));
#4471=VECTOR('',#4470,1.E0);
#4472=CARTESIAN_POINT('',(1.65E0,0.E0,-1.6E0));
#4473=LINE('',#4472,#4471);
#4474=CURVE_STYLE('',#33,POSITIVE_LENGTH_MEASURE(2.E-2),#3);
#4475=PRESENTATION_STYLE_ASSIGNMENT((#4474));
#4476=STYLED_ITEM('',(#4475),#4473);
#4477=DIRECTION('',(0.E0,0.E0,-1.E0));
#4478=VECTOR('',#4477,2.5E-1);
#4479=CARTESIAN_POINT('',(1.65E0,0.E0,-1.6E0));
#4480=LINE('',#4479,#4478);
#4481=CURVE_STYLE('',#33,POSITIVE_LENGTH_MEASURE(2.E-2),#3);
#4482=PRESENTATION_STYLE_ASSIGNMENT((#4481));
#4483=STYLED_ITEM('',(#4482),#4480);
#4484=DIRECTION('',(-1.E0,0.E0,-2.336592457989E-13));
#4485=VECTOR('',#4484,9.749999999964E-1);
#4486=CARTESIAN_POINT('',(1.65E0,0.E0,-1.85E0));
#4487=LINE('',#4486,#4485);
#4488=CURVE_STYLE('',#33,POSITIVE_LENGTH_MEASURE(2.E-2),#3);
#4489=PRESENTATION_STYLE_ASSIGNMENT((#4488));
#4490=STYLED_ITEM('',(#4489),#4487);
#4491=CARTESIAN_POINT('',(6.722265499113E-1,0.E0,-1.897226549911E0));
#4492=DIRECTION('',(0.E0,1.E0,0.E0));
#4493=DIRECTION('',(-9.982800465238E-1,0.E0,-5.862549541252E-2));
#4494=AXIS2_PLACEMENT_3D('',#4491,#4492,#4493);
#4496=CURVE_STYLE('',#33,POSITIVE_LENGTH_MEASURE(2.E-2),#3);
#4497=PRESENTATION_STYLE_ASSIGNMENT((#4496));
#4498=STYLED_ITEM('',(#4497),#4495);
#4499=DIRECTION('',(0.E0,0.E0,1.E0));
#4500=VECTOR('',#4499,3.499999999982E-1);
#4501=CARTESIAN_POINT('',(6.250000000001E-1,0.E0,-2.25E0));
#4502=LINE('',#4501,#4500);
#4503=CURVE_STYLE('',#33,POSITIVE_LENGTH_MEASURE(2.E-2),#3);
#4504=PRESENTATION_STYLE_ASSIGNMENT((#4503));
#4505=STYLED_ITEM('',(#4504),#4502);
#4506=DIRECTION('',(-1.E0,0.E0,0.E0));
#4507=VECTOR('',#4506,7.E-1);
#4508=CARTESIAN_POINT('',(6.250000000001E-1,0.E0,-2.25E0));
#4509=LINE('',#4508,#4507);
#4510=CURVE_STYLE('',#33,POSITIVE_LENGTH_MEASURE(2.E-2),#3);
#4511=PRESENTATION_STYLE_ASSIGNMENT((#4510));
#4512=STYLED_ITEM('',(#4511),#4509);
#4513=DIRECTION('',(0.E0,0.E0,1.E0));
#4514=VECTOR('',#4513,2.246122577051E-1);
#4515=CARTESIAN_POINT('',(-7.499999999993E-2,0.E0,-2.25E0));
#4516=LINE('',#4515,#4514);
#4517=CURVE_STYLE('',#33,POSITIVE_LENGTH_MEASURE(2.E-2),#3);
#4518=PRESENTATION_STYLE_ASSIGNMENT((#4517));
#4519=STYLED_ITEM('',(#4518),#4516);
#4520=CARTESIAN_POINT('',(-2.249999999999E-1,0.E0,-2.0525E0));
#4521=DIRECTION('',(0.E0,1.E0,0.E0));
#4522=DIRECTION('',(-9.836522621244E-1,0.E0,1.800783918674E-1));
#4523=AXIS2_PLACEMENT_3D('',#4520,#4521,#4522);
#4525=CURVE_STYLE('',#33,POSITIVE_LENGTH_MEASURE(2.E-2),#3);
#4526=PRESENTATION_STYLE_ASSIGNMENT((#4525));
#4527=STYLED_ITEM('',(#4526),#4524);
#4528=DIRECTION('',(2.726763695258E-4,0.E0,9.999999628238E-1));
#4529=VECTOR('',#4528,2.249494578269E-1);
#4530=CARTESIAN_POINT('',(-3.75E-1,0.E0,-2.25E0));
#4531=LINE('',#4530,#4529);
#4532=CURVE_STYLE('',#33,POSITIVE_LENGTH_MEASURE(2.E-2),#3);
#4533=PRESENTATION_STYLE_ASSIGNMENT((#4532));
#4534=STYLED_ITEM('',(#4533),#4531);
#4535=DIRECTION('',(-1.E0,0.E0,0.E0));
#4536=VECTOR('',#4535,2.5E-1);
#4537=CARTESIAN_POINT('',(-3.75E-1,0.E0,-2.25E0));
#4538=LINE('',#4537,#4536);
#4539=CURVE_STYLE('',#33,POSITIVE_LENGTH_MEASURE(2.E-2),#3);
#4540=PRESENTATION_STYLE_ASSIGNMENT((#4539));
#4541=STYLED_ITEM('',(#4540),#4538);
#4542=DIRECTION('',(5.138746571125E-14,0.E0,1.E0));
#4543=VECTOR('',#4542,3.499999999998E-1);
#4544=CARTESIAN_POINT('',(-6.25E-1,0.E0,-2.25E0));
#4545=LINE('',#4544,#4543);
#4546=CURVE_STYLE('',#33,POSITIVE_LENGTH_MEASURE(2.E-2),#3);
#4547=PRESENTATION_STYLE_ASSIGNMENT((#4546));
#4548=STYLED_ITEM('',(#4547),#4545);
#4549=CARTESIAN_POINT('',(-6.75E-1,0.E0,-1.9E0));
#4550=DIRECTION('',(0.E0,1.E0,0.E0));
#4551=DIRECTION('',(-2.212230398868E-11,0.E0,1.E0));
#4552=AXIS2_PLACEMENT_3D('',#4549,#4550,#4551);
#4554=CURVE_STYLE('',#33,POSITIVE_LENGTH_MEASURE(2.E-2),#3);
#4555=PRESENTATION_STYLE_ASSIGNMENT((#4554));
#4556=STYLED_ITEM('',(#4555),#4553);
#4557=DIRECTION('',(1.E0,0.E0,-5.989510881569E-14));
#4558=VECTOR('',#4557,9.749999999997E-1);
#4559=CARTESIAN_POINT('',(-1.65E0,0.E0,-1.85E0));
#4560=LINE('',#4559,#4558);
#4561=CURVE_STYLE('',#33,POSITIVE_LENGTH_MEASURE(2.E-2),#3);
#4562=PRESENTATION_STYLE_ASSIGNMENT((#4561));
#4563=STYLED_ITEM('',(#4562),#4560);
#4564=DIRECTION('',(0.E0,0.E0,1.E0));
#4565=VECTOR('',#4564,2.5E-1);
#4566=CARTESIAN_POINT('',(-1.65E0,0.E0,-1.85E0));
#4567=LINE('',#4566,#4565);
#4568=CURVE_STYLE('',#33,POSITIVE_LENGTH_MEASURE(2.E-2),#3);
#4569=PRESENTATION_STYLE_ASSIGNMENT((#4568));
#4570=STYLED_ITEM('',(#4569),#4567);
#4571=DIRECTION('',(1.E0,0.E0,0.E0));
#4572=VECTOR('',#4571,2.000000000001E-1);
#4573=CARTESIAN_POINT('',(-1.65E0,0.E0,7.899900000002E-1));
#4574=LINE('',#4573,#4572);
#4575=CURVE_STYLE('',#33,POSITIVE_LENGTH_MEASURE(2.E-2),#3);
#4576=PRESENTATION_STYLE_ASSIGNMENT((#4575));
#4577=STYLED_ITEM('',(#4576),#4574);
#4578=DIRECTION('',(0.E0,0.E0,1.E0));
#4579=VECTOR('',#4578,2.5E-1);
#4580=CARTESIAN_POINT('',(-1.65E0,0.E0,7.899900000002E-1));
#4581=LINE('',#4580,#4579);
#4582=CURVE_STYLE('',#33,POSITIVE_LENGTH_MEASURE(2.E-2),#3);
#4583=PRESENTATION_STYLE_ASSIGNMENT((#4582));
#4584=STYLED_ITEM('',(#4583),#4581);
#4585=DIRECTION('',(1.E0,0.E0,0.E0));
#4586=VECTOR('',#4585,2.000000000001E-1);
#4587=CARTESIAN_POINT('',(-1.65E0,0.E0,1.03999E0));
#4588=LINE('',#4587,#4586);
#4589=CURVE_STYLE('',#33,POSITIVE_LENGTH_MEASURE(2.E-2),#3);
#4590=PRESENTATION_STYLE_ASSIGNMENT((#4589));
#4591=STYLED_ITEM('',(#4590),#4588);
#4592=DIRECTION('',(0.E0,0.E0,1.E0));
#4593=VECTOR('',#4592,2.5E-1);
#4594=CARTESIAN_POINT('',(-1.45E0,0.E0,7.899900000002E-1));
#4595=LINE('',#4594,#4593);
#4596=CURVE_STYLE('',#33,POSITIVE_LENGTH_MEASURE(2.E-2),#3);
#4597=PRESENTATION_STYLE_ASSIGNMENT((#4596));
#4598=STYLED_ITEM('',(#4597),#4595);
#4599=DIRECTION('',(1.E0,0.E0,0.E0));
#4600=VECTOR('',#4599,2.000000000001E-1);
#4601=CARTESIAN_POINT('',(-1.65E0,0.E0,1.28999E0));
#4602=LINE('',#4601,#4600);
#4603=CURVE_STYLE('',#33,POSITIVE_LENGTH_MEASURE(2.E-2),#3);
#4604=PRESENTATION_STYLE_ASSIGNMENT((#4603));
#4605=STYLED_ITEM('',(#4604),#4602);
#4606=DIRECTION('',(0.E0,0.E0,1.E0));
#4607=VECTOR('',#4606,2.5E-1);
#4608=CARTESIAN_POINT('',(-1.65E0,0.E0,1.28999E0));
#4609=LINE('',#4608,#4607);
#4610=CURVE_STYLE('',#33,POSITIVE_LENGTH_MEASURE(2.E-2),#3);
#4611=PRESENTATION_STYLE_ASSIGNMENT((#4610));
#4612=STYLED_ITEM('',(#4611),#4609);
#4613=DIRECTION('',(1.E0,0.E0,0.E0));
#4614=VECTOR('',#4613,2.000000000001E-1);
#4615=CARTESIAN_POINT('',(-1.65E0,0.E0,1.53999E0));
#4616=LINE('',#4615,#4614);
#4617=CURVE_STYLE('',#33,POSITIVE_LENGTH_MEASURE(2.E-2),#3);
#4618=PRESENTATION_STYLE_ASSIGNMENT((#4617));
#4619=STYLED_ITEM('',(#4618),#4616);
#4620=DIRECTION('',(0.E0,0.E0,1.E0));
#4621=VECTOR('',#4620,2.5E-1);
#4622=CARTESIAN_POINT('',(-1.45E0,0.E0,1.28999E0));
#4623=LINE('',#4622,#4621);
#4624=CURVE_STYLE('',#33,POSITIVE_LENGTH_MEASURE(2.E-2),#3);
#4625=PRESENTATION_STYLE_ASSIGNMENT((#4624));
#4626=STYLED_ITEM('',(#4625),#4623);
#4627=DIRECTION('',(-1.E0,0.E0,0.E0));
#4628=VECTOR('',#4627,2.E-1);
#4629=CARTESIAN_POINT('',(1.65E0,0.E0,1.53999E0));
#4630=LINE('',#4629,#4628);
#4631=CURVE_STYLE('',#33,POSITIVE_LENGTH_MEASURE(2.E-2),#3);
#4632=PRESENTATION_STYLE_ASSIGNMENT((#4631));
#4633=STYLED_ITEM('',(#4632),#4630);
#4634=DIRECTION('',(0.E0,0.E0,-1.E0));
#4635=VECTOR('',#4634,2.5E-1);
#4636=CARTESIAN_POINT('',(1.65E0,0.E0,1.53999E0));
#4637=LINE('',#4636,#4635);
#4638=CURVE_STYLE('',#33,POSITIVE_LENGTH_MEASURE(2.E-2),#3);
#4639=PRESENTATION_STYLE_ASSIGNMENT((#4638));
#4640=STYLED_ITEM('',(#4639),#4637);
#4641=DIRECTION('',(-1.E0,0.E0,0.E0));
#4642=VECTOR('',#4641,2.E-1);
#4643=CARTESIAN_POINT('',(1.65E0,0.E0,1.28999E0));
#4644=LINE('',#4643,#4642);
#4645=CURVE_STYLE('',#33,POSITIVE_LENGTH_MEASURE(2.E-2),#3);
#4646=PRESENTATION_STYLE_ASSIGNMENT((#4645));
#4647=STYLED_ITEM('',(#4646),#4644);
#4648=DIRECTION('',(0.E0,0.E0,-1.E0));
#4649=VECTOR('',#4648,2.5E-1);
#4650=CARTESIAN_POINT('',(1.45E0,0.E0,1.53999E0));
#4651=LINE('',#4650,#4649);
#4652=CURVE_STYLE('',#33,POSITIVE_LENGTH_MEASURE(2.E-2),#3);
#4653=PRESENTATION_STYLE_ASSIGNMENT((#4652));
#4654=STYLED_ITEM('',(#4653),#4651);
#4655=DIRECTION('',(-1.E0,0.E0,0.E0));
#4656=VECTOR('',#4655,2.E-1);
#4657=CARTESIAN_POINT('',(1.65E0,0.E0,1.03999E0));
#4658=LINE('',#4657,#4656);
#4659=CURVE_STYLE('',#33,POSITIVE_LENGTH_MEASURE(2.E-2),#3);
#4660=PRESENTATION_STYLE_ASSIGNMENT((#4659));
#4661=STYLED_ITEM('',(#4660),#4658);
#4662=DIRECTION('',(0.E0,0.E0,-1.E0));
#4663=VECTOR('',#4662,2.5E-1);
#4664=CARTESIAN_POINT('',(1.65E0,0.E0,1.03999E0));
#4665=LINE('',#4664,#4663);
#4666=CURVE_STYLE('',#33,POSITIVE_LENGTH_MEASURE(2.E-2),#3);
#4667=PRESENTATION_STYLE_ASSIGNMENT((#4666));
#4668=STYLED_ITEM('',(#4667),#4665);
#4669=DIRECTION('',(-1.E0,0.E0,0.E0));
#4670=VECTOR('',#4669,2.E-1);
#4671=CARTESIAN_POINT('',(1.65E0,0.E0,7.899900000002E-1));
#4672=LINE('',#4671,#4670);
#4673=CURVE_STYLE('',#33,POSITIVE_LENGTH_MEASURE(2.E-2),#3);
#4674=PRESENTATION_STYLE_ASSIGNMENT((#4673));
#4675=STYLED_ITEM('',(#4674),#4672);
#4676=DIRECTION('',(0.E0,0.E0,-1.E0));
#4677=VECTOR('',#4676,2.5E-1);
#4678=CARTESIAN_POINT('',(1.45E0,0.E0,1.03999E0));
#4679=LINE('',#4678,#4677);
#4680=CURVE_STYLE('',#33,POSITIVE_LENGTH_MEASURE(2.E-2),#3);
#4681=PRESENTATION_STYLE_ASSIGNMENT((#4680));
#4682=STYLED_ITEM('',(#4681),#4679);
#4683=DIRECTION('',(-1.E0,0.E0,0.E0));
#4684=VECTOR('',#4683,2.E-1);
#4685=CARTESIAN_POINT('',(1.65E0,0.E0,-1.1E0));
#4686=LINE('',#4685,#4684);
#4687=CURVE_STYLE('',#33,POSITIVE_LENGTH_MEASURE(2.E-2),#3);
#4688=PRESENTATION_STYLE_ASSIGNMENT((#4687));
#4689=STYLED_ITEM('',(#4688),#4686);
#4690=DIRECTION('',(0.E0,0.E0,-1.E0));
#4691=VECTOR('',#4690,2.5E-1);
#4692=CARTESIAN_POINT('',(1.65E0,0.E0,-1.1E0));
#4693=LINE('',#4692,#4691);
#4694=CURVE_STYLE('',#33,POSITIVE_LENGTH_MEASURE(2.E-2),#3);
#4695=PRESENTATION_STYLE_ASSIGNMENT((#4694));
#4696=STYLED_ITEM('',(#4695),#4693);
#4697=DIRECTION('',(-1.E0,0.E0,0.E0));
#4698=VECTOR('',#4697,2.E-1);
#4699=CARTESIAN_POINT('',(1.65E0,0.E0,-1.35E0));
#4700=LINE('',#4699,#4698);
#4701=CURVE_STYLE('',#33,POSITIVE_LENGTH_MEASURE(2.E-2),#3);
#4702=PRESENTATION_STYLE_ASSIGNMENT((#4701));
#4703=STYLED_ITEM('',(#4702),#4700);
#4704=DIRECTION('',(0.E0,0.E0,-1.E0));
#4705=VECTOR('',#4704,2.5E-1);
#4706=CARTESIAN_POINT('',(1.45E0,0.E0,-1.1E0));
#4707=LINE('',#4706,#4705);
#4708=CURVE_STYLE('',#33,POSITIVE_LENGTH_MEASURE(2.E-2),#3);
#4709=PRESENTATION_STYLE_ASSIGNMENT((#4708));
#4710=STYLED_ITEM('',(#4709),#4707);
#4711=DIRECTION('',(-1.E0,0.E0,4.244971910045E-14));
#4712=VECTOR('',#4711,6.276920826720E-1);
#4713=CARTESIAN_POINT('',(1.65E0,0.E0,-2.1E0));
#4714=LINE('',#4713,#4712);
#4715=CURVE_STYLE('',#33,POSITIVE_LENGTH_MEASURE(2.E-2),#3);
#4716=PRESENTATION_STYLE_ASSIGNMENT((#4715));
#4717=STYLED_ITEM('',(#4716),#4714);
#4718=DIRECTION('',(0.E0,0.E0,-1.E0));
#4719=VECTOR('',#4718,1.499999999999E-1);
#4720=CARTESIAN_POINT('',(1.65E0,0.E0,-2.1E0));
#4721=LINE('',#4720,#4719);
#4722=CURVE_STYLE('',#33,POSITIVE_LENGTH_MEASURE(2.E-2),#3);
#4723=PRESENTATION_STYLE_ASSIGNMENT((#4722));
#4724=STYLED_ITEM('',(#4723),#4721);
#4725=DIRECTION('',(-1.E0,0.E0,0.E0));
#4726=VECTOR('',#4725,6.75E-1);
#4727=CARTESIAN_POINT('',(1.65E0,0.E0,-2.25E0));
#4728=LINE('',#4727,#4726);
#4729=CURVE_STYLE('',#33,POSITIVE_LENGTH_MEASURE(2.E-2),#3);
#4730=PRESENTATION_STYLE_ASSIGNMENT((#4729));
#4731=STYLED_ITEM('',(#4730),#4728);
#4732=DIRECTION('',(9.838177648396E-14,0.E0,1.E0));
#4733=VECTOR('',#4732,1.026920826718E-1);
#4734=CARTESIAN_POINT('',(9.75E-1,0.E0,-2.25E0));
#4735=LINE('',#4734,#4733);
#4736=CURVE_STYLE('',#33,POSITIVE_LENGTH_MEASURE(2.E-2),#3);
#4737=PRESENTATION_STYLE_ASSIGNMENT((#4736));
#4738=STYLED_ITEM('',(#4737),#4735);
#4739=CARTESIAN_POINT('',(1.022307917328E0,0.E0,-2.147307917328E0));
#4740=DIRECTION('',(0.E0,1.E0,0.E0));
#4741=DIRECTION('',(-1.E0,0.E0,-4.045886191058E-12));
#4742=AXIS2_PLACEMENT_3D('',#4739,#4740,#4741);
#4744=CURVE_STYLE('',#33,POSITIVE_LENGTH_MEASURE(2.E-2),#3);
#4745=PRESENTATION_STYLE_ASSIGNMENT((#4744));
#4746=STYLED_ITEM('',(#4745),#4743);
#4747=DIRECTION('',(-2.198241588763E-13,0.E0,1.E0));
#4748=VECTOR('',#4747,9.999999999977E-2);
#4749=CARTESIAN_POINT('',(-9.749899999999E-1,0.E0,-2.25E0));
#4750=LINE('',#4749,#4748);
#4751=CURVE_STYLE('',#33,POSITIVE_LENGTH_MEASURE(2.E-2),#3);
#4752=PRESENTATION_STYLE_ASSIGNMENT((#4751));
#4753=STYLED_ITEM('',(#4752),#4750);
#4754=DIRECTION('',(-1.E0,0.E0,0.E0));
#4755=VECTOR('',#4754,6.750100000001E-1);
#4756=CARTESIAN_POINT('',(-9.749899999999E-1,0.E0,-2.25E0));
#4757=LINE('',#4756,#4755);
#4758=CURVE_STYLE('',#33,POSITIVE_LENGTH_MEASURE(2.E-2),#3);
#4759=PRESENTATION_STYLE_ASSIGNMENT((#4758));
#4760=STYLED_ITEM('',(#4759),#4757);
#4761=DIRECTION('',(0.E0,0.E0,1.E0));
#4762=VECTOR('',#4761,1.499999999999E-1);
#4763=CARTESIAN_POINT('',(-1.65E0,0.E0,-2.25E0));
#4764=LINE('',#4763,#4762);
#4765=CURVE_STYLE('',#33,POSITIVE_LENGTH_MEASURE(2.E-2),#3);
#4766=PRESENTATION_STYLE_ASSIGNMENT((#4765));
#4767=STYLED_ITEM('',(#4766),#4764);
#4768=DIRECTION('',(1.E0,0.E0,7.389526219486E-14));
#4769=VECTOR('',#4768,6.2501E-1);
#4770=CARTESIAN_POINT('',(-1.65E0,0.E0,-2.1E0));
#4771=LINE('',#4770,#4769);
#4772=CURVE_STYLE('',#33,POSITIVE_LENGTH_MEASURE(2.E-2),#3);
#4773=PRESENTATION_STYLE_ASSIGNMENT((#4772));
#4774=STYLED_ITEM('',(#4773),#4771);
#4775=CARTESIAN_POINT('',(-1.02499E0,0.E0,-2.15E0));
#4776=DIRECTION('',(0.E0,1.E0,0.E0));
#4777=DIRECTION('',(-7.549516567451E-14,0.E0,1.E0));
#4778=AXIS2_PLACEMENT_3D('',#4775,#4776,#4777);
#4780=CURVE_STYLE('',#33,POSITIVE_LENGTH_MEASURE(2.E-2),#3);
#4781=PRESENTATION_STYLE_ASSIGNMENT((#4780));
#4782=STYLED_ITEM('',(#4781),#4779);
#4783=DIRECTION('',(0.E0,1.E0,0.E0));
#4784=VECTOR('',#4783,1.75E-1);
#4785=CARTESIAN_POINT('',(-1.17E0,0.E0,-1.6E0));
#4786=LINE('',#4785,#4784);
#4787=CURVE_STYLE('',#33,POSITIVE_LENGTH_MEASURE(2.E-2),#3);
#4788=PRESENTATION_STYLE_ASSIGNMENT((#4787));
#4789=STYLED_ITEM('',(#4788),#4786);
#4790=DIRECTION('',(0.E0,0.E0,1.E0));
#4791=VECTOR('',#4790,2.5E-1);
#4792=CARTESIAN_POINT('',(-1.65E0,1.75E-1,-2.1E0));
#4793=LINE('',#4792,#4791);
#4794=CURVE_STYLE('',#33,POSITIVE_LENGTH_MEASURE(2.E-2),#3);
#4795=PRESENTATION_STYLE_ASSIGNMENT((#4794));
#4796=STYLED_ITEM('',(#4795),#4793);
#4797=DIRECTION('',(0.E0,1.E0,0.E0));
#4798=VECTOR('',#4797,1.75E-1);
#4799=CARTESIAN_POINT('',(-1.65E0,0.E0,-2.1E0));
#4800=LINE('',#4799,#4798);
#4801=CURVE_STYLE('',#33,POSITIVE_LENGTH_MEASURE(2.E-2),#3);
#4802=PRESENTATION_STYLE_ASSIGNMENT((#4801));
#4803=STYLED_ITEM('',(#4802),#4800);
#4804=DIRECTION('',(0.E0,1.E0,0.E0));
#4805=VECTOR('',#4804,2.025E0);
#4806=CARTESIAN_POINT('',(-1.65E0,0.E0,-2.25E0));
#4807=LINE('',#4806,#4805);
#4808=CURVE_STYLE('',#33,POSITIVE_LENGTH_MEASURE(2.E-2),#3);
#4809=PRESENTATION_STYLE_ASSIGNMENT((#4808));
#4810=STYLED_ITEM('',(#4809),#4807);
#4811=DIRECTION('',(0.E0,1.E0,0.E0));
#4812=VECTOR('',#4811,1.75E-1);
#4813=CARTESIAN_POINT('',(-1.65E0,0.E0,1.78999E0));
#4814=LINE('',#4813,#4812);
#4815=CURVE_STYLE('',#33,POSITIVE_LENGTH_MEASURE(2.E-2),#3);
#4816=PRESENTATION_STYLE_ASSIGNMENT((#4815));
#4817=STYLED_ITEM('',(#4816),#4814);
#4818=DIRECTION('',(0.E0,0.E0,1.E0));
#4819=VECTOR('',#4818,2.5E-1);
#4820=CARTESIAN_POINT('',(-1.65E0,1.75E-1,1.53999E0));
#4821=LINE('',#4820,#4819);
#4822=CURVE_STYLE('',#33,POSITIVE_LENGTH_MEASURE(2.E-2),#3);
#4823=PRESENTATION_STYLE_ASSIGNMENT((#4822));
#4824=STYLED_ITEM('',(#4823),#4821);
#4825=DIRECTION('',(0.E0,1.E0,0.E0));
#4826=VECTOR('',#4825,1.75E-1);
#4827=CARTESIAN_POINT('',(-1.65E0,0.E0,1.53999E0));
#4828=LINE('',#4827,#4826);
#4829=CURVE_STYLE('',#33,POSITIVE_LENGTH_MEASURE(2.E-2),#3);
#4830=PRESENTATION_STYLE_ASSIGNMENT((#4829));
#4831=STYLED_ITEM('',(#4830),#4828);
#4832=DIRECTION('',(0.E0,1.E0,0.E0));
#4833=VECTOR('',#4832,1.75E-1);
#4834=CARTESIAN_POINT('',(-1.65E0,0.E0,1.28999E0));
#4835=LINE('',#4834,#4833);
#4836=CURVE_STYLE('',#33,POSITIVE_LENGTH_MEASURE(2.E-2),#3);
#4837=PRESENTATION_STYLE_ASSIGNMENT((#4836));
#4838=STYLED_ITEM('',(#4837),#4835);
#4839=DIRECTION('',(0.E0,0.E0,1.E0));
#4840=VECTOR('',#4839,2.5E-1);
#4841=CARTESIAN_POINT('',(-1.65E0,1.75E-1,1.03999E0));
#4842=LINE('',#4841,#4840);
#4843=CURVE_STYLE('',#33,POSITIVE_LENGTH_MEASURE(2.E-2),#3);
#4844=PRESENTATION_STYLE_ASSIGNMENT((#4843));
#4845=STYLED_ITEM('',(#4844),#4842);
#4846=DIRECTION('',(0.E0,1.E0,0.E0));
#4847=VECTOR('',#4846,1.75E-1);
#4848=CARTESIAN_POINT('',(-1.65E0,0.E0,1.03999E0));
#4849=LINE('',#4848,#4847);
#4850=CURVE_STYLE('',#33,POSITIVE_LENGTH_MEASURE(2.E-2),#3);
#4851=PRESENTATION_STYLE_ASSIGNMENT((#4850));
#4852=STYLED_ITEM('',(#4851),#4849);
#4853=DIRECTION('',(0.E0,1.E0,0.E0));
#4854=VECTOR('',#4853,1.75E-1);
#4855=CARTESIAN_POINT('',(-1.65E0,0.E0,7.899900000002E-1));
#4856=LINE('',#4855,#4854);
#4857=CURVE_STYLE('',#33,POSITIVE_LENGTH_MEASURE(2.E-2),#3);
#4858=PRESENTATION_STYLE_ASSIGNMENT((#4857));
#4859=STYLED_ITEM('',(#4858),#4856);
#4860=DIRECTION('',(0.E0,0.E0,1.E0));
#4861=VECTOR('',#4860,2.5E-1);
#4862=CARTESIAN_POINT('',(-1.65E0,1.75E-1,5.399900000002E-1));
#4863=LINE('',#4862,#4861);
#4864=CURVE_STYLE('',#33,POSITIVE_LENGTH_MEASURE(2.E-2),#3);
#4865=PRESENTATION_STYLE_ASSIGNMENT((#4864));
#4866=STYLED_ITEM('',(#4865),#4863);
#4867=DIRECTION('',(0.E0,1.E0,0.E0));
#4868=VECTOR('',#4867,1.75E-1);
#4869=CARTESIAN_POINT('',(-1.65E0,0.E0,5.399900000002E-1));
#4870=LINE('',#4869,#4868);
#4871=CURVE_STYLE('',#33,POSITIVE_LENGTH_MEASURE(2.E-2),#3);
#4872=PRESENTATION_STYLE_ASSIGNMENT((#4871));
#4873=STYLED_ITEM('',(#4872),#4870);
#4874=DIRECTION('',(0.E0,1.E0,0.E0));
#4875=VECTOR('',#4874,1.75E-1);
#4876=CARTESIAN_POINT('',(-1.65E0,0.E0,-3.249999999998E-1));
#4877=LINE('',#4876,#4875);
#4878=CURVE_STYLE('',#33,POSITIVE_LENGTH_MEASURE(2.E-2),#3);
#4879=PRESENTATION_STYLE_ASSIGNMENT((#4878));
#4880=STYLED_ITEM('',(#4879),#4877);
#4881=DIRECTION('',(0.E0,0.E0,1.E0));
#4882=VECTOR('',#4881,2.750000000003E-1);
#4883=CARTESIAN_POINT('',(-1.65E0,1.75E-1,-6.000000000001E-1));
#4884=LINE('',#4883,#4882);
#4885=CURVE_STYLE('',#33,POSITIVE_LENGTH_MEASURE(2.E-2),#3);
#4886=PRESENTATION_STYLE_ASSIGNMENT((#4885));
#4887=STYLED_ITEM('',(#4886),#4884);
#4888=DIRECTION('',(0.E0,1.E0,0.E0));
#4889=VECTOR('',#4888,1.75E-1);
#4890=CARTESIAN_POINT('',(-1.65E0,0.E0,-6.000000000001E-1));
#4891=LINE('',#4890,#4889);
#4892=CURVE_STYLE('',#33,POSITIVE_LENGTH_MEASURE(2.E-2),#3);
#4893=PRESENTATION_STYLE_ASSIGNMENT((#4892));
#4894=STYLED_ITEM('',(#4893),#4891);
#4895=DIRECTION('',(0.E0,1.E0,0.E0));
#4896=VECTOR('',#4895,1.75E-1);
#4897=CARTESIAN_POINT('',(-1.65E0,0.E0,-8.500000000001E-1));
#4898=LINE('',#4897,#4896);
#4899=CURVE_STYLE('',#33,POSITIVE_LENGTH_MEASURE(2.E-2),#3);
#4900=PRESENTATION_STYLE_ASSIGNMENT((#4899));
#4901=STYLED_ITEM('',(#4900),#4898);
#4902=DIRECTION('',(0.E0,0.E0,1.E0));
#4903=VECTOR('',#4902,2.5E-1);
#4904=CARTESIAN_POINT('',(-1.65E0,1.75E-1,-1.1E0));
#4905=LINE('',#4904,#4903);
#4906=CURVE_STYLE('',#33,POSITIVE_LENGTH_MEASURE(2.E-2),#3);
#4907=PRESENTATION_STYLE_ASSIGNMENT((#4906));
#4908=STYLED_ITEM('',(#4907),#4905);
#4909=DIRECTION('',(0.E0,1.E0,0.E0));
#4910=VECTOR('',#4909,1.75E-1);
#4911=CARTESIAN_POINT('',(-1.65E0,0.E0,-1.1E0));
#4912=LINE('',#4911,#4910);
#4913=CURVE_STYLE('',#33,POSITIVE_LENGTH_MEASURE(2.E-2),#3);
#4914=PRESENTATION_STYLE_ASSIGNMENT((#4913));
#4915=STYLED_ITEM('',(#4914),#4912);
#4916=DIRECTION('',(0.E0,1.E0,0.E0));
#4917=VECTOR('',#4916,1.75E-1);
#4918=CARTESIAN_POINT('',(-1.65E0,0.E0,-1.35E0));
#4919=LINE('',#4918,#4917);
#4920=CURVE_STYLE('',#33,POSITIVE_LENGTH_MEASURE(2.E-2),#3);
#4921=PRESENTATION_STYLE_ASSIGNMENT((#4920));
#4922=STYLED_ITEM('',(#4921),#4919);
#4923=DIRECTION('',(0.E0,0.E0,1.E0));
#4924=VECTOR('',#4923,2.5E-1);
#4925=CARTESIAN_POINT('',(-1.65E0,1.75E-1,-1.6E0));
#4926=LINE('',#4925,#4924);
#4927=CURVE_STYLE('',#33,POSITIVE_LENGTH_MEASURE(2.E-2),#3);
#4928=PRESENTATION_STYLE_ASSIGNMENT((#4927));
#4929=STYLED_ITEM('',(#4928),#4926);
#4930=DIRECTION('',(0.E0,1.E0,0.E0));
#4931=VECTOR('',#4930,1.75E-1);
#4932=CARTESIAN_POINT('',(-1.65E0,0.E0,-1.6E0));
#4933=LINE('',#4932,#4931);
#4934=CURVE_STYLE('',#33,POSITIVE_LENGTH_MEASURE(2.E-2),#3);
#4935=PRESENTATION_STYLE_ASSIGNMENT((#4934));
#4936=STYLED_ITEM('',(#4935),#4933);
#4937=DIRECTION('',(0.E0,1.E0,0.E0));
#4938=VECTOR('',#4937,1.75E-1);
#4939=CARTESIAN_POINT('',(-1.65E0,0.E0,-1.85E0));
#4940=LINE('',#4939,#4938);
#4941=CURVE_STYLE('',#33,POSITIVE_LENGTH_MEASURE(2.E-2),#3);
#4942=PRESENTATION_STYLE_ASSIGNMENT((#4941));
#4943=STYLED_ITEM('',(#4942),#4940);
#4944=DIRECTION('',(0.E0,0.E0,-1.E0));
#4945=VECTOR('',#4944,2.E-1);
#4946=CARTESIAN_POINT('',(-2.6E-1,1.75E-1,2.25E0));
#4947=LINE('',#4946,#4945);
#4948=CURVE_STYLE('',#33,POSITIVE_LENGTH_MEASURE(2.E-2),#3);
#4949=PRESENTATION_STYLE_ASSIGNMENT((#4948));
#4950=STYLED_ITEM('',(#4949),#4947);
#4951=DIRECTION('',(-1.E0,0.E0,0.E0));
#4952=VECTOR('',#4951,1.899999999999E-1);
#4953=CARTESIAN_POINT('',(-2.6E-1,1.75E-1,2.05E0));
#4954=LINE('',#4953,#4952);
#4955=CURVE_STYLE('',#33,POSITIVE_LENGTH_MEASURE(2.E-2),#3);
#4956=PRESENTATION_STYLE_ASSIGNMENT((#4955));
#4957=STYLED_ITEM('',(#4956),#4954);
#4958=DIRECTION('',(0.E0,0.E0,-1.E0));
#4959=VECTOR('',#4958,1.925E0);
#4960=CARTESIAN_POINT('',(-4.499999999999E-1,1.75E-1,2.05E0));
#4961=LINE('',#4960,#4959);
#4962=CURVE_STYLE('',#33,POSITIVE_LENGTH_MEASURE(2.E-2),#3);
#4963=PRESENTATION_STYLE_ASSIGNMENT((#4962));
#4964=STYLED_ITEM('',(#4963),#4961);
#4965=DIRECTION('',(-1.E0,0.E0,0.E0));
#4966=VECTOR('',#4965,1.E0);
#4967=CARTESIAN_POINT('',(-4.499999999999E-1,1.75E-1,1.25E-1));
#4968=LINE('',#4967,#4966);
#4969=CURVE_STYLE('',#33,POSITIVE_LENGTH_MEASURE(2.E-2),#3);
#4970=PRESENTATION_STYLE_ASSIGNMENT((#4969));
#4971=STYLED_ITEM('',(#4970),#4968);
#4972=DIRECTION('',(0.E0,0.E0,1.E0));
#4973=VECTOR('',#4972,4.149900000002E-1);
#4974=CARTESIAN_POINT('',(-1.45E0,1.75E-1,1.25E-1));
#4975=LINE('',#4974,#4973);
#4976=CURVE_STYLE('',#33,POSITIVE_LENGTH_MEASURE(2.E-2),#3);
#4977=PRESENTATION_STYLE_ASSIGNMENT((#4976));
#4978=STYLED_ITEM('',(#4977),#4975);
#4979=DIRECTION('',(-1.E0,0.E0,0.E0));
#4980=VECTOR('',#4979,2.000000000001E-1);
#4981=CARTESIAN_POINT('',(-1.45E0,1.75E-1,5.399900000002E-1));
#4982=LINE('',#4981,#4980);
#4983=CURVE_STYLE('',#33,POSITIVE_LENGTH_MEASURE(2.E-2),#3);
#4984=PRESENTATION_STYLE_ASSIGNMENT((#4983));
#4985=STYLED_ITEM('',(#4984),#4982);
#4986=DIRECTION('',(1.E0,0.E0,0.E0));
#4987=VECTOR('',#4986,2.000000000001E-1);
#4988=CARTESIAN_POINT('',(-1.65E0,1.75E-1,7.899900000002E-1));
#4989=LINE('',#4988,#4987);
#4990=CURVE_STYLE('',#33,POSITIVE_LENGTH_MEASURE(2.E-2),#3);
#4991=PRESENTATION_STYLE_ASSIGNMENT((#4990));
#4992=STYLED_ITEM('',(#4991),#4989);
#4993=DIRECTION('',(0.E0,0.E0,1.E0));
#4994=VECTOR('',#4993,2.5E-1);
#4995=CARTESIAN_POINT('',(-1.45E0,1.75E-1,7.899900000002E-1));
#4996=LINE('',#4995,#4994);
#4997=CURVE_STYLE('',#33,POSITIVE_LENGTH_MEASURE(2.E-2),#3);
#4998=PRESENTATION_STYLE_ASSIGNMENT((#4997));
#4999=STYLED_ITEM('',(#4998),#4996);
#5000=DIRECTION('',(-1.E0,0.E0,0.E0));
#5001=VECTOR('',#5000,2.000000000001E-1);
#5002=CARTESIAN_POINT('',(-1.45E0,1.75E-1,1.03999E0));
#5003=LINE('',#5002,#5001);
#5004=CURVE_STYLE('',#33,POSITIVE_LENGTH_MEASURE(2.E-2),#3);
#5005=PRESENTATION_STYLE_ASSIGNMENT((#5004));
#5006=STYLED_ITEM('',(#5005),#5003);
#5007=DIRECTION('',(1.E0,0.E0,0.E0));
#5008=VECTOR('',#5007,2.000000000001E-1);
#5009=CARTESIAN_POINT('',(-1.65E0,1.75E-1,1.28999E0));
#5010=LINE('',#5009,#5008);
#5011=CURVE_STYLE('',#33,POSITIVE_LENGTH_MEASURE(2.E-2),#3);
#5012=PRESENTATION_STYLE_ASSIGNMENT((#5011));
#5013=STYLED_ITEM('',(#5012),#5010);
#5014=DIRECTION('',(0.E0,0.E0,1.E0));
#5015=VECTOR('',#5014,2.5E-1);
#5016=CARTESIAN_POINT('',(-1.45E0,1.75E-1,1.28999E0));
#5017=LINE('',#5016,#5015);
#5018=CURVE_STYLE('',#33,POSITIVE_LENGTH_MEASURE(2.E-2),#3);
#5019=PRESENTATION_STYLE_ASSIGNMENT((#5018));
#5020=STYLED_ITEM('',(#5019),#5017);
#5021=DIRECTION('',(-1.E0,0.E0,0.E0));
#5022=VECTOR('',#5021,2.000000000001E-1);
#5023=CARTESIAN_POINT('',(-1.45E0,1.75E-1,1.53999E0));
#5024=LINE('',#5023,#5022);
#5025=CURVE_STYLE('',#33,POSITIVE_LENGTH_MEASURE(2.E-2),#3);
#5026=PRESENTATION_STYLE_ASSIGNMENT((#5025));
#5027=STYLED_ITEM('',(#5026),#5024);
#5028=DIRECTION('',(1.E0,0.E0,0.E0));
#5029=VECTOR('',#5028,2.000000000001E-1);
#5030=CARTESIAN_POINT('',(-1.65E0,1.75E-1,1.78999E0));
#5031=LINE('',#5030,#5029);
#5032=CURVE_STYLE('',#33,POSITIVE_LENGTH_MEASURE(2.E-2),#3);
#5033=PRESENTATION_STYLE_ASSIGNMENT((#5032));
#5034=STYLED_ITEM('',(#5033),#5031);
#5035=DIRECTION('',(0.E0,0.E0,1.E0));
#5036=VECTOR('',#5035,2.600099999998E-1);
#5037=CARTESIAN_POINT('',(-1.45E0,1.75E-1,1.78999E0));
#5038=LINE('',#5037,#5036);
#5039=CURVE_STYLE('',#33,POSITIVE_LENGTH_MEASURE(2.E-2),#3);
#5040=PRESENTATION_STYLE_ASSIGNMENT((#5039));
#5041=STYLED_ITEM('',(#5040),#5038);
#5042=DIRECTION('',(1.E0,0.E0,0.E0));
#5043=VECTOR('',#5042,9.849999999999E-1);
#5044=CARTESIAN_POINT('',(-1.45E0,1.75E-1,2.05E0));
#5045=LINE('',#5044,#5043);
#5046=CURVE_STYLE('',#33,POSITIVE_LENGTH_MEASURE(2.E-2),#3);
#5047=PRESENTATION_STYLE_ASSIGNMENT((#5046));
#5048=STYLED_ITEM('',(#5047),#5045);
#5049=DIRECTION('',(0.E0,0.E0,1.E0));
#5050=VECTOR('',#5049,2.E-1);
#5051=CARTESIAN_POINT('',(-4.65E-1,1.75E-1,2.05E0));
#5052=LINE('',#5051,#5050);
#5053=CURVE_STYLE('',#33,POSITIVE_LENGTH_MEASURE(2.E-2),#3);
#5054=PRESENTATION_STYLE_ASSIGNMENT((#5053));
#5055=STYLED_ITEM('',(#5054),#5052);
#5056=DIRECTION('',(0.E0,0.E0,-1.E0));
#5057=VECTOR('',#5056,2.E-1);
#5058=CARTESIAN_POINT('',(4.65E-1,1.75E-1,2.25E0));
#5059=LINE('',#5058,#5057);
#5060=CURVE_STYLE('',#33,POSITIVE_LENGTH_MEASURE(2.E-2),#3);
#5061=PRESENTATION_STYLE_ASSIGNMENT((#5060));
#5062=STYLED_ITEM('',(#5061),#5059);
#5063=DIRECTION('',(1.E0,0.E0,0.E0));
#5064=VECTOR('',#5063,9.85E-1);
#5065=CARTESIAN_POINT('',(4.65E-1,1.75E-1,2.05E0));
#5066=LINE('',#5065,#5064);
#5067=CURVE_STYLE('',#33,POSITIVE_LENGTH_MEASURE(2.E-2),#3);
#5068=PRESENTATION_STYLE_ASSIGNMENT((#5067));
#5069=STYLED_ITEM('',(#5068),#5066);
#5070=DIRECTION('',(0.E0,0.E0,-1.E0));
#5071=VECTOR('',#5070,2.600099999998E-1);
#5072=CARTESIAN_POINT('',(1.45E0,1.75E-1,2.05E0));
#5073=LINE('',#5072,#5071);
#5074=CURVE_STYLE('',#33,POSITIVE_LENGTH_MEASURE(2.E-2),#3);
#5075=PRESENTATION_STYLE_ASSIGNMENT((#5074));
#5076=STYLED_ITEM('',(#5075),#5073);
#5077=DIRECTION('',(1.E0,0.E0,0.E0));
#5078=VECTOR('',#5077,2.E-1);
#5079=CARTESIAN_POINT('',(1.45E0,1.75E-1,1.78999E0));
#5080=LINE('',#5079,#5078);
#5081=CURVE_STYLE('',#33,POSITIVE_LENGTH_MEASURE(2.E-2),#3);
#5082=PRESENTATION_STYLE_ASSIGNMENT((#5081));
#5083=STYLED_ITEM('',(#5082),#5080);
#5084=DIRECTION('',(-1.E0,0.E0,0.E0));
#5085=VECTOR('',#5084,2.E-1);
#5086=CARTESIAN_POINT('',(1.65E0,1.75E-1,1.53999E0));
#5087=LINE('',#5086,#5085);
#5088=CURVE_STYLE('',#33,POSITIVE_LENGTH_MEASURE(2.E-2),#3);
#5089=PRESENTATION_STYLE_ASSIGNMENT((#5088));
#5090=STYLED_ITEM('',(#5089),#5087);
#5091=DIRECTION('',(0.E0,0.E0,-1.E0));
#5092=VECTOR('',#5091,2.5E-1);
#5093=CARTESIAN_POINT('',(1.45E0,1.75E-1,1.53999E0));
#5094=LINE('',#5093,#5092);
#5095=CURVE_STYLE('',#33,POSITIVE_LENGTH_MEASURE(2.E-2),#3);
#5096=PRESENTATION_STYLE_ASSIGNMENT((#5095));
#5097=STYLED_ITEM('',(#5096),#5094);
#5098=DIRECTION('',(1.E0,0.E0,0.E0));
#5099=VECTOR('',#5098,2.E-1);
#5100=CARTESIAN_POINT('',(1.45E0,1.75E-1,1.28999E0));
#5101=LINE('',#5100,#5099);
#5102=CURVE_STYLE('',#33,POSITIVE_LENGTH_MEASURE(2.E-2),#3);
#5103=PRESENTATION_STYLE_ASSIGNMENT((#5102));
#5104=STYLED_ITEM('',(#5103),#5101);
#5105=DIRECTION('',(-1.E0,0.E0,0.E0));
#5106=VECTOR('',#5105,2.E-1);
#5107=CARTESIAN_POINT('',(1.65E0,1.75E-1,1.03999E0));
#5108=LINE('',#5107,#5106);
#5109=CURVE_STYLE('',#33,POSITIVE_LENGTH_MEASURE(2.E-2),#3);
#5110=PRESENTATION_STYLE_ASSIGNMENT((#5109));
#5111=STYLED_ITEM('',(#5110),#5108);
#5112=DIRECTION('',(0.E0,0.E0,-1.E0));
#5113=VECTOR('',#5112,2.5E-1);
#5114=CARTESIAN_POINT('',(1.45E0,1.75E-1,1.03999E0));
#5115=LINE('',#5114,#5113);
#5116=CURVE_STYLE('',#33,POSITIVE_LENGTH_MEASURE(2.E-2),#3);
#5117=PRESENTATION_STYLE_ASSIGNMENT((#5116));
#5118=STYLED_ITEM('',(#5117),#5115);
#5119=DIRECTION('',(1.E0,0.E0,0.E0));
#5120=VECTOR('',#5119,2.E-1);
#5121=CARTESIAN_POINT('',(1.45E0,1.75E-1,7.899900000002E-1));
#5122=LINE('',#5121,#5120);
#5123=CURVE_STYLE('',#33,POSITIVE_LENGTH_MEASURE(2.E-2),#3);
#5124=PRESENTATION_STYLE_ASSIGNMENT((#5123));
#5125=STYLED_ITEM('',(#5124),#5122);
#5126=DIRECTION('',(-1.E0,0.E0,0.E0));
#5127=VECTOR('',#5126,2.E-1);
#5128=CARTESIAN_POINT('',(1.65E0,1.75E-1,5.399900000002E-1));
#5129=LINE('',#5128,#5127);
#5130=CURVE_STYLE('',#33,POSITIVE_LENGTH_MEASURE(2.E-2),#3);
#5131=PRESENTATION_STYLE_ASSIGNMENT((#5130));
#5132=STYLED_ITEM('',(#5131),#5129);
#5133=DIRECTION('',(0.E0,0.E0,-1.E0));
#5134=VECTOR('',#5133,4.149900000002E-1);
#5135=CARTESIAN_POINT('',(1.45E0,1.75E-1,5.399900000002E-1));
#5136=LINE('',#5135,#5134);
#5137=CURVE_STYLE('',#33,POSITIVE_LENGTH_MEASURE(2.E-2),#3);
#5138=PRESENTATION_STYLE_ASSIGNMENT((#5137));
#5139=STYLED_ITEM('',(#5138),#5136);
#5140=DIRECTION('',(-1.E0,0.E0,0.E0));
#5141=VECTOR('',#5140,1.E0);
#5142=CARTESIAN_POINT('',(1.45E0,1.75E-1,1.25E-1));
#5143=LINE('',#5142,#5141);
#5144=CURVE_STYLE('',#33,POSITIVE_LENGTH_MEASURE(2.E-2),#3);
#5145=PRESENTATION_STYLE_ASSIGNMENT((#5144));
#5146=STYLED_ITEM('',(#5145),#5143);
#5147=DIRECTION('',(0.E0,0.E0,1.E0));
#5148=VECTOR('',#5147,1.925E0);
#5149=CARTESIAN_POINT('',(4.5E-1,1.75E-1,1.25E-1));
#5150=LINE('',#5149,#5148);
#5151=CURVE_STYLE('',#33,POSITIVE_LENGTH_MEASURE(2.E-2),#3);
#5152=PRESENTATION_STYLE_ASSIGNMENT((#5151));
#5153=STYLED_ITEM('',(#5152),#5150);
#5154=DIRECTION('',(-1.E0,0.E0,0.E0));
#5155=VECTOR('',#5154,1.9E-1);
#5156=CARTESIAN_POINT('',(4.5E-1,1.75E-1,2.05E0));
#5157=LINE('',#5156,#5155);
#5158=CURVE_STYLE('',#33,POSITIVE_LENGTH_MEASURE(2.E-2),#3);
#5159=PRESENTATION_STYLE_ASSIGNMENT((#5158));
#5160=STYLED_ITEM('',(#5159),#5157);
#5161=DIRECTION('',(0.E0,0.E0,1.E0));
#5162=VECTOR('',#5161,2.E-1);
#5163=CARTESIAN_POINT('',(2.6E-1,1.75E-1,2.05E0));
#5164=LINE('',#5163,#5162);
#5165=CURVE_STYLE('',#33,POSITIVE_LENGTH_MEASURE(2.E-2),#3);
#5166=PRESENTATION_STYLE_ASSIGNMENT((#5165));
#5167=STYLED_ITEM('',(#5166),#5164);
#5168=DIRECTION('',(-1.E0,0.E0,0.E0));
#5169=VECTOR('',#5168,2.E-1);
#5170=CARTESIAN_POINT('',(1.65E0,1.75E-1,-1.1E0));
#5171=LINE('',#5170,#5169);
#5172=CURVE_STYLE('',#33,POSITIVE_LENGTH_MEASURE(2.E-2),#3);
#5173=PRESENTATION_STYLE_ASSIGNMENT((#5172));
#5174=STYLED_ITEM('',(#5173),#5171);
#5175=DIRECTION('',(0.E0,0.E0,-1.E0));
#5176=VECTOR('',#5175,2.5E-1);
#5177=CARTESIAN_POINT('',(1.45E0,1.75E-1,-1.1E0));
#5178=LINE('',#5177,#5176);
#5179=CURVE_STYLE('',#33,POSITIVE_LENGTH_MEASURE(2.E-2),#3);
#5180=PRESENTATION_STYLE_ASSIGNMENT((#5179));
#5181=STYLED_ITEM('',(#5180),#5178);
#5182=DIRECTION('',(1.E0,0.E0,0.E0));
#5183=VECTOR('',#5182,2.E-1);
#5184=CARTESIAN_POINT('',(1.45E0,1.75E-1,-1.35E0));
#5185=LINE('',#5184,#5183);
#5186=CURVE_STYLE('',#33,POSITIVE_LENGTH_MEASURE(2.E-2),#3);
#5187=PRESENTATION_STYLE_ASSIGNMENT((#5186));
#5188=STYLED_ITEM('',(#5187),#5185);
#5189=DIRECTION('',(-1.E0,0.E0,0.E0));
#5190=VECTOR('',#5189,1.E0);
#5191=CARTESIAN_POINT('',(1.65E0,1.75E-1,-1.6E0));
#5192=LINE('',#5191,#5190);
#5193=CURVE_STYLE('',#33,POSITIVE_LENGTH_MEASURE(2.E-2),#3);
#5194=PRESENTATION_STYLE_ASSIGNMENT((#5193));
#5195=STYLED_ITEM('',(#5194),#5192);
#5196=DIRECTION('',(0.E0,0.E0,1.E0));
#5197=VECTOR('',#5196,7.5E-1);
#5198=CARTESIAN_POINT('',(6.5E-1,1.75E-1,-1.6E0));
#5199=LINE('',#5198,#5197);
#5200=CURVE_STYLE('',#33,POSITIVE_LENGTH_MEASURE(2.E-2),#3);
#5201=PRESENTATION_STYLE_ASSIGNMENT((#5200));
#5202=STYLED_ITEM('',(#5201),#5199);
#5203=DIRECTION('',(1.E0,0.E0,0.E0));
#5204=VECTOR('',#5203,1.E0);
#5205=CARTESIAN_POINT('',(6.5E-1,1.75E-1,-8.500000000001E-1));
#5206=LINE('',#5205,#5204);
#5207=CURVE_STYLE('',#33,POSITIVE_LENGTH_MEASURE(2.E-2),#3);
#5208=PRESENTATION_STYLE_ASSIGNMENT((#5207));
#5209=STYLED_ITEM('',(#5208),#5206);
#5210=DIRECTION('',(-1.E0,0.E0,4.244971910045E-14));
#5211=VECTOR('',#5210,6.276920826720E-1);
#5212=CARTESIAN_POINT('',(1.65E0,1.75E-1,-2.1E0));
#5213=LINE('',#5212,#5211);
#5214=CURVE_STYLE('',#33,POSITIVE_LENGTH_MEASURE(2.E-2),#3);
#5215=PRESENTATION_STYLE_ASSIGNMENT((#5214));
#5216=STYLED_ITEM('',(#5215),#5213);
#5217=CARTESIAN_POINT('',(1.022307917328E0,1.75E-1,-2.147307917328E0));
#5218=DIRECTION('',(0.E0,-1.E0,0.E0));
#5219=DIRECTION('',(-8.307678141731E-12,0.E0,1.E0));
#5220=AXIS2_PLACEMENT_3D('',#5217,#5218,#5219);
#5222=CURVE_STYLE('',#33,POSITIVE_LENGTH_MEASURE(2.E-2),#3);
#5223=PRESENTATION_STYLE_ASSIGNMENT((#5222));
#5224=STYLED_ITEM('',(#5223),#5221);
#5225=DIRECTION('',(-9.838177648394E-14,0.E0,-1.E0));
#5226=VECTOR('',#5225,1.026920826718E-1);
#5227=CARTESIAN_POINT('',(9.75E-1,1.75E-1,-2.147307917328E0));
#5228=LINE('',#5227,#5226);
#5229=CURVE_STYLE('',#33,POSITIVE_LENGTH_MEASURE(2.E-2),#3);
#5230=PRESENTATION_STYLE_ASSIGNMENT((#5229));
#5231=STYLED_ITEM('',(#5230),#5228);
#5232=DIRECTION('',(-9.008666828385E-14,0.E0,1.E0));
#5233=VECTOR('',#5232,3.500000000001E-1);
#5234=CARTESIAN_POINT('',(6.250000000001E-1,1.75E-1,-2.25E0));
#5235=LINE('',#5234,#5233);
#5236=CURVE_STYLE('',#33,POSITIVE_LENGTH_MEASURE(2.E-2),#3);
#5237=PRESENTATION_STYLE_ASSIGNMENT((#5236));
#5238=STYLED_ITEM('',(#5237),#5235);
#5239=CARTESIAN_POINT('',(6.722265499113E-1,1.75E-1,-1.897226549911E0));
#5240=DIRECTION('',(0.E0,1.E0,0.E0));
#5241=DIRECTION('',(-9.982800465266E-1,0.E0,-5.862549536561E-2));
#5242=AXIS2_PLACEMENT_3D('',#5239,#5240,#5241);
#5244=CURVE_STYLE('',#33,POSITIVE_LENGTH_MEASURE(2.E-2),#3);
#5245=PRESENTATION_STYLE_ASSIGNMENT((#5244));
#5246=STYLED_ITEM('',(#5245),#5243);
#5247=DIRECTION('',(1.E0,0.E0,2.555220992073E-13));
#5248=VECTOR('',#5247,9.749999999952E-1);
#5249=CARTESIAN_POINT('',(6.750000000048E-1,1.75E-1,-1.85E0));
#5250=LINE('',#5249,#5248);
#5251=CURVE_STYLE('',#33,POSITIVE_LENGTH_MEASURE(2.E-2),#3);
#5252=PRESENTATION_STYLE_ASSIGNMENT((#5251));
#5253=STYLED_ITEM('',(#5252),#5250);
#5254=DIRECTION('',(0.E0,0.E0,1.E0));
#5255=VECTOR('',#5254,3.E-1);
#5256=CARTESIAN_POINT('',(1.25E-1,1.75E-1,-2.25E0));
#5257=LINE('',#5256,#5255);
#5258=CURVE_STYLE('',#33,POSITIVE_LENGTH_MEASURE(2.E-2),#3);
#5259=PRESENTATION_STYLE_ASSIGNMENT((#5258));
#5260=STYLED_ITEM('',(#5259),#5257);
#5261=DIRECTION('',(1.E0,0.E0,0.E0));
#5262=VECTOR('',#5261,2.62E-1);
#5263=CARTESIAN_POINT('',(1.25E-1,1.75E-1,-1.95E0));
#5264=LINE('',#5263,#5262);
#5265=CURVE_STYLE('',#33,POSITIVE_LENGTH_MEASURE(2.E-2),#3);
#5266=PRESENTATION_STYLE_ASSIGNMENT((#5265));
#5267=STYLED_ITEM('',(#5266),#5264);
#5268=DIRECTION('',(0.E0,0.E0,-1.E0));
#5269=VECTOR('',#5268,3.E-1);
#5270=CARTESIAN_POINT('',(3.87E-1,1.75E-1,-1.95E0));
#5271=LINE('',#5270,#5269);
#5272=CURVE_STYLE('',#33,POSITIVE_LENGTH_MEASURE(2.E-2),#3);
#5273=PRESENTATION_STYLE_ASSIGNMENT((#5272));
#5274=STYLED_ITEM('',(#5273),#5271);
#5275=DIRECTION('',(2.726763695258E-4,0.E0,9.999999628238E-1));
#5276=VECTOR('',#5275,2.249494578269E-1);
#5277=CARTESIAN_POINT('',(-3.75E-1,1.75E-1,-2.25E0));
#5278=LINE('',#5277,#5276);
#5279=CURVE_STYLE('',#33,POSITIVE_LENGTH_MEASURE(2.E-2),#3);
#5280=PRESENTATION_STYLE_ASSIGNMENT((#5279));
#5281=STYLED_ITEM('',(#5280),#5278);
#5282=CARTESIAN_POINT('',(-2.249999999999E-1,1.75E-1,-2.0525E0));
#5283=DIRECTION('',(0.E0,1.E0,0.E0));
#5284=DIRECTION('',(-9.836522621244E-1,0.E0,1.800783918674E-1));
#5285=AXIS2_PLACEMENT_3D('',#5282,#5283,#5284);
#5287=CURVE_STYLE('',#33,POSITIVE_LENGTH_MEASURE(2.E-2),#3);
#5288=PRESENTATION_STYLE_ASSIGNMENT((#5287));
#5289=STYLED_ITEM('',(#5288),#5286);
#5290=DIRECTION('',(0.E0,0.E0,-1.E0));
#5291=VECTOR('',#5290,2.246122577051E-1);
#5292=CARTESIAN_POINT('',(-7.499999999993E-2,1.75E-1,-2.025387742295E0));
#5293=LINE('',#5292,#5291);
#5294=CURVE_STYLE('',#33,POSITIVE_LENGTH_MEASURE(2.E-2),#3);
#5295=PRESENTATION_STYLE_ASSIGNMENT((#5294));
#5296=STYLED_ITEM('',(#5295),#5293);
#5297=DIRECTION('',(-2.198241588762E-13,0.E0,1.E0));
#5298=VECTOR('',#5297,9.999999999980E-2);
#5299=CARTESIAN_POINT('',(-9.749899999999E-1,1.75E-1,-2.25E0));
#5300=LINE('',#5299,#5298);
#5301=CURVE_STYLE('',#33,POSITIVE_LENGTH_MEASURE(2.E-2),#3);
#5302=PRESENTATION_STYLE_ASSIGNMENT((#5301));
#5303=STYLED_ITEM('',(#5302),#5300);
#5304=CARTESIAN_POINT('',(-1.02499E0,1.75E-1,-2.15E0));
#5305=DIRECTION('',(0.E0,-1.E0,0.E0));
#5306=DIRECTION('',(1.E0,0.E0,-6.616929226766E-12));
#5307=AXIS2_PLACEMENT_3D('',#5304,#5305,#5306);
#5309=CURVE_STYLE('',#33,POSITIVE_LENGTH_MEASURE(2.E-2),#3);
#5310=PRESENTATION_STYLE_ASSIGNMENT((#5309));
#5311=STYLED_ITEM('',(#5310),#5308);
#5312=DIRECTION('',(-1.E0,0.E0,-7.389526219485E-14));
#5313=VECTOR('',#5312,6.2501E-1);
#5314=CARTESIAN_POINT('',(-1.02499E0,1.75E-1,-2.1E0));
#5315=LINE('',#5314,#5313);
#5316=CURVE_STYLE('',#33,POSITIVE_LENGTH_MEASURE(2.E-2),#3);
#5317=PRESENTATION_STYLE_ASSIGNMENT((#5316));
#5318=STYLED_ITEM('',(#5317),#5315);
#5319=DIRECTION('',(1.E0,0.E0,-5.989510881568E-14));
#5320=VECTOR('',#5319,9.749999999999E-1);
#5321=CARTESIAN_POINT('',(-1.65E0,1.75E-1,-1.85E0));
#5322=LINE('',#5321,#5320);
#5323=CURVE_STYLE('',#33,POSITIVE_LENGTH_MEASURE(2.E-2),#3);
#5324=PRESENTATION_STYLE_ASSIGNMENT((#5323));
#5325=STYLED_ITEM('',(#5324),#5322);
#5326=CARTESIAN_POINT('',(-6.75E-1,1.75E-1,-1.9E0));
#5327=DIRECTION('',(0.E0,1.E0,0.E0));
#5328=DIRECTION('',(-1.397548743398E-11,0.E0,1.E0));
#5329=AXIS2_PLACEMENT_3D('',#5326,#5327,#5328);
#5331=CURVE_STYLE('',#33,POSITIVE_LENGTH_MEASURE(2.E-2),#3);
#5332=PRESENTATION_STYLE_ASSIGNMENT((#5331));
#5333=STYLED_ITEM('',(#5332),#5330);
#5334=DIRECTION('',(-5.138746571123E-14,0.E0,-1.E0));
#5335=VECTOR('',#5334,3.5E-1);
#5336=CARTESIAN_POINT('',(-6.25E-1,1.75E-1,-1.9E0));
#5337=LINE('',#5336,#5335);
#5338=CURVE_STYLE('',#33,POSITIVE_LENGTH_MEASURE(2.E-2),#3);
#5339=PRESENTATION_STYLE_ASSIGNMENT((#5338));
#5340=STYLED_ITEM('',(#5339),#5337);
#5341=DIRECTION('',(1.E0,0.E0,0.E0));
#5342=VECTOR('',#5341,6.000000000002E-1);
#5343=CARTESIAN_POINT('',(-1.65E0,1.75E-1,-1.35E0));
#5344=LINE('',#5343,#5342);
#5345=CURVE_STYLE('',#33,POSITIVE_LENGTH_MEASURE(2.E-2),#3);
#5346=PRESENTATION_STYLE_ASSIGNMENT((#5345));
#5347=STYLED_ITEM('',(#5346),#5344);
#5348=DIRECTION('',(0.E0,0.E0,-1.E0));
#5349=VECTOR('',#5348,1.299999999999E-1);
#5350=CARTESIAN_POINT('',(-1.05E0,1.75E-1,-1.35E0));
#5351=LINE('',#5350,#5349);
#5352=CURVE_STYLE('',#33,POSITIVE_LENGTH_MEASURE(2.E-2),#3);
#5353=PRESENTATION_STYLE_ASSIGNMENT((#5352));
#5354=STYLED_ITEM('',(#5353),#5351);
#5355=DIRECTION('',(-7.071067811865E-1,0.E0,-7.071067811865E-1));
#5356=VECTOR('',#5355,1.697056274849E-1);
#5357=CARTESIAN_POINT('',(-1.05E0,1.75E-1,-1.48E0));
#5358=LINE('',#5357,#5356);
#5359=CURVE_STYLE('',#33,POSITIVE_LENGTH_MEASURE(2.E-2),#3);
#5360=PRESENTATION_STYLE_ASSIGNMENT((#5359));
#5361=STYLED_ITEM('',(#5360),#5358);
#5362=DIRECTION('',(-1.E0,0.E0,0.E0));
#5363=VECTOR('',#5362,4.8E-1);
#5364=CARTESIAN_POINT('',(-1.17E0,1.75E-1,-1.6E0));
#5365=LINE('',#5364,#5363);
#5366=CURVE_STYLE('',#33,POSITIVE_LENGTH_MEASURE(2.E-2),#3);
#5367=PRESENTATION_STYLE_ASSIGNMENT((#5366));
#5368=STYLED_ITEM('',(#5367),#5365);
#5369=DIRECTION('',(1.E0,0.E0,0.E0));
#5370=VECTOR('',#5369,6.000000000002E-1);
#5371=CARTESIAN_POINT('',(-1.65E0,1.75E-1,-8.500000000001E-1));
#5372=LINE('',#5371,#5370);
#5373=CURVE_STYLE('',#33,POSITIVE_LENGTH_MEASURE(2.E-2),#3);
#5374=PRESENTATION_STYLE_ASSIGNMENT((#5373));
#5375=STYLED_ITEM('',(#5374),#5372);
#5376=DIRECTION('',(0.E0,0.E0,-1.E0));
#5377=VECTOR('',#5376,2.5E-1);
#5378=CARTESIAN_POINT('',(-1.05E0,1.75E-1,-8.500000000001E-1));
#5379=LINE('',#5378,#5377);
#5380=CURVE_STYLE('',#33,POSITIVE_LENGTH_MEASURE(2.E-2),#3);
#5381=PRESENTATION_STYLE_ASSIGNMENT((#5380));
#5382=STYLED_ITEM('',(#5381),#5379);
#5383=DIRECTION('',(-1.E0,0.E0,0.E0));
#5384=VECTOR('',#5383,6.000000000002E-1);
#5385=CARTESIAN_POINT('',(-1.05E0,1.75E-1,-1.1E0));
#5386=LINE('',#5385,#5384);
#5387=CURVE_STYLE('',#33,POSITIVE_LENGTH_MEASURE(2.E-2),#3);
#5388=PRESENTATION_STYLE_ASSIGNMENT((#5387));
#5389=STYLED_ITEM('',(#5388),#5386);
#5390=DIRECTION('',(1.E0,0.E0,0.E0));
#5391=VECTOR('',#5390,1.525E0);
#5392=CARTESIAN_POINT('',(-1.65E0,1.75E-1,-3.249999999998E-1));
#5393=LINE('',#5392,#5391);
#5394=CURVE_STYLE('',#33,POSITIVE_LENGTH_MEASURE(2.E-2),#3);
#5395=PRESENTATION_STYLE_ASSIGNMENT((#5394));
#5396=STYLED_ITEM('',(#5395),#5393);
#5397=DIRECTION('',(8.597944159570E-14,0.E0,-1.E0));
#5398=VECTOR('',#5397,1.325000000001E0);
#5399=CARTESIAN_POINT('',(-1.25E-1,1.75E-1,-3.249999999998E-1));
#5400=LINE('',#5399,#5398);
#5401=CURVE_STYLE('',#33,POSITIVE_LENGTH_MEASURE(2.E-2),#3);
#5402=PRESENTATION_STYLE_ASSIGNMENT((#5401));
#5403=STYLED_ITEM('',(#5402),#5400);
#5404=DIRECTION('',(-1.E0,0.E0,0.E0));
#5405=VECTOR('',#5404,2.5E-1);
#5406=CARTESIAN_POINT('',(-1.249999999999E-1,1.75E-1,-1.65E0));
#5407=LINE('',#5406,#5405);
#5408=CURVE_STYLE('',#33,POSITIVE_LENGTH_MEASURE(2.E-2),#3);
#5409=PRESENTATION_STYLE_ASSIGNMENT((#5408));
#5410=STYLED_ITEM('',(#5409),#5407);
#5411=DIRECTION('',(0.E0,0.E0,1.E0));
#5412=VECTOR('',#5411,8.499069415795E-1);
#5413=CARTESIAN_POINT('',(-3.749999999999E-1,1.75E-1,-1.65E0));
#5414=LINE('',#5413,#5412);
#5415=CURVE_STYLE('',#33,POSITIVE_LENGTH_MEASURE(2.E-2),#3);
#5416=PRESENTATION_STYLE_ASSIGNMENT((#5415));
#5417=STYLED_ITEM('',(#5416),#5414);
#5418=DIRECTION('',(-7.071067811867E-1,0.E0,7.071067811863E-1));
#5419=VECTOR('',#5418,2.829743169553E-1);
#5420=CARTESIAN_POINT('',(-3.749999999999E-1,1.75E-1,-8.000930584208E-1));
#5421=LINE('',#5420,#5419);
#5422=CURVE_STYLE('',#33,POSITIVE_LENGTH_MEASURE(2.E-2),#3);
#5423=PRESENTATION_STYLE_ASSIGNMENT((#5422));
#5424=STYLED_ITEM('',(#5423),#5421);
#5425=DIRECTION('',(-1.E0,0.E0,0.E0));
#5426=VECTOR('',#5425,1.074906941579E0);
#5427=CARTESIAN_POINT('',(-5.750930584206E-1,1.75E-1,-6.000000000001E-1));
#5428=LINE('',#5427,#5426);
#5429=CURVE_STYLE('',#33,POSITIVE_LENGTH_MEASURE(2.E-2),#3);
#5430=PRESENTATION_STYLE_ASSIGNMENT((#5429));
#5431=STYLED_ITEM('',(#5430),#5428);
#5432=DIRECTION('',(0.E0,1.E0,0.E0));
#5433=VECTOR('',#5432,2.025E0);
#5434=CARTESIAN_POINT('',(-1.65E0,0.E0,2.25E0));
#5435=LINE('',#5434,#5433);
#5436=CURVE_STYLE('',#33,POSITIVE_LENGTH_MEASURE(2.E-2),#3);
#5437=PRESENTATION_STYLE_ASSIGNMENT((#5436));
#5438=STYLED_ITEM('',(#5437),#5435);
#5439=DIRECTION('',(1.E0,0.E0,0.E0));
#5440=VECTOR('',#5439,2.05E-1);
#5441=CARTESIAN_POINT('',(-4.65E-1,1.75E-1,2.25E0));
#5442=LINE('',#5441,#5440);
#5443=CURVE_STYLE('',#33,POSITIVE_LENGTH_MEASURE(2.E-2),#3);
#5444=PRESENTATION_STYLE_ASSIGNMENT((#5443));
#5445=STYLED_ITEM('',(#5444),#5442);
#5446=DIRECTION('',(0.E0,1.E0,0.E0));
#5447=VECTOR('',#5446,1.E-1);
#5448=CARTESIAN_POINT('',(-4.65E-1,7.5E-2,2.25E0));
#5449=LINE('',#5448,#5447);
#5450=CURVE_STYLE('',#33,POSITIVE_LENGTH_MEASURE(2.E-2),#3);
#5451=PRESENTATION_STYLE_ASSIGNMENT((#5450));
#5452=STYLED_ITEM('',(#5451),#5449);
#5453=DIRECTION('',(1.E0,0.E0,0.E0));
#5454=VECTOR('',#5453,2.05E-1);
#5455=CARTESIAN_POINT('',(-4.65E-1,7.5E-2,2.25E0));
#5456=LINE('',#5455,#5454);
#5457=CURVE_STYLE('',#33,POSITIVE_LENGTH_MEASURE(2.E-2),#3);
#5458=PRESENTATION_STYLE_ASSIGNMENT((#5457));
#5459=STYLED_ITEM('',(#5458),#5456);
#5460=DIRECTION('',(0.E0,1.E0,0.E0));
#5461=VECTOR('',#5460,1.E-1);
#5462=CARTESIAN_POINT('',(-2.6E-1,7.5E-2,2.25E0));
#5463=LINE('',#5462,#5461);
#5464=CURVE_STYLE('',#33,POSITIVE_LENGTH_MEASURE(2.E-2),#3);
#5465=PRESENTATION_STYLE_ASSIGNMENT((#5464));
#5466=STYLED_ITEM('',(#5465),#5463);
#5467=DIRECTION('',(1.E0,0.E0,0.E0));
#5468=VECTOR('',#5467,2.05E-1);
#5469=CARTESIAN_POINT('',(2.6E-1,1.75E-1,2.25E0));
#5470=LINE('',#5469,#5468);
#5471=CURVE_STYLE('',#33,POSITIVE_LENGTH_MEASURE(2.E-2),#3);
#5472=PRESENTATION_STYLE_ASSIGNMENT((#5471));
#5473=STYLED_ITEM('',(#5472),#5470);
#5474=DIRECTION('',(0.E0,1.E0,0.E0));
#5475=VECTOR('',#5474,1.E-1);
#5476=CARTESIAN_POINT('',(2.6E-1,7.5E-2,2.25E0));
#5477=LINE('',#5476,#5475);
#5478=CURVE_STYLE('',#33,POSITIVE_LENGTH_MEASURE(2.E-2),#3);
#5479=PRESENTATION_STYLE_ASSIGNMENT((#5478));
#5480=STYLED_ITEM('',(#5479),#5477);
#5481=DIRECTION('',(1.E0,0.E0,0.E0));
#5482=VECTOR('',#5481,2.05E-1);
#5483=CARTESIAN_POINT('',(2.6E-1,7.5E-2,2.25E0));
#5484=LINE('',#5483,#5482);
#5485=CURVE_STYLE('',#33,POSITIVE_LENGTH_MEASURE(2.E-2),#3);
#5486=PRESENTATION_STYLE_ASSIGNMENT((#5485));
#5487=STYLED_ITEM('',(#5486),#5484);
#5488=DIRECTION('',(0.E0,1.E0,0.E0));
#5489=VECTOR('',#5488,1.E-1);
#5490=CARTESIAN_POINT('',(4.65E-1,7.5E-2,2.25E0));
#5491=LINE('',#5490,#5489);
#5492=CURVE_STYLE('',#33,POSITIVE_LENGTH_MEASURE(2.E-2),#3);
#5493=PRESENTATION_STYLE_ASSIGNMENT((#5492));
#5494=STYLED_ITEM('',(#5493),#5491);
#5495=DIRECTION('',(1.E0,0.E0,0.E0));
#5496=VECTOR('',#5495,3.3E0);
#5497=CARTESIAN_POINT('',(-1.65E0,2.025E0,2.25E0));
#5498=LINE('',#5497,#5496);
#5499=CURVE_STYLE('',#33,POSITIVE_LENGTH_MEASURE(2.E-2),#3);
#5500=PRESENTATION_STYLE_ASSIGNMENT((#5499));
#5501=STYLED_ITEM('',(#5500),#5498);
#5502=DIRECTION('',(0.E0,0.E0,1.E0));
#5503=VECTOR('',#5502,4.5E0);
#5504=CARTESIAN_POINT('',(-1.65E0,2.025E0,-2.25E0));
#5505=LINE('',#5504,#5503);
#5506=CURVE_STYLE('',#33,POSITIVE_LENGTH_MEASURE(2.E-2),#3);
#5507=PRESENTATION_STYLE_ASSIGNMENT((#5506));
#5508=STYLED_ITEM('',(#5507),#5505);
#5509=DIRECTION('',(-1.E0,0.E0,0.E0));
#5510=VECTOR('',#5509,3.3E0);
#5511=CARTESIAN_POINT('',(1.65E0,2.025E0,-2.25E0));
#5512=LINE('',#5511,#5510);
#5513=CURVE_STYLE('',#33,POSITIVE_LENGTH_MEASURE(2.E-2),#3);
#5514=PRESENTATION_STYLE_ASSIGNMENT((#5513));
#5515=STYLED_ITEM('',(#5514),#5512);
#5516=DIRECTION('',(0.E0,0.E0,-1.E0));
#5517=VECTOR('',#5516,4.5E0);
#5518=CARTESIAN_POINT('',(1.65E0,2.025E0,2.25E0));
#5519=LINE('',#5518,#5517);
#5520=CURVE_STYLE('',#33,POSITIVE_LENGTH_MEASURE(2.E-2),#3);
#5521=PRESENTATION_STYLE_ASSIGNMENT((#5520));
#5522=STYLED_ITEM('',(#5521),#5519);
#5523=DIRECTION('',(-1.E0,0.E0,0.E0));
#5524=VECTOR('',#5523,3.499999999999E-1);
#5525=CARTESIAN_POINT('',(9.75E-1,1.75E-1,-2.25E0));
#5526=LINE('',#5525,#5524);
#5527=CURVE_STYLE('',#33,POSITIVE_LENGTH_MEASURE(2.E-2),#3);
#5528=PRESENTATION_STYLE_ASSIGNMENT((#5527));
#5529=STYLED_ITEM('',(#5528),#5526);
#5530=DIRECTION('',(0.E0,1.E0,0.E0));
#5531=VECTOR('',#5530,1.75E-1);
#5532=CARTESIAN_POINT('',(9.75E-1,0.E0,-2.25E0));
#5533=LINE('',#5532,#5531);
#5534=CURVE_STYLE('',#33,POSITIVE_LENGTH_MEASURE(2.E-2),#3);
#5535=PRESENTATION_STYLE_ASSIGNMENT((#5534));
#5536=STYLED_ITEM('',(#5535),#5533);
#5537=DIRECTION('',(0.E0,1.E0,0.E0));
#5538=VECTOR('',#5537,2.025E0);
#5539=CARTESIAN_POINT('',(1.65E0,0.E0,-2.25E0));
#5540=LINE('',#5539,#5538);
#5541=CURVE_STYLE('',#33,POSITIVE_LENGTH_MEASURE(2.E-2),#3);
#5542=PRESENTATION_STYLE_ASSIGNMENT((#5541));
#5543=STYLED_ITEM('',(#5542),#5540);
#5544=DIRECTION('',(0.E0,1.E0,0.E0));
#5545=VECTOR('',#5544,1.75E-1);
#5546=CARTESIAN_POINT('',(-9.749899999999E-1,0.E0,-2.25E0));
#5547=LINE('',#5546,#5545);
#5548=CURVE_STYLE('',#33,POSITIVE_LENGTH_MEASURE(2.E-2),#3);
#5549=PRESENTATION_STYLE_ASSIGNMENT((#5548));
#5550=STYLED_ITEM('',(#5549),#5547);
#5551=DIRECTION('',(-1.E0,0.E0,0.E0));
#5552=VECTOR('',#5551,3.499899999999E-1);
#5553=CARTESIAN_POINT('',(-6.25E-1,1.75E-1,-2.25E0));
#5554=LINE('',#5553,#5552);
#5555=CURVE_STYLE('',#33,POSITIVE_LENGTH_MEASURE(2.E-2),#3);
#5556=PRESENTATION_STYLE_ASSIGNMENT((#5555));
#5557=STYLED_ITEM('',(#5556),#5554);
#5558=DIRECTION('',(0.E0,1.E0,0.E0));
#5559=VECTOR('',#5558,1.75E-1);
#5560=CARTESIAN_POINT('',(-6.25E-1,0.E0,-2.25E0));
#5561=LINE('',#5560,#5559);
#5562=CURVE_STYLE('',#33,POSITIVE_LENGTH_MEASURE(2.E-2),#3);
#5563=PRESENTATION_STYLE_ASSIGNMENT((#5562));
#5564=STYLED_ITEM('',(#5563),#5561);
#5565=DIRECTION('',(0.E0,1.E0,0.E0));
#5566=VECTOR('',#5565,1.75E-1);
#5567=CARTESIAN_POINT('',(-3.75E-1,0.E0,-2.25E0));
#5568=LINE('',#5567,#5566);
#5569=CURVE_STYLE('',#33,POSITIVE_LENGTH_MEASURE(2.E-2),#3);
#5570=PRESENTATION_STYLE_ASSIGNMENT((#5569));
#5571=STYLED_ITEM('',(#5570),#5568);
#5572=DIRECTION('',(-1.E0,0.E0,0.E0));
#5573=VECTOR('',#5572,3.000000000001E-1);
#5574=CARTESIAN_POINT('',(-7.499999999993E-2,1.75E-1,-2.25E0));
#5575=LINE('',#5574,#5573);
#5576=CURVE_STYLE('',#33,POSITIVE_LENGTH_MEASURE(2.E-2),#3);
#5577=PRESENTATION_STYLE_ASSIGNMENT((#5576));
#5578=STYLED_ITEM('',(#5577),#5575);
#5579=DIRECTION('',(0.E0,1.E0,0.E0));
#5580=VECTOR('',#5579,1.75E-1);
#5581=CARTESIAN_POINT('',(-7.499999999993E-2,0.E0,-2.25E0));
#5582=LINE('',#5581,#5580);
#5583=CURVE_STYLE('',#33,POSITIVE_LENGTH_MEASURE(2.E-2),#3);
#5584=PRESENTATION_STYLE_ASSIGNMENT((#5583));
#5585=STYLED_ITEM('',(#5584),#5582);
#5586=DIRECTION('',(0.E0,1.E0,0.E0));
#5587=VECTOR('',#5586,1.75E-1);
#5588=CARTESIAN_POINT('',(6.250000000001E-1,0.E0,-2.25E0));
#5589=LINE('',#5588,#5587);
#5590=CURVE_STYLE('',#33,POSITIVE_LENGTH_MEASURE(2.E-2),#3);
#5591=PRESENTATION_STYLE_ASSIGNMENT((#5590));
#5592=STYLED_ITEM('',(#5591),#5589);
#5593=DIRECTION('',(-1.E0,0.E0,0.E0));
#5594=VECTOR('',#5593,2.62E-1);
#5595=CARTESIAN_POINT('',(3.87E-1,1.75E-1,-2.25E0));
#5596=LINE('',#5595,#5594);
#5597=CURVE_STYLE('',#33,POSITIVE_LENGTH_MEASURE(2.E-2),#3);
#5598=PRESENTATION_STYLE_ASSIGNMENT((#5597));
#5599=STYLED_ITEM('',(#5598),#5596);
#5600=DIRECTION('',(0.E0,1.E0,0.E0));
#5601=VECTOR('',#5600,1.E-1);
#5602=CARTESIAN_POINT('',(3.87E-1,7.5E-2,-2.25E0));
#5603=LINE('',#5602,#5601);
#5604=CURVE_STYLE('',#33,POSITIVE_LENGTH_MEASURE(2.E-2),#3);
#5605=PRESENTATION_STYLE_ASSIGNMENT((#5604));
#5606=STYLED_ITEM('',(#5605),#5603);
#5607=DIRECTION('',(1.E0,0.E0,0.E0));
#5608=VECTOR('',#5607,2.62E-1);
#5609=CARTESIAN_POINT('',(1.25E-1,7.5E-2,-2.25E0));
#5610=LINE('',#5609,#5608);
#5611=CURVE_STYLE('',#33,POSITIVE_LENGTH_MEASURE(2.E-2),#3);
#5612=PRESENTATION_STYLE_ASSIGNMENT((#5611));
#5613=STYLED_ITEM('',(#5612),#5610);
#5614=DIRECTION('',(0.E0,1.E0,0.E0));
#5615=VECTOR('',#5614,1.E-1);
#5616=CARTESIAN_POINT('',(1.25E-1,7.5E-2,-2.25E0));
#5617=LINE('',#5616,#5615);
#5618=CURVE_STYLE('',#33,POSITIVE_LENGTH_MEASURE(2.E-2),#3);
#5619=PRESENTATION_STYLE_ASSIGNMENT((#5618));
#5620=STYLED_ITEM('',(#5619),#5617);
#5621=DIRECTION('',(0.E0,1.E0,1.141943682472E-13));
#5622=VECTOR('',#5621,1.75E-1);
#5623=CARTESIAN_POINT('',(9.75E-1,0.E0,-2.147307917328E0));
#5624=LINE('',#5623,#5622);
#5625=CURVE_STYLE('',#33,POSITIVE_LENGTH_MEASURE(2.E-2),#3);
#5626=PRESENTATION_STYLE_ASSIGNMENT((#5625));
#5627=STYLED_ITEM('',(#5626),#5624);
#5628=DIRECTION('',(2.575717417130E-13,1.E0,0.E0));
#5629=VECTOR('',#5628,1.75E-1);
#5630=CARTESIAN_POINT('',(1.022307917328E0,0.E0,-2.1E0));
#5631=LINE('',#5630,#5629);
#5632=CURVE_STYLE('',#33,POSITIVE_LENGTH_MEASURE(2.E-2),#3);
#5633=PRESENTATION_STYLE_ASSIGNMENT((#5632));
#5634=STYLED_ITEM('',(#5633),#5631);
#5635=DIRECTION('',(0.E0,0.E0,-1.E0));
#5636=VECTOR('',#5635,2.5E-1);
#5637=CARTESIAN_POINT('',(1.65E0,1.75E-1,1.78999E0));
#5638=LINE('',#5637,#5636);
#5639=CURVE_STYLE('',#33,POSITIVE_LENGTH_MEASURE(2.E-2),#3);
#5640=PRESENTATION_STYLE_ASSIGNMENT((#5639));
#5641=STYLED_ITEM('',(#5640),#5638);
#5642=DIRECTION('',(0.E0,1.E0,0.E0));
#5643=VECTOR('',#5642,1.75E-1);
#5644=CARTESIAN_POINT('',(1.65E0,0.E0,1.78999E0));
#5645=LINE('',#5644,#5643);
#5646=CURVE_STYLE('',#33,POSITIVE_LENGTH_MEASURE(2.E-2),#3);
#5647=PRESENTATION_STYLE_ASSIGNMENT((#5646));
#5648=STYLED_ITEM('',(#5647),#5645);
#5649=DIRECTION('',(0.E0,1.E0,0.E0));
#5650=VECTOR('',#5649,2.025E0);
#5651=CARTESIAN_POINT('',(1.65E0,0.E0,2.25E0));
#5652=LINE('',#5651,#5650);
#5653=CURVE_STYLE('',#33,POSITIVE_LENGTH_MEASURE(2.E-2),#3);
#5654=PRESENTATION_STYLE_ASSIGNMENT((#5653));
#5655=STYLED_ITEM('',(#5654),#5652);
#5656=DIRECTION('',(0.E0,1.E0,0.E0));
#5657=VECTOR('',#5656,1.75E-1);
#5658=CARTESIAN_POINT('',(1.65E0,0.E0,-2.1E0));
#5659=LINE('',#5658,#5657);
#5660=CURVE_STYLE('',#33,POSITIVE_LENGTH_MEASURE(2.E-2),#3);
#5661=PRESENTATION_STYLE_ASSIGNMENT((#5660));
#5662=STYLED_ITEM('',(#5661),#5659);
#5663=DIRECTION('',(0.E0,0.E0,-1.E0));
#5664=VECTOR('',#5663,2.5E-1);
#5665=CARTESIAN_POINT('',(1.65E0,1.75E-1,-1.85E0));
#5666=LINE('',#5665,#5664);
#5667=CURVE_STYLE('',#33,POSITIVE_LENGTH_MEASURE(2.E-2),#3);
#5668=PRESENTATION_STYLE_ASSIGNMENT((#5667));
#5669=STYLED_ITEM('',(#5668),#5666);
#5670=DIRECTION('',(0.E0,1.E0,0.E0));
#5671=VECTOR('',#5670,1.75E-1);
#5672=CARTESIAN_POINT('',(1.65E0,0.E0,-1.85E0));
#5673=LINE('',#5672,#5671);
#5674=CURVE_STYLE('',#33,POSITIVE_LENGTH_MEASURE(2.E-2),#3);
#5675=PRESENTATION_STYLE_ASSIGNMENT((#5674));
#5676=STYLED_ITEM('',(#5675),#5673);
#5677=DIRECTION('',(0.E0,1.E0,0.E0));
#5678=VECTOR('',#5677,1.75E-1);
#5679=CARTESIAN_POINT('',(1.65E0,0.E0,-1.6E0));
#5680=LINE('',#5679,#5678);
#5681=CURVE_STYLE('',#33,POSITIVE_LENGTH_MEASURE(2.E-2),#3);
#5682=PRESENTATION_STYLE_ASSIGNMENT((#5681));
#5683=STYLED_ITEM('',(#5682),#5680);
#5684=DIRECTION('',(0.E0,0.E0,-1.E0));
#5685=VECTOR('',#5684,2.5E-1);
#5686=CARTESIAN_POINT('',(1.65E0,1.75E-1,-1.35E0));
#5687=LINE('',#5686,#5685);
#5688=CURVE_STYLE('',#33,POSITIVE_LENGTH_MEASURE(2.E-2),#3);
#5689=PRESENTATION_STYLE_ASSIGNMENT((#5688));
#5690=STYLED_ITEM('',(#5689),#5687);
#5691=DIRECTION('',(0.E0,1.E0,0.E0));
#5692=VECTOR('',#5691,1.75E-1);
#5693=CARTESIAN_POINT('',(1.65E0,0.E0,-1.35E0));
#5694=LINE('',#5693,#5692);
#5695=CURVE_STYLE('',#33,POSITIVE_LENGTH_MEASURE(2.E-2),#3);
#5696=PRESENTATION_STYLE_ASSIGNMENT((#5695));
#5697=STYLED_ITEM('',(#5696),#5694);
#5698=DIRECTION('',(0.E0,1.E0,0.E0));
#5699=VECTOR('',#5698,1.75E-1);
#5700=CARTESIAN_POINT('',(1.65E0,0.E0,-1.1E0));
#5701=LINE('',#5700,#5699);
#5702=CURVE_STYLE('',#33,POSITIVE_LENGTH_MEASURE(2.E-2),#3);
#5703=PRESENTATION_STYLE_ASSIGNMENT((#5702));
#5704=STYLED_ITEM('',(#5703),#5701);
#5705=DIRECTION('',(0.E0,0.E0,-1.E0));
#5706=VECTOR('',#5705,2.5E-1);
#5707=CARTESIAN_POINT('',(1.65E0,1.75E-1,-8.500000000001E-1));
#5708=LINE('',#5707,#5706);
#5709=CURVE_STYLE('',#33,POSITIVE_LENGTH_MEASURE(2.E-2),#3);
#5710=PRESENTATION_STYLE_ASSIGNMENT((#5709));
#5711=STYLED_ITEM('',(#5710),#5708);
#5712=DIRECTION('',(0.E0,1.E0,0.E0));
#5713=VECTOR('',#5712,1.75E-1);
#5714=CARTESIAN_POINT('',(1.65E0,0.E0,-8.500000000001E-1));
#5715=LINE('',#5714,#5713);
#5716=CURVE_STYLE('',#33,POSITIVE_LENGTH_MEASURE(2.E-2),#3);
#5717=PRESENTATION_STYLE_ASSIGNMENT((#5716));
#5718=STYLED_ITEM('',(#5717),#5715);
#5719=DIRECTION('',(0.E0,1.E0,0.E0));
#5720=VECTOR('',#5719,1.75E-1);
#5721=CARTESIAN_POINT('',(1.65E0,0.E0,5.399900000002E-1));
#5722=LINE('',#5721,#5720);
#5723=CURVE_STYLE('',#33,POSITIVE_LENGTH_MEASURE(2.E-2),#3);
#5724=PRESENTATION_STYLE_ASSIGNMENT((#5723));
#5725=STYLED_ITEM('',(#5724),#5722);
#5726=DIRECTION('',(0.E0,0.E0,-1.E0));
#5727=VECTOR('',#5726,2.5E-1);
#5728=CARTESIAN_POINT('',(1.65E0,1.75E-1,7.899900000002E-1));
#5729=LINE('',#5728,#5727);
#5730=CURVE_STYLE('',#33,POSITIVE_LENGTH_MEASURE(2.E-2),#3);
#5731=PRESENTATION_STYLE_ASSIGNMENT((#5730));
#5732=STYLED_ITEM('',(#5731),#5729);
#5733=DIRECTION('',(0.E0,1.E0,0.E0));
#5734=VECTOR('',#5733,1.75E-1);
#5735=CARTESIAN_POINT('',(1.65E0,0.E0,7.899900000002E-1));
#5736=LINE('',#5735,#5734);
#5737=CURVE_STYLE('',#33,POSITIVE_LENGTH_MEASURE(2.E-2),#3);
#5738=PRESENTATION_STYLE_ASSIGNMENT((#5737));
#5739=STYLED_ITEM('',(#5738),#5736);
#5740=DIRECTION('',(0.E0,1.E0,0.E0));
#5741=VECTOR('',#5740,1.75E-1);
#5742=CARTESIAN_POINT('',(1.65E0,0.E0,1.03999E0));
#5743=LINE('',#5742,#5741);
#5744=CURVE_STYLE('',#33,POSITIVE_LENGTH_MEASURE(2.E-2),#3);
#5745=PRESENTATION_STYLE_ASSIGNMENT((#5744));
#5746=STYLED_ITEM('',(#5745),#5743);
#5747=DIRECTION('',(0.E0,0.E0,-1.E0));
#5748=VECTOR('',#5747,2.5E-1);
#5749=CARTESIAN_POINT('',(1.65E0,1.75E-1,1.28999E0));
#5750=LINE('',#5749,#5748);
#5751=CURVE_STYLE('',#33,POSITIVE_LENGTH_MEASURE(2.E-2),#3);
#5752=PRESENTATION_STYLE_ASSIGNMENT((#5751));
#5753=STYLED_ITEM('',(#5752),#5750);
#5754=DIRECTION('',(0.E0,1.E0,0.E0));
#5755=VECTOR('',#5754,1.75E-1);
#5756=CARTESIAN_POINT('',(1.65E0,0.E0,1.28999E0));
#5757=LINE('',#5756,#5755);
#5758=CURVE_STYLE('',#33,POSITIVE_LENGTH_MEASURE(2.E-2),#3);
#5759=PRESENTATION_STYLE_ASSIGNMENT((#5758));
#5760=STYLED_ITEM('',(#5759),#5757);
#5761=DIRECTION('',(0.E0,1.E0,0.E0));
#5762=VECTOR('',#5761,1.75E-1);
#5763=CARTESIAN_POINT('',(1.65E0,0.E0,1.53999E0));
#5764=LINE('',#5763,#5762);
#5765=CURVE_STYLE('',#33,POSITIVE_LENGTH_MEASURE(2.E-2),#3);
#5766=PRESENTATION_STYLE_ASSIGNMENT((#5765));
#5767=STYLED_ITEM('',(#5766),#5764);
#5768=DIRECTION('',(0.E0,1.E0,0.E0));
#5769=VECTOR('',#5768,1.75E-1);
#5770=CARTESIAN_POINT('',(1.45E0,0.E0,1.78999E0));
#5771=LINE('',#5770,#5769);
#5772=CURVE_STYLE('',#33,POSITIVE_LENGTH_MEASURE(2.E-2),#3);
#5773=PRESENTATION_STYLE_ASSIGNMENT((#5772));
#5774=STYLED_ITEM('',(#5773),#5771);
#5775=DIRECTION('',(0.E0,1.E0,0.E0));
#5776=VECTOR('',#5775,1.75E-1);
#5777=CARTESIAN_POINT('',(1.45E0,0.E0,2.05E0));
#5778=LINE('',#5777,#5776);
#5779=CURVE_STYLE('',#33,POSITIVE_LENGTH_MEASURE(2.E-2),#3);
#5780=PRESENTATION_STYLE_ASSIGNMENT((#5779));
#5781=STYLED_ITEM('',(#5780),#5778);
#5782=DIRECTION('',(0.E0,-1.E0,0.E0));
#5783=VECTOR('',#5782,1.E-1);
#5784=CARTESIAN_POINT('',(4.65E-1,1.75E-1,2.05E0));
#5785=LINE('',#5784,#5783);
#5786=CURVE_STYLE('',#33,POSITIVE_LENGTH_MEASURE(2.E-2),#3);
#5787=PRESENTATION_STYLE_ASSIGNMENT((#5786));
#5788=STYLED_ITEM('',(#5787),#5785);
#5789=DIRECTION('',(1.E0,0.E0,0.E0));
#5790=VECTOR('',#5789,1.499999999995E-2);
#5791=CARTESIAN_POINT('',(4.5E-1,7.5E-2,2.05E0));
#5792=LINE('',#5791,#5790);
#5793=CURVE_STYLE('',#33,POSITIVE_LENGTH_MEASURE(2.E-2),#3);
#5794=PRESENTATION_STYLE_ASSIGNMENT((#5793));
#5795=STYLED_ITEM('',(#5794),#5792);
#5796=DIRECTION('',(0.E0,1.E0,0.E0));
#5797=VECTOR('',#5796,7.5E-2);
#5798=CARTESIAN_POINT('',(4.5E-1,0.E0,2.05E0));
#5799=LINE('',#5798,#5797);
#5800=CURVE_STYLE('',#33,POSITIVE_LENGTH_MEASURE(2.E-2),#3);
#5801=PRESENTATION_STYLE_ASSIGNMENT((#5800));
#5802=STYLED_ITEM('',(#5801),#5799);
#5803=DIRECTION('',(0.E0,0.E0,1.E0));
#5804=VECTOR('',#5803,2.E-1);
#5805=CARTESIAN_POINT('',(-4.65E-1,7.5E-2,2.05E0));
#5806=LINE('',#5805,#5804);
#5807=CURVE_STYLE('',#33,POSITIVE_LENGTH_MEASURE(2.E-2),#3);
#5808=PRESENTATION_STYLE_ASSIGNMENT((#5807));
#5809=STYLED_ITEM('',(#5808),#5806);
#5810=DIRECTION('',(-1.E0,0.E0,0.E0));
#5811=VECTOR('',#5810,1.899999999999E-1);
#5812=CARTESIAN_POINT('',(-2.6E-1,7.5E-2,2.05E0));
#5813=LINE('',#5812,#5811);
#5814=CURVE_STYLE('',#33,POSITIVE_LENGTH_MEASURE(2.E-2),#3);
#5815=PRESENTATION_STYLE_ASSIGNMENT((#5814));
#5816=STYLED_ITEM('',(#5815),#5813);
#5817=DIRECTION('',(0.E0,0.E0,-1.E0));
#5818=VECTOR('',#5817,2.E-1);
#5819=CARTESIAN_POINT('',(-2.6E-1,7.5E-2,2.25E0));
#5820=LINE('',#5819,#5818);
#5821=CURVE_STYLE('',#33,POSITIVE_LENGTH_MEASURE(2.E-2),#3);
#5822=PRESENTATION_STYLE_ASSIGNMENT((#5821));
#5823=STYLED_ITEM('',(#5822),#5820);
#5824=DIRECTION('',(0.E0,0.E0,1.E0));
#5825=VECTOR('',#5824,2.E-1);
#5826=CARTESIAN_POINT('',(2.6E-1,7.5E-2,2.05E0));
#5827=LINE('',#5826,#5825);
#5828=CURVE_STYLE('',#33,POSITIVE_LENGTH_MEASURE(2.E-2),#3);
#5829=PRESENTATION_STYLE_ASSIGNMENT((#5828));
#5830=STYLED_ITEM('',(#5829),#5827);
#5831=DIRECTION('',(-1.E0,0.E0,0.E0));
#5832=VECTOR('',#5831,1.9E-1);
#5833=CARTESIAN_POINT('',(4.5E-1,7.5E-2,2.05E0));
#5834=LINE('',#5833,#5832);
#5835=CURVE_STYLE('',#33,POSITIVE_LENGTH_MEASURE(2.E-2),#3);
#5836=PRESENTATION_STYLE_ASSIGNMENT((#5835));
#5837=STYLED_ITEM('',(#5836),#5834);
#5838=DIRECTION('',(0.E0,0.E0,-1.E0));
#5839=VECTOR('',#5838,2.E-1);
#5840=CARTESIAN_POINT('',(4.65E-1,7.5E-2,2.25E0));
#5841=LINE('',#5840,#5839);
#5842=CURVE_STYLE('',#33,POSITIVE_LENGTH_MEASURE(2.E-2),#3);
#5843=PRESENTATION_STYLE_ASSIGNMENT((#5842));
#5844=STYLED_ITEM('',(#5843),#5841);
#5845=DIRECTION('',(0.E0,0.E0,-1.E0));
#5846=VECTOR('',#5845,3.E-1);
#5847=CARTESIAN_POINT('',(3.87E-1,7.5E-2,-1.95E0));
#5848=LINE('',#5847,#5846);
#5849=CURVE_STYLE('',#33,POSITIVE_LENGTH_MEASURE(2.E-2),#3);
#5850=PRESENTATION_STYLE_ASSIGNMENT((#5849));
#5851=STYLED_ITEM('',(#5850),#5848);
#5852=DIRECTION('',(1.E0,0.E0,0.E0));
#5853=VECTOR('',#5852,2.62E-1);
#5854=CARTESIAN_POINT('',(1.25E-1,7.5E-2,-1.95E0));
#5855=LINE('',#5854,#5853);
#5856=CURVE_STYLE('',#33,POSITIVE_LENGTH_MEASURE(2.E-2),#3);
#5857=PRESENTATION_STYLE_ASSIGNMENT((#5856));
#5858=STYLED_ITEM('',(#5857),#5855);
#5859=DIRECTION('',(0.E0,0.E0,1.E0));
#5860=VECTOR('',#5859,3.E-1);
#5861=CARTESIAN_POINT('',(1.25E-1,7.5E-2,-2.25E0));
#5862=LINE('',#5861,#5860);
#5863=CURVE_STYLE('',#33,POSITIVE_LENGTH_MEASURE(2.E-2),#3);
#5864=PRESENTATION_STYLE_ASSIGNMENT((#5863));
#5865=STYLED_ITEM('',(#5864),#5862);
#5866=DIRECTION('',(-1.E0,0.E0,0.E0));
#5867=VECTOR('',#5866,1.500000000007E-2);
#5868=CARTESIAN_POINT('',(-4.499999999999E-1,7.5E-2,2.05E0));
#5869=LINE('',#5868,#5867);
#5870=CURVE_STYLE('',#33,POSITIVE_LENGTH_MEASURE(2.E-2),#3);
#5871=PRESENTATION_STYLE_ASSIGNMENT((#5870));
#5872=STYLED_ITEM('',(#5871),#5869);
#5873=DIRECTION('',(0.E0,-1.E0,0.E0));
#5874=VECTOR('',#5873,1.E-1);
#5875=CARTESIAN_POINT('',(-4.65E-1,1.75E-1,2.05E0));
#5876=LINE('',#5875,#5874);
#5877=CURVE_STYLE('',#33,POSITIVE_LENGTH_MEASURE(2.E-2),#3);
#5878=PRESENTATION_STYLE_ASSIGNMENT((#5877));
#5879=STYLED_ITEM('',(#5878),#5876);
#5880=DIRECTION('',(0.E0,1.E0,0.E0));
#5881=VECTOR('',#5880,1.75E-1);
#5882=CARTESIAN_POINT('',(-1.45E0,0.E0,2.05E0));
#5883=LINE('',#5882,#5881);
#5884=CURVE_STYLE('',#33,POSITIVE_LENGTH_MEASURE(2.E-2),#3);
#5885=PRESENTATION_STYLE_ASSIGNMENT((#5884));
#5886=STYLED_ITEM('',(#5885),#5883);
#5887=DIRECTION('',(0.E0,-1.E0,0.E0));
#5888=VECTOR('',#5887,1.E-1);
#5889=CARTESIAN_POINT('',(-4.499999999999E-1,1.75E-1,2.05E0));
#5890=LINE('',#5889,#5888);
#5891=CURVE_STYLE('',#33,POSITIVE_LENGTH_MEASURE(2.E-2),#3);
#5892=PRESENTATION_STYLE_ASSIGNMENT((#5891));
#5893=STYLED_ITEM('',(#5892),#5890);
#5894=DIRECTION('',(0.E0,1.E0,0.E0));
#5895=VECTOR('',#5894,7.5E-2);
#5896=CARTESIAN_POINT('',(-4.499999999999E-1,0.E0,2.05E0));
#5897=LINE('',#5896,#5895);
#5898=CURVE_STYLE('',#33,POSITIVE_LENGTH_MEASURE(2.E-2),#3);
#5899=PRESENTATION_STYLE_ASSIGNMENT((#5898));
#5900=STYLED_ITEM('',(#5899),#5897);
#5901=DIRECTION('',(0.E0,1.E0,0.E0));
#5902=VECTOR('',#5901,1.75E-1);
#5903=CARTESIAN_POINT('',(-4.499999999999E-1,0.E0,1.25E-1));
#5904=LINE('',#5903,#5902);
#5905=CURVE_STYLE('',#33,POSITIVE_LENGTH_MEASURE(2.E-2),#3);
#5906=PRESENTATION_STYLE_ASSIGNMENT((#5905));
#5907=STYLED_ITEM('',(#5906),#5904);
#5908=DIRECTION('',(0.E0,1.E0,0.E0));
#5909=VECTOR('',#5908,1.75E-1);
#5910=CARTESIAN_POINT('',(-1.45E0,0.E0,1.25E-1));
#5911=LINE('',#5910,#5909);
#5912=CURVE_STYLE('',#33,POSITIVE_LENGTH_MEASURE(2.E-2),#3);
#5913=PRESENTATION_STYLE_ASSIGNMENT((#5912));
#5914=STYLED_ITEM('',(#5913),#5911);
#5915=DIRECTION('',(0.E0,1.E0,0.E0));
#5916=VECTOR('',#5915,1.75E-1);
#5917=CARTESIAN_POINT('',(-1.45E0,0.E0,5.399900000002E-1));
#5918=LINE('',#5917,#5916);
#5919=CURVE_STYLE('',#33,POSITIVE_LENGTH_MEASURE(2.E-2),#3);
#5920=PRESENTATION_STYLE_ASSIGNMENT((#5919));
#5921=STYLED_ITEM('',(#5920),#5918);
#5922=DIRECTION('',(0.E0,-1.E0,0.E0));
#5923=VECTOR('',#5922,1.E-1);
#5924=CARTESIAN_POINT('',(-2.6E-1,1.75E-1,2.05E0));
#5925=LINE('',#5924,#5923);
#5926=CURVE_STYLE('',#33,POSITIVE_LENGTH_MEASURE(2.E-2),#3);
#5927=PRESENTATION_STYLE_ASSIGNMENT((#5926));
#5928=STYLED_ITEM('',(#5927),#5925);
#5929=DIRECTION('',(0.E0,1.E0,0.E0));
#5930=VECTOR('',#5929,1.75E-1);
#5931=CARTESIAN_POINT('',(-1.45E0,0.E0,1.78999E0));
#5932=LINE('',#5931,#5930);
#5933=CURVE_STYLE('',#33,POSITIVE_LENGTH_MEASURE(2.E-2),#3);
#5934=PRESENTATION_STYLE_ASSIGNMENT((#5933));
#5935=STYLED_ITEM('',(#5934),#5932);
#5936=DIRECTION('',(0.E0,-1.E0,0.E0));
#5937=VECTOR('',#5936,1.E-1);
#5938=CARTESIAN_POINT('',(2.6E-1,1.75E-1,2.05E0));
#5939=LINE('',#5938,#5937);
#5940=CURVE_STYLE('',#33,POSITIVE_LENGTH_MEASURE(2.E-2),#3);
#5941=PRESENTATION_STYLE_ASSIGNMENT((#5940));
#5942=STYLED_ITEM('',(#5941),#5939);
#5943=DIRECTION('',(0.E0,-1.E0,0.E0));
#5944=VECTOR('',#5943,1.E-1);
#5945=CARTESIAN_POINT('',(4.5E-1,1.75E-1,2.05E0));
#5946=LINE('',#5945,#5944);
#5947=CURVE_STYLE('',#33,POSITIVE_LENGTH_MEASURE(2.E-2),#3);
#5948=PRESENTATION_STYLE_ASSIGNMENT((#5947));
#5949=STYLED_ITEM('',(#5948),#5946);
#5950=DIRECTION('',(0.E0,1.E0,0.E0));
#5951=VECTOR('',#5950,1.75E-1);
#5952=CARTESIAN_POINT('',(4.5E-1,0.E0,1.25E-1));
#5953=LINE('',#5952,#5951);
#5954=CURVE_STYLE('',#33,POSITIVE_LENGTH_MEASURE(2.E-2),#3);
#5955=PRESENTATION_STYLE_ASSIGNMENT((#5954));
#5956=STYLED_ITEM('',(#5955),#5953);
#5957=DIRECTION('',(0.E0,1.E0,0.E0));
#5958=VECTOR('',#5957,1.75E-1);
#5959=CARTESIAN_POINT('',(1.45E0,0.E0,1.25E-1));
#5960=LINE('',#5959,#5958);
#5961=CURVE_STYLE('',#33,POSITIVE_LENGTH_MEASURE(2.E-2),#3);
#5962=PRESENTATION_STYLE_ASSIGNMENT((#5961));
#5963=STYLED_ITEM('',(#5962),#5960);
#5964=DIRECTION('',(0.E0,1.E0,0.E0));
#5965=VECTOR('',#5964,1.75E-1);
#5966=CARTESIAN_POINT('',(1.45E0,0.E0,5.399900000002E-1));
#5967=LINE('',#5966,#5965);
#5968=CURVE_STYLE('',#33,POSITIVE_LENGTH_MEASURE(2.E-2),#3);
#5969=PRESENTATION_STYLE_ASSIGNMENT((#5968));
#5970=STYLED_ITEM('',(#5969),#5967);
#5971=DIRECTION('',(0.E0,-1.E0,0.E0));
#5972=VECTOR('',#5971,1.E-1);
#5973=CARTESIAN_POINT('',(3.87E-1,1.75E-1,-1.95E0));
#5974=LINE('',#5973,#5972);
#5975=CURVE_STYLE('',#33,POSITIVE_LENGTH_MEASURE(2.E-2),#3);
#5976=PRESENTATION_STYLE_ASSIGNMENT((#5975));
#5977=STYLED_ITEM('',(#5976),#5974);
#5978=DIRECTION('',(0.E0,-1.E0,0.E0));
#5979=VECTOR('',#5978,1.E-1);
#5980=CARTESIAN_POINT('',(1.25E-1,1.75E-1,-1.95E0));
#5981=LINE('',#5980,#5979);
#5982=CURVE_STYLE('',#33,POSITIVE_LENGTH_MEASURE(2.E-2),#3);
#5983=PRESENTATION_STYLE_ASSIGNMENT((#5982));
#5984=STYLED_ITEM('',(#5983),#5981);
#5985=DIRECTION('',(7.139051254918E-12,1.E0,-1.218073261303E-13));
#5986=VECTOR('',#5985,1.75E-1);
#5987=CARTESIAN_POINT('',(6.750000000036E-1,0.E0,-1.85E0));
#5988=LINE('',#5987,#5986);
#5989=CURVE_STYLE('',#33,POSITIVE_LENGTH_MEASURE(2.E-2),#3);
#5990=PRESENTATION_STYLE_ASSIGNMENT((#5989));
#5991=STYLED_ITEM('',(#5990),#5988);
#5992=DIRECTION('',(-1.801733365677E-13,1.E0,1.048304300509E-11));
#5993=VECTOR('',#5992,1.75E-1);
#5994=CARTESIAN_POINT('',(6.250000000001E-1,0.E0,-1.900000000002E0));
#5995=LINE('',#5994,#5993);
#5996=CURVE_STYLE('',#33,POSITIVE_LENGTH_MEASURE(2.E-2),#3);
#5997=PRESENTATION_STYLE_ASSIGNMENT((#5996));
#5998=STYLED_ITEM('',(#5997),#5995);
#5999=DIRECTION('',(0.E0,1.E0,0.E0));
#6000=VECTOR('',#5999,1.75E-1);
#6001=CARTESIAN_POINT('',(6.5E-1,0.E0,-1.6E0));
#6002=LINE('',#6001,#6000);
#6003=CURVE_STYLE('',#33,POSITIVE_LENGTH_MEASURE(2.E-2),#3);
#6004=PRESENTATION_STYLE_ASSIGNMENT((#6003));
#6005=STYLED_ITEM('',(#6004),#6002);
#6006=DIRECTION('',(0.E0,1.E0,0.E0));
#6007=VECTOR('',#6006,1.75E-1);
#6008=CARTESIAN_POINT('',(6.5E-1,0.E0,-8.500000000001E-1));
#6009=LINE('',#6008,#6007);
#6010=CURVE_STYLE('',#33,POSITIVE_LENGTH_MEASURE(2.E-2),#3);
#6011=PRESENTATION_STYLE_ASSIGNMENT((#6010));
#6012=STYLED_ITEM('',(#6011),#6009);
#6013=DIRECTION('',(0.E0,1.E0,0.E0));
#6014=VECTOR('',#6013,1.75E-1);
#6015=CARTESIAN_POINT('',(1.45E0,0.E0,-1.35E0));
#6016=LINE('',#6015,#6014);
#6017=CURVE_STYLE('',#33,POSITIVE_LENGTH_MEASURE(2.E-2),#3);
#6018=PRESENTATION_STYLE_ASSIGNMENT((#6017));
#6019=STYLED_ITEM('',(#6018),#6016);
#6020=DIRECTION('',(0.E0,1.E0,0.E0));
#6021=VECTOR('',#6020,1.75E-1);
#6022=CARTESIAN_POINT('',(1.45E0,0.E0,-1.1E0));
#6023=LINE('',#6022,#6021);
#6024=CURVE_STYLE('',#33,POSITIVE_LENGTH_MEASURE(2.E-2),#3);
#6025=PRESENTATION_STYLE_ASSIGNMENT((#6024));
#6026=STYLED_ITEM('',(#6025),#6023);
#6027=DIRECTION('',(0.E0,1.E0,0.E0));
#6028=VECTOR('',#6027,1.75E-1);
#6029=CARTESIAN_POINT('',(1.45E0,0.E0,7.899900000002E-1));
#6030=LINE('',#6029,#6028);
#6031=CURVE_STYLE('',#33,POSITIVE_LENGTH_MEASURE(2.E-2),#3);
#6032=PRESENTATION_STYLE_ASSIGNMENT((#6031));
#6033=STYLED_ITEM('',(#6032),#6030);
#6034=DIRECTION('',(0.E0,1.E0,0.E0));
#6035=VECTOR('',#6034,1.75E-1);
#6036=CARTESIAN_POINT('',(1.45E0,0.E0,1.03999E0));
#6037=LINE('',#6036,#6035);
#6038=CURVE_STYLE('',#33,POSITIVE_LENGTH_MEASURE(2.E-2),#3);
#6039=PRESENTATION_STYLE_ASSIGNMENT((#6038));
#6040=STYLED_ITEM('',(#6039),#6037);
#6041=DIRECTION('',(0.E0,1.E0,0.E0));
#6042=VECTOR('',#6041,1.75E-1);
#6043=CARTESIAN_POINT('',(1.45E0,0.E0,1.28999E0));
#6044=LINE('',#6043,#6042);
#6045=CURVE_STYLE('',#33,POSITIVE_LENGTH_MEASURE(2.E-2),#3);
#6046=PRESENTATION_STYLE_ASSIGNMENT((#6045));
#6047=STYLED_ITEM('',(#6046),#6044);
#6048=DIRECTION('',(0.E0,1.E0,0.E0));
#6049=VECTOR('',#6048,1.75E-1);
#6050=CARTESIAN_POINT('',(1.45E0,0.E0,1.53999E0));
#6051=LINE('',#6050,#6049);
#6052=CURVE_STYLE('',#33,POSITIVE_LENGTH_MEASURE(2.E-2),#3);
#6053=PRESENTATION_STYLE_ASSIGNMENT((#6052));
#6054=STYLED_ITEM('',(#6053),#6051);
#6055=DIRECTION('',(0.E0,1.E0,1.598721155460E-13));
#6056=VECTOR('',#6055,1.75E-1);
#6057=CARTESIAN_POINT('',(-9.7499E-1,0.E0,-2.15E0));
#6058=LINE('',#6057,#6056);
#6059=CURVE_STYLE('',#33,POSITIVE_LENGTH_MEASURE(2.E-2),#3);
#6060=PRESENTATION_STYLE_ASSIGNMENT((#6059));
#6061=STYLED_ITEM('',(#6060),#6058);
#6062=DIRECTION('',(1.205384998164E-13,1.E0,0.E0));
#6063=VECTOR('',#6062,1.75E-1);
#6064=CARTESIAN_POINT('',(-1.02499E0,0.E0,-2.1E0));
#6065=LINE('',#6064,#6063);
#6066=CURVE_STYLE('',#33,POSITIVE_LENGTH_MEASURE(2.E-2),#3);
#6067=PRESENTATION_STYLE_ASSIGNMENT((#6066));
#6068=STYLED_ITEM('',(#6067),#6065);
#6069=DIRECTION('',(0.E0,1.E0,9.110172933496E-13));
#6070=VECTOR('',#6069,1.75E-1);
#6071=CARTESIAN_POINT('',(-6.25E-1,0.E0,-1.9E0));
#6072=LINE('',#6071,#6070);
#6073=CURVE_STYLE('',#33,POSITIVE_LENGTH_MEASURE(2.E-2),#3);
#6074=PRESENTATION_STYLE_ASSIGNMENT((#6073));
#6075=STYLED_ITEM('',(#6074),#6072);
#6076=DIRECTION('',(1.553043408161E-12,1.E0,0.E0));
#6077=VECTOR('',#6076,1.75E-1);
#6078=CARTESIAN_POINT('',(-6.750000000003E-1,0.E0,-1.85E0));
#6079=LINE('',#6078,#6077);
#6080=CURVE_STYLE('',#33,POSITIVE_LENGTH_MEASURE(2.E-2),#3);
#6081=PRESENTATION_STYLE_ASSIGNMENT((#6080));
#6082=STYLED_ITEM('',(#6081),#6079);
#6083=DIRECTION('',(0.E0,1.E0,0.E0));
#6084=VECTOR('',#6083,1.75E-1);
#6085=CARTESIAN_POINT('',(-3.749386615985E-1,0.E0,-2.025050550536E0));
#6086=LINE('',#6085,#6084);
#6087=CURVE_STYLE('',#33,POSITIVE_LENGTH_MEASURE(2.E-2),#3);
#6088=PRESENTATION_STYLE_ASSIGNMENT((#6087));
#6089=STYLED_ITEM('',(#6088),#6086);
#6090=DIRECTION('',(0.E0,1.E0,0.E0));
#6091=VECTOR('',#6090,1.75E-1);
#6092=CARTESIAN_POINT('',(-7.499999999993E-2,0.E0,-2.025387742295E0));
#6093=LINE('',#6092,#6091);
#6094=CURVE_STYLE('',#33,POSITIVE_LENGTH_MEASURE(2.E-2),#3);
#6095=PRESENTATION_STYLE_ASSIGNMENT((#6094));
#6096=STYLED_ITEM('',(#6095),#6093);
#6097=DIRECTION('',(0.E0,1.E0,0.E0));
#6098=VECTOR('',#6097,1.75E-1);
#6099=CARTESIAN_POINT('',(-1.45E0,0.E0,7.899900000002E-1));
#6100=LINE('',#6099,#6098);
#6101=CURVE_STYLE('',#33,POSITIVE_LENGTH_MEASURE(2.E-2),#3);
#6102=PRESENTATION_STYLE_ASSIGNMENT((#6101));
#6103=STYLED_ITEM('',(#6102),#6100);
#6104=DIRECTION('',(0.E0,1.E0,0.E0));
#6105=VECTOR('',#6104,1.75E-1);
#6106=CARTESIAN_POINT('',(-1.45E0,0.E0,1.03999E0));
#6107=LINE('',#6106,#6105);
#6108=CURVE_STYLE('',#33,POSITIVE_LENGTH_MEASURE(2.E-2),#3);
#6109=PRESENTATION_STYLE_ASSIGNMENT((#6108));
#6110=STYLED_ITEM('',(#6109),#6107);
#6111=DIRECTION('',(0.E0,1.E0,0.E0));
#6112=VECTOR('',#6111,1.75E-1);
#6113=CARTESIAN_POINT('',(-1.45E0,0.E0,1.28999E0));
#6114=LINE('',#6113,#6112);
#6115=CURVE_STYLE('',#33,POSITIVE_LENGTH_MEASURE(2.E-2),#3);
#6116=PRESENTATION_STYLE_ASSIGNMENT((#6115));
#6117=STYLED_ITEM('',(#6116),#6114);
#6118=DIRECTION('',(0.E0,1.E0,0.E0));
#6119=VECTOR('',#6118,1.75E-1);
#6120=CARTESIAN_POINT('',(-1.45E0,0.E0,1.53999E0));
#6121=LINE('',#6120,#6119);
#6122=CURVE_STYLE('',#33,POSITIVE_LENGTH_MEASURE(2.E-2),#3);
#6123=PRESENTATION_STYLE_ASSIGNMENT((#6122));
#6124=STYLED_ITEM('',(#6123),#6121);
#6125=DIRECTION('',(0.E0,1.E0,0.E0));
#6126=VECTOR('',#6125,1.75E-1);
#6127=CARTESIAN_POINT('',(-1.05E0,0.E0,-1.35E0));
#6128=LINE('',#6127,#6126);
#6129=CURVE_STYLE('',#33,POSITIVE_LENGTH_MEASURE(2.E-2),#3);
#6130=PRESENTATION_STYLE_ASSIGNMENT((#6129));
#6131=STYLED_ITEM('',(#6130),#6128);
#6132=DIRECTION('',(0.E0,1.E0,0.E0));
#6133=VECTOR('',#6132,1.75E-1);
#6134=CARTESIAN_POINT('',(-1.05E0,0.E0,-1.48E0));
#6135=LINE('',#6134,#6133);
#6136=CURVE_STYLE('',#33,POSITIVE_LENGTH_MEASURE(2.E-2),#3);
#6137=PRESENTATION_STYLE_ASSIGNMENT((#6136));
#6138=STYLED_ITEM('',(#6137),#6135);
#6139=DIRECTION('',(0.E0,1.E0,0.E0));
#6140=VECTOR('',#6139,1.75E-1);
#6141=CARTESIAN_POINT('',(-1.05E0,0.E0,-8.500000000001E-1));
#6142=LINE('',#6141,#6140);
#6143=CURVE_STYLE('',#33,POSITIVE_LENGTH_MEASURE(2.E-2),#3);
#6144=PRESENTATION_STYLE_ASSIGNMENT((#6143));
#6145=STYLED_ITEM('',(#6144),#6142);
#6146=DIRECTION('',(0.E0,1.E0,0.E0));
#6147=VECTOR('',#6146,1.75E-1);
#6148=CARTESIAN_POINT('',(-1.05E0,0.E0,-1.1E0));
#6149=LINE('',#6148,#6147);
#6150=CURVE_STYLE('',#33,POSITIVE_LENGTH_MEASURE(2.E-2),#3);
#6151=PRESENTATION_STYLE_ASSIGNMENT((#6150));
#6152=STYLED_ITEM('',(#6151),#6149);
#6153=DIRECTION('',(0.E0,1.E0,0.E0));
#6154=VECTOR('',#6153,1.75E-1);
#6155=CARTESIAN_POINT('',(-1.25E-1,0.E0,-3.249999999998E-1));
#6156=LINE('',#6155,#6154);
#6157=CURVE_STYLE('',#33,POSITIVE_LENGTH_MEASURE(2.E-2),#3);
#6158=PRESENTATION_STYLE_ASSIGNMENT((#6157));
#6159=STYLED_ITEM('',(#6158),#6156);
#6160=DIRECTION('',(0.E0,1.E0,0.E0));
#6161=VECTOR('',#6160,1.75E-1);
#6162=CARTESIAN_POINT('',(-1.249999999999E-1,0.E0,-1.65E0));
#6163=LINE('',#6162,#6161);
#6164=CURVE_STYLE('',#33,POSITIVE_LENGTH_MEASURE(2.E-2),#3);
#6165=PRESENTATION_STYLE_ASSIGNMENT((#6164));
#6166=STYLED_ITEM('',(#6165),#6163);
#6167=DIRECTION('',(0.E0,1.E0,0.E0));
#6168=VECTOR('',#6167,1.75E-1);
#6169=CARTESIAN_POINT('',(-3.749999999999E-1,0.E0,-1.65E0));
#6170=LINE('',#6169,#6168);
#6171=CURVE_STYLE('',#33,POSITIVE_LENGTH_MEASURE(2.E-2),#3);
#6172=PRESENTATION_STYLE_ASSIGNMENT((#6171));
#6173=STYLED_ITEM('',(#6172),#6170);
#6174=DIRECTION('',(0.E0,1.E0,0.E0));
#6175=VECTOR('',#6174,1.75E-1);
#6176=CARTESIAN_POINT('',(-3.749999999999E-1,0.E0,-8.000930584208E-1));
#6177=LINE('',#6176,#6175);
#6178=CURVE_STYLE('',#33,POSITIVE_LENGTH_MEASURE(2.E-2),#3);
#6179=PRESENTATION_STYLE_ASSIGNMENT((#6178));
#6180=STYLED_ITEM('',(#6179),#6177);
#6181=DIRECTION('',(0.E0,1.E0,0.E0));
#6182=VECTOR('',#6181,1.75E-1);
#6183=CARTESIAN_POINT('',(-5.750930584206E-1,0.E0,-6.000000000001E-1));
#6184=LINE('',#6183,#6182);
#6185=CURVE_STYLE('',#33,POSITIVE_LENGTH_MEASURE(2.E-2),#3);
#6186=PRESENTATION_STYLE_ASSIGNMENT((#6185));
#6187=STYLED_ITEM('',(#6186),#6184);
#6188=CARTESIAN_POINT('',(-1.65E0,0.E0,2.25E0));
#6189=CARTESIAN_POINT('',(1.65E0,0.E0,2.25E0));
#6190=VERTEX_POINT('',#6188);
#6191=VERTEX_POINT('',#6189);
#6192=CARTESIAN_POINT('',(-1.65E0,2.025E0,2.25E0));
#6193=CARTESIAN_POINT('',(1.65E0,2.025E0,2.25E0));
#6194=VERTEX_POINT('',#6192);
#6195=VERTEX_POINT('',#6193);
#6196=CARTESIAN_POINT('',(1.65E0,2.025E0,-2.25E0));
#6197=VERTEX_POINT('',#6196);
#6198=CARTESIAN_POINT('',(-1.65E0,2.025E0,-2.25E0));
#6199=VERTEX_POINT('',#6198);
#6200=CARTESIAN_POINT('',(1.65E0,0.E0,-2.25E0));
#6201=VERTEX_POINT('',#6200);
#6202=CARTESIAN_POINT('',(-1.65E0,0.E0,-2.25E0));
#6203=VERTEX_POINT('',#6202);
#6204=CARTESIAN_POINT('',(-1.05E0,1.75E-1,-1.35E0));
#6205=CARTESIAN_POINT('',(-1.05E0,1.75E-1,-1.48E0));
#6206=VERTEX_POINT('',#6204);
#6207=VERTEX_POINT('',#6205);
#6208=CARTESIAN_POINT('',(-1.17E0,1.75E-1,-1.6E0));
#6209=VERTEX_POINT('',#6208);
#6210=CARTESIAN_POINT('',(-1.05E0,1.75E-1,-8.500000000001E-1));
#6211=CARTESIAN_POINT('',(-1.05E0,1.75E-1,-1.1E0));
#6212=VERTEX_POINT('',#6210);
#6213=VERTEX_POINT('',#6211);
#6214=CARTESIAN_POINT('',(-1.25E-1,1.75E-1,-3.249999999998E-1));
#6215=CARTESIAN_POINT('',(-1.249999999999E-1,1.75E-1,-1.65E0));
#6216=VERTEX_POINT('',#6214);
#6217=VERTEX_POINT('',#6215);
#6218=CARTESIAN_POINT('',(-3.749999999999E-1,1.75E-1,-1.65E0));
#6219=VERTEX_POINT('',#6218);
#6220=CARTESIAN_POINT('',(-3.749999999999E-1,1.75E-1,-8.000930584208E-1));
#6221=VERTEX_POINT('',#6220);
#6222=CARTESIAN_POINT('',(-5.750930584206E-1,1.75E-1,-6.000000000001E-1));
#6223=VERTEX_POINT('',#6222);
#6224=CARTESIAN_POINT('',(-4.499999999999E-1,1.75E-1,1.25E-1));
#6225=CARTESIAN_POINT('',(-1.45E0,1.75E-1,1.25E-1));
#6226=VERTEX_POINT('',#6224);
#6227=VERTEX_POINT('',#6225);
#6228=CARTESIAN_POINT('',(-1.45E0,1.75E-1,5.399900000002E-1));
#6229=VERTEX_POINT('',#6228);
#6230=CARTESIAN_POINT('',(-1.45E0,1.75E-1,7.899900000002E-1));
#6231=CARTESIAN_POINT('',(-1.45E0,1.75E-1,1.03999E0));
#6232=VERTEX_POINT('',#6230);
#6233=VERTEX_POINT('',#6231);
#6234=CARTESIAN_POINT('',(-1.45E0,1.75E-1,1.28999E0));
#6235=CARTESIAN_POINT('',(-1.45E0,1.75E-1,1.53999E0));
#6236=VERTEX_POINT('',#6234);
#6237=VERTEX_POINT('',#6235);
#6238=CARTESIAN_POINT('',(-1.45E0,1.75E-1,1.78999E0));
#6239=CARTESIAN_POINT('',(-1.45E0,1.75E-1,2.05E0));
#6240=VERTEX_POINT('',#6238);
#6241=VERTEX_POINT('',#6239);
#6242=CARTESIAN_POINT('',(1.45E0,1.75E-1,2.05E0));
#6243=CARTESIAN_POINT('',(1.45E0,1.75E-1,1.78999E0));
#6244=VERTEX_POINT('',#6242);
#6245=VERTEX_POINT('',#6243);
#6246=CARTESIAN_POINT('',(1.45E0,1.75E-1,1.53999E0));
#6247=CARTESIAN_POINT('',(1.45E0,1.75E-1,1.28999E0));
#6248=VERTEX_POINT('',#6246);
#6249=VERTEX_POINT('',#6247);
#6250=CARTESIAN_POINT('',(1.45E0,1.75E-1,1.03999E0));
#6251=CARTESIAN_POINT('',(1.45E0,1.75E-1,7.899900000002E-1));
#6252=VERTEX_POINT('',#6250);
#6253=VERTEX_POINT('',#6251);
#6254=CARTESIAN_POINT('',(1.45E0,1.75E-1,5.399900000002E-1));
#6255=CARTESIAN_POINT('',(1.45E0,1.75E-1,1.25E-1));
#6256=VERTEX_POINT('',#6254);
#6257=VERTEX_POINT('',#6255);
#6258=CARTESIAN_POINT('',(4.5E-1,1.75E-1,1.25E-1));
#6259=VERTEX_POINT('',#6258);
#6260=CARTESIAN_POINT('',(1.45E0,1.75E-1,-1.1E0));
#6261=CARTESIAN_POINT('',(1.45E0,1.75E-1,-1.35E0));
#6262=VERTEX_POINT('',#6260);
#6263=VERTEX_POINT('',#6261);
#6264=CARTESIAN_POINT('',(6.5E-1,1.75E-1,-1.6E0));
#6265=CARTESIAN_POINT('',(6.5E-1,1.75E-1,-8.500000000001E-1));
#6266=VERTEX_POINT('',#6264);
#6267=VERTEX_POINT('',#6265);
#6268=CARTESIAN_POINT('',(-3.749386615985E-1,1.75E-1,-2.025050550536E0));
#6269=CARTESIAN_POINT('',(-7.499999999993E-2,1.75E-1,-2.025387742295E0));
#6270=VERTEX_POINT('',#6268);
#6271=VERTEX_POINT('',#6269);
#6272=CARTESIAN_POINT('',(6.25E-1,1.75E-1,-1.9E0));
#6273=CARTESIAN_POINT('',(6.750000000051E-1,1.75E-1,-1.85E0));
#6274=VERTEX_POINT('',#6272);
#6275=VERTEX_POINT('',#6273);
#6276=CARTESIAN_POINT('',(1.022307917328E0,1.75E-1,-2.1E0));
#6277=CARTESIAN_POINT('',(9.750000000001E-1,1.75E-1,-2.147307917328E0));
#6278=VERTEX_POINT('',#6276);
#6279=VERTEX_POINT('',#6277);
#6280=CARTESIAN_POINT('',(-9.7499E-1,1.75E-1,-2.15E0));
#6281=CARTESIAN_POINT('',(-1.02499E0,1.75E-1,-2.1E0));
#6282=VERTEX_POINT('',#6280);
#6283=VERTEX_POINT('',#6281);
#6284=CARTESIAN_POINT('',(-6.750000000007E-1,1.75E-1,-1.85E0));
#6285=CARTESIAN_POINT('',(-6.249999999999E-1,1.75E-1,-1.9E0));
#6286=VERTEX_POINT('',#6284);
#6287=VERTEX_POINT('',#6285);
#6288=CARTESIAN_POINT('',(1.25E-1,1.75E-1,-1.95E0));
#6289=CARTESIAN_POINT('',(3.87E-1,1.75E-1,-1.95E0));
#6290=VERTEX_POINT('',#6288);
#6291=VERTEX_POINT('',#6289);
#6292=CARTESIAN_POINT('',(1.25E-1,7.5E-2,-1.95E0));
#6293=CARTESIAN_POINT('',(3.87E-1,7.5E-2,-1.95E0));
#6294=VERTEX_POINT('',#6292);
#6295=VERTEX_POINT('',#6293);
#6296=CARTESIAN_POINT('',(2.6E-1,1.75E-1,2.05E0));
#6297=CARTESIAN_POINT('',(2.6E-1,7.5E-2,2.05E0));
#6298=VERTEX_POINT('',#6296);
#6299=VERTEX_POINT('',#6297);
#6300=CARTESIAN_POINT('',(-2.6E-1,1.75E-1,2.05E0));
#6301=CARTESIAN_POINT('',(-2.6E-1,7.5E-2,2.05E0));
#6302=VERTEX_POINT('',#6300);
#6303=VERTEX_POINT('',#6301);
#6304=CARTESIAN_POINT('',(-4.499999999999E-1,7.5E-2,2.05E0));
#6305=CARTESIAN_POINT('',(-4.65E-1,7.5E-2,2.05E0));
#6306=VERTEX_POINT('',#6304);
#6307=VERTEX_POINT('',#6305);
#6308=CARTESIAN_POINT('',(-4.65E-1,1.75E-1,2.05E0));
#6309=VERTEX_POINT('',#6308);
#6310=CARTESIAN_POINT('',(4.5E-1,7.5E-2,2.05E0));
#6311=CARTESIAN_POINT('',(4.65E-1,7.5E-2,2.05E0));
#6312=VERTEX_POINT('',#6310);
#6313=VERTEX_POINT('',#6311);
#6314=CARTESIAN_POINT('',(4.65E-1,1.75E-1,2.05E0));
#6315=VERTEX_POINT('',#6314);
#6316=CARTESIAN_POINT('',(-4.499999999999E-1,1.75E-1,2.05E0));
#6317=VERTEX_POINT('',#6316);
#6318=CARTESIAN_POINT('',(4.5E-1,1.75E-1,2.05E0));
#6319=VERTEX_POINT('',#6318);
#6320=CARTESIAN_POINT('',(-1.65E0,0.E0,-1.6E0));
#6321=CARTESIAN_POINT('',(-1.17E0,0.E0,-1.6E0));
#6322=VERTEX_POINT('',#6320);
#6323=VERTEX_POINT('',#6321);
#6324=CARTESIAN_POINT('',(-1.65E0,0.E0,-1.35E0));
#6325=CARTESIAN_POINT('',(-1.05E0,0.E0,-1.35E0));
#6326=VERTEX_POINT('',#6324);
#6327=VERTEX_POINT('',#6325);
#6328=CARTESIAN_POINT('',(-1.05E0,0.E0,-1.48E0));
#6329=VERTEX_POINT('',#6328);
#6330=CARTESIAN_POINT('',(-1.65E0,0.E0,-1.1E0));
#6331=CARTESIAN_POINT('',(-1.05E0,0.E0,-1.1E0));
#6332=VERTEX_POINT('',#6330);
#6333=VERTEX_POINT('',#6331);
#6334=CARTESIAN_POINT('',(-1.65E0,0.E0,-8.500000000001E-1));
#6335=CARTESIAN_POINT('',(-1.05E0,0.E0,-8.500000000001E-1));
#6336=VERTEX_POINT('',#6334);
#6337=VERTEX_POINT('',#6335);
#6338=CARTESIAN_POINT('',(-1.65E0,0.E0,-6.000000000001E-1));
#6339=CARTESIAN_POINT('',(-5.750930584206E-1,0.E0,-6.000000000001E-1));
#6340=VERTEX_POINT('',#6338);
#6341=VERTEX_POINT('',#6339);
#6342=CARTESIAN_POINT('',(-1.65E0,0.E0,-3.249999999998E-1));
#6343=CARTESIAN_POINT('',(-1.25E-1,0.E0,-3.249999999998E-1));
#6344=VERTEX_POINT('',#6342);
#6345=VERTEX_POINT('',#6343);
#6346=CARTESIAN_POINT('',(-1.249999999999E-1,0.E0,-1.65E0));
#6347=VERTEX_POINT('',#6346);
#6348=CARTESIAN_POINT('',(-3.749999999999E-1,0.E0,-1.65E0));
#6349=VERTEX_POINT('',#6348);
#6350=CARTESIAN_POINT('',(-3.749999999999E-1,0.E0,-8.000930584208E-1));
#6351=VERTEX_POINT('',#6350);
#6352=CARTESIAN_POINT('',(-4.499999999999E-1,0.E0,1.25E-1));
#6353=CARTESIAN_POINT('',(-1.45E0,0.E0,1.25E-1));
#6354=VERTEX_POINT('',#6352);
#6355=VERTEX_POINT('',#6353);
#6356=CARTESIAN_POINT('',(-1.45E0,0.E0,5.399900000002E-1));
#6357=VERTEX_POINT('',#6356);
#6358=CARTESIAN_POINT('',(-1.65E0,0.E0,5.399900000002E-1));
#6359=VERTEX_POINT('',#6358);
#6360=CARTESIAN_POINT('',(-1.65E0,0.E0,7.899900000002E-1));
#6361=CARTESIAN_POINT('',(-1.45E0,0.E0,7.899900000002E-1));
#6362=VERTEX_POINT('',#6360);
#6363=VERTEX_POINT('',#6361);
#6364=CARTESIAN_POINT('',(-1.45E0,0.E0,1.03999E0));
#6365=VERTEX_POINT('',#6364);
#6366=CARTESIAN_POINT('',(-1.65E0,0.E0,1.03999E0));
#6367=VERTEX_POINT('',#6366);
#6368=CARTESIAN_POINT('',(-1.65E0,0.E0,1.28999E0));
#6369=CARTESIAN_POINT('',(-1.45E0,0.E0,1.28999E0));
#6370=VERTEX_POINT('',#6368);
#6371=VERTEX_POINT('',#6369);
#6372=CARTESIAN_POINT('',(-1.45E0,0.E0,1.53999E0));
#6373=VERTEX_POINT('',#6372);
#6374=CARTESIAN_POINT('',(-1.65E0,0.E0,1.53999E0));
#6375=VERTEX_POINT('',#6374);
#6376=CARTESIAN_POINT('',(-1.65E0,0.E0,1.78999E0));
#6377=CARTESIAN_POINT('',(-1.45E0,0.E0,1.78999E0));
#6378=VERTEX_POINT('',#6376);
#6379=VERTEX_POINT('',#6377);
#6380=CARTESIAN_POINT('',(-1.45E0,0.E0,2.05E0));
#6381=VERTEX_POINT('',#6380);
#6382=CARTESIAN_POINT('',(-4.499999999999E-1,0.E0,2.05E0));
#6383=VERTEX_POINT('',#6382);
#6384=CARTESIAN_POINT('',(4.5E-1,0.E0,2.05E0));
#6385=CARTESIAN_POINT('',(1.45E0,0.E0,2.05E0));
#6386=VERTEX_POINT('',#6384);
#6387=VERTEX_POINT('',#6385);
#6388=CARTESIAN_POINT('',(1.45E0,0.E0,1.78999E0));
#6389=VERTEX_POINT('',#6388);
#6390=CARTESIAN_POINT('',(1.65E0,0.E0,1.78999E0));
#6391=VERTEX_POINT('',#6390);
#6392=CARTESIAN_POINT('',(1.65E0,0.E0,1.53999E0));
#6393=CARTESIAN_POINT('',(1.45E0,0.E0,1.53999E0));
#6394=VERTEX_POINT('',#6392);
#6395=VERTEX_POINT('',#6393);
#6396=CARTESIAN_POINT('',(1.45E0,0.E0,1.28999E0));
#6397=VERTEX_POINT('',#6396);
#6398=CARTESIAN_POINT('',(1.65E0,0.E0,1.28999E0));
#6399=VERTEX_POINT('',#6398);
#6400=CARTESIAN_POINT('',(1.65E0,0.E0,1.03999E0));
#6401=CARTESIAN_POINT('',(1.45E0,0.E0,1.03999E0));
#6402=VERTEX_POINT('',#6400);
#6403=VERTEX_POINT('',#6401);
#6404=CARTESIAN_POINT('',(1.45E0,0.E0,7.899900000002E-1));
#6405=VERTEX_POINT('',#6404);
#6406=CARTESIAN_POINT('',(1.65E0,0.E0,7.899900000002E-1));
#6407=VERTEX_POINT('',#6406);
#6408=CARTESIAN_POINT('',(1.65E0,0.E0,5.399900000002E-1));
#6409=CARTESIAN_POINT('',(1.45E0,0.E0,5.399900000002E-1));
#6410=VERTEX_POINT('',#6408);
#6411=VERTEX_POINT('',#6409);
#6412=CARTESIAN_POINT('',(1.45E0,0.E0,1.25E-1));
#6413=VERTEX_POINT('',#6412);
#6414=CARTESIAN_POINT('',(4.5E-1,0.E0,1.25E-1));
#6415=VERTEX_POINT('',#6414);
#6416=CARTESIAN_POINT('',(1.65E0,0.E0,-1.1E0));
#6417=CARTESIAN_POINT('',(1.45E0,0.E0,-1.1E0));
#6418=VERTEX_POINT('',#6416);
#6419=VERTEX_POINT('',#6417);
#6420=CARTESIAN_POINT('',(1.45E0,0.E0,-1.35E0));
#6421=VERTEX_POINT('',#6420);
#6422=CARTESIAN_POINT('',(1.65E0,0.E0,-1.35E0));
#6423=VERTEX_POINT('',#6422);
#6424=CARTESIAN_POINT('',(1.65E0,0.E0,-1.6E0));
#6425=CARTESIAN_POINT('',(6.5E-1,0.E0,-1.6E0));
#6426=VERTEX_POINT('',#6424);
#6427=VERTEX_POINT('',#6425);
#6428=CARTESIAN_POINT('',(6.5E-1,0.E0,-8.500000000001E-1));
#6429=VERTEX_POINT('',#6428);
#6430=CARTESIAN_POINT('',(1.65E0,0.E0,-8.500000000001E-1));
#6431=VERTEX_POINT('',#6430);
#6432=CARTESIAN_POINT('',(-3.749386615985E-1,0.E0,-2.025050550536E0));
#6433=CARTESIAN_POINT('',(-7.499999999993E-2,0.E0,-2.025387742295E0));
#6434=VERTEX_POINT('',#6432);
#6435=VERTEX_POINT('',#6433);
#6436=CARTESIAN_POINT('',(-7.499999999993E-2,0.E0,-2.25E0));
#6437=VERTEX_POINT('',#6436);
#6438=CARTESIAN_POINT('',(-3.75E-1,0.E0,-2.25E0));
#6439=VERTEX_POINT('',#6438);
#6440=CARTESIAN_POINT('',(6.250000000001E-1,0.E0,-2.25E0));
#6441=CARTESIAN_POINT('',(6.250000000001E-1,0.E0,-1.900000000002E0));
#6442=VERTEX_POINT('',#6440);
#6443=VERTEX_POINT('',#6441);
#6444=CARTESIAN_POINT('',(6.750000000036E-1,0.E0,-1.85E0));
#6445=VERTEX_POINT('',#6444);
#6446=CARTESIAN_POINT('',(1.65E0,0.E0,-1.85E0));
#6447=VERTEX_POINT('',#6446);
#6448=CARTESIAN_POINT('',(1.65E0,0.E0,-2.1E0));
#6449=CARTESIAN_POINT('',(1.022307917328E0,0.E0,-2.1E0));
#6450=VERTEX_POINT('',#6448);
#6451=VERTEX_POINT('',#6449);
#6452=CARTESIAN_POINT('',(9.750000000001E-1,0.E0,-2.147307917328E0));
#6453=VERTEX_POINT('',#6452);
#6454=CARTESIAN_POINT('',(9.75E-1,0.E0,-2.25E0));
#6455=VERTEX_POINT('',#6454);
#6456=CARTESIAN_POINT('',(-9.749899999999E-1,0.E0,-2.25E0));
#6457=CARTESIAN_POINT('',(-9.7499E-1,0.E0,-2.15E0));
#6458=VERTEX_POINT('',#6456);
#6459=VERTEX_POINT('',#6457);
#6460=CARTESIAN_POINT('',(-1.02499E0,0.E0,-2.1E0));
#6461=VERTEX_POINT('',#6460);
#6462=CARTESIAN_POINT('',(-1.65E0,0.E0,-2.1E0));
#6463=VERTEX_POINT('',#6462);
#6464=CARTESIAN_POINT('',(-1.65E0,0.E0,-1.85E0));
#6465=CARTESIAN_POINT('',(-6.750000000003E-1,0.E0,-1.85E0));
#6466=VERTEX_POINT('',#6464);
#6467=VERTEX_POINT('',#6465);
#6468=CARTESIAN_POINT('',(-6.249999999999E-1,0.E0,-1.9E0));
#6469=VERTEX_POINT('',#6468);
#6470=CARTESIAN_POINT('',(-6.25E-1,0.E0,-2.25E0));
#6471=VERTEX_POINT('',#6470);
#6472=CARTESIAN_POINT('',(-4.65E-1,1.75E-1,2.25E0));
#6473=CARTESIAN_POINT('',(-2.6E-1,1.75E-1,2.25E0));
#6474=VERTEX_POINT('',#6472);
#6475=VERTEX_POINT('',#6473);
#6476=CARTESIAN_POINT('',(2.6E-1,1.75E-1,2.25E0));
#6477=CARTESIAN_POINT('',(4.65E-1,1.75E-1,2.25E0));
#6478=VERTEX_POINT('',#6476);
#6479=VERTEX_POINT('',#6477);
#6480=CARTESIAN_POINT('',(-4.65E-1,7.5E-2,2.25E0));
#6481=CARTESIAN_POINT('',(-2.6E-1,7.5E-2,2.25E0));
#6482=VERTEX_POINT('',#6480);
#6483=VERTEX_POINT('',#6481);
#6484=CARTESIAN_POINT('',(2.6E-1,7.5E-2,2.25E0));
#6485=CARTESIAN_POINT('',(4.65E-1,7.5E-2,2.25E0));
#6486=VERTEX_POINT('',#6484);
#6487=VERTEX_POINT('',#6485);
#6488=CARTESIAN_POINT('',(1.65E0,1.75E-1,1.78999E0));
#6489=CARTESIAN_POINT('',(1.65E0,1.75E-1,1.53999E0));
#6490=VERTEX_POINT('',#6488);
#6491=VERTEX_POINT('',#6489);
#6492=CARTESIAN_POINT('',(1.65E0,1.75E-1,1.28999E0));
#6493=CARTESIAN_POINT('',(1.65E0,1.75E-1,1.03999E0));
#6494=VERTEX_POINT('',#6492);
#6495=VERTEX_POINT('',#6493);
#6496=CARTESIAN_POINT('',(1.65E0,1.75E-1,7.899900000002E-1));
#6497=CARTESIAN_POINT('',(1.65E0,1.75E-1,5.399900000002E-1));
#6498=VERTEX_POINT('',#6496);
#6499=VERTEX_POINT('',#6497);
#6500=CARTESIAN_POINT('',(1.65E0,1.75E-1,-8.500000000001E-1));
#6501=CARTESIAN_POINT('',(1.65E0,1.75E-1,-1.1E0));
#6502=VERTEX_POINT('',#6500);
#6503=VERTEX_POINT('',#6501);
#6504=CARTESIAN_POINT('',(1.65E0,1.75E-1,-1.35E0));
#6505=CARTESIAN_POINT('',(1.65E0,1.75E-1,-1.6E0));
#6506=VERTEX_POINT('',#6504);
#6507=VERTEX_POINT('',#6505);
#6508=CARTESIAN_POINT('',(1.65E0,1.75E-1,-1.85E0));
#6509=CARTESIAN_POINT('',(1.65E0,1.75E-1,-2.1E0));
#6510=VERTEX_POINT('',#6508);
#6511=VERTEX_POINT('',#6509);
#6512=CARTESIAN_POINT('',(9.75E-1,1.75E-1,-2.25E0));
#6513=CARTESIAN_POINT('',(6.250000000001E-1,1.75E-1,-2.25E0));
#6514=VERTEX_POINT('',#6512);
#6515=VERTEX_POINT('',#6513);
#6516=CARTESIAN_POINT('',(3.87E-1,1.75E-1,-2.25E0));
#6517=CARTESIAN_POINT('',(1.25E-1,1.75E-1,-2.25E0));
#6518=VERTEX_POINT('',#6516);
#6519=VERTEX_POINT('',#6517);
#6520=CARTESIAN_POINT('',(-7.499999999993E-2,1.75E-1,-2.25E0));
#6521=CARTESIAN_POINT('',(-3.75E-1,1.75E-1,-2.25E0));
#6522=VERTEX_POINT('',#6520);
#6523=VERTEX_POINT('',#6521);
#6524=CARTESIAN_POINT('',(-6.25E-1,1.75E-1,-2.25E0));
#6525=CARTESIAN_POINT('',(-9.749899999999E-1,1.75E-1,-2.25E0));
#6526=VERTEX_POINT('',#6524);
#6527=VERTEX_POINT('',#6525);
#6528=CARTESIAN_POINT('',(1.25E-1,7.5E-2,-2.25E0));
#6529=CARTESIAN_POINT('',(3.87E-1,7.5E-2,-2.25E0));
#6530=VERTEX_POINT('',#6528);
#6531=VERTEX_POINT('',#6529);
#6532=CARTESIAN_POINT('',(-1.65E0,1.75E-1,-2.1E0));
#6533=CARTESIAN_POINT('',(-1.65E0,1.75E-1,-1.85E0));
#6534=VERTEX_POINT('',#6532);
#6535=VERTEX_POINT('',#6533);
#6536=CARTESIAN_POINT('',(-1.65E0,1.75E-1,-1.6E0));
#6537=CARTESIAN_POINT('',(-1.65E0,1.75E-1,-1.35E0));
#6538=VERTEX_POINT('',#6536);
#6539=VERTEX_POINT('',#6537);
#6540=CARTESIAN_POINT('',(-1.65E0,1.75E-1,-1.1E0));
#6541=CARTESIAN_POINT('',(-1.65E0,1.75E-1,-8.500000000001E-1));
#6542=VERTEX_POINT('',#6540);
#6543=VERTEX_POINT('',#6541);
#6544=CARTESIAN_POINT('',(-1.65E0,1.75E-1,-6.000000000001E-1));
#6545=CARTESIAN_POINT('',(-1.65E0,1.75E-1,-3.249999999998E-1));
#6546=VERTEX_POINT('',#6544);
#6547=VERTEX_POINT('',#6545);
#6548=CARTESIAN_POINT('',(-1.65E0,1.75E-1,5.399900000002E-1));
#6549=CARTESIAN_POINT('',(-1.65E0,1.75E-1,7.899900000002E-1));
#6550=VERTEX_POINT('',#6548);
#6551=VERTEX_POINT('',#6549);
#6552=CARTESIAN_POINT('',(-1.65E0,1.75E-1,1.03999E0));
#6553=CARTESIAN_POINT('',(-1.65E0,1.75E-1,1.28999E0));
#6554=VERTEX_POINT('',#6552);
#6555=VERTEX_POINT('',#6553);
#6556=CARTESIAN_POINT('',(-1.65E0,1.75E-1,1.53999E0));
#6557=CARTESIAN_POINT('',(-1.65E0,1.75E-1,1.78999E0));
#6558=VERTEX_POINT('',#6556);
#6559=VERTEX_POINT('',#6557);
#6560=CARTESIAN_POINT('',(0.E0,0.E0,0.E0));
#6561=DIRECTION('',(0.E0,1.E0,0.E0));
#6562=DIRECTION('',(1.E0,0.E0,0.E0));
#6563=AXIS2_PLACEMENT_3D('',#6560,#6561,#6562);
#6564=PLANE('',#6563);
#6566=ORIENTED_EDGE('',*,*,#6565,.T.);
#6568=ORIENTED_EDGE('',*,*,#6567,.F.);
#6570=ORIENTED_EDGE('',*,*,#6569,.F.);
#6572=ORIENTED_EDGE('',*,*,#6571,.F.);
#6574=ORIENTED_EDGE('',*,*,#6573,.T.);
#6576=ORIENTED_EDGE('',*,*,#6575,.T.);
#6578=ORIENTED_EDGE('',*,*,#6577,.F.);
#6580=ORIENTED_EDGE('',*,*,#6579,.F.);
#6582=ORIENTED_EDGE('',*,*,#6581,.T.);
#6584=ORIENTED_EDGE('',*,*,#6583,.T.);
#6586=ORIENTED_EDGE('',*,*,#6585,.F.);
#6588=ORIENTED_EDGE('',*,*,#6587,.F.);
#6590=ORIENTED_EDGE('',*,*,#6589,.F.);
#6592=ORIENTED_EDGE('',*,*,#6591,.F.);
#6594=ORIENTED_EDGE('',*,*,#6593,.F.);
#6596=ORIENTED_EDGE('',*,*,#6595,.T.);
#6598=ORIENTED_EDGE('',*,*,#6597,.T.);
#6600=ORIENTED_EDGE('',*,*,#6599,.F.);
#6602=ORIENTED_EDGE('',*,*,#6601,.F.);
#6604=ORIENTED_EDGE('',*,*,#6603,.F.);
#6606=ORIENTED_EDGE('',*,*,#6605,.F.);
#6608=ORIENTED_EDGE('',*,*,#6607,.F.);
#6610=ORIENTED_EDGE('',*,*,#6609,.F.);
#6612=ORIENTED_EDGE('',*,*,#6611,.T.);
#6614=ORIENTED_EDGE('',*,*,#6613,.T.);
#6616=ORIENTED_EDGE('',*,*,#6615,.T.);
#6618=ORIENTED_EDGE('',*,*,#6617,.T.);
#6620=ORIENTED_EDGE('',*,*,#6619,.F.);
#6622=ORIENTED_EDGE('',*,*,#6621,.F.);
#6624=ORIENTED_EDGE('',*,*,#6623,.F.);
#6626=ORIENTED_EDGE('',*,*,#6625,.F.);
#6628=ORIENTED_EDGE('',*,*,#6627,.F.);
#6630=ORIENTED_EDGE('',*,*,#6629,.F.);
#6632=ORIENTED_EDGE('',*,*,#6631,.T.);
#6634=ORIENTED_EDGE('',*,*,#6633,.T.);
#6636=ORIENTED_EDGE('',*,*,#6635,.F.);
#6638=ORIENTED_EDGE('',*,*,#6637,.F.);
#6640=ORIENTED_EDGE('',*,*,#6639,.T.);
#6642=ORIENTED_EDGE('',*,*,#6641,.T.);
#6644=ORIENTED_EDGE('',*,*,#6643,.F.);
#6646=ORIENTED_EDGE('',*,*,#6645,.F.);
#6648=ORIENTED_EDGE('',*,*,#6647,.T.);
#6650=ORIENTED_EDGE('',*,*,#6649,.T.);
#6652=ORIENTED_EDGE('',*,*,#6651,.F.);
#6654=ORIENTED_EDGE('',*,*,#6653,.F.);
#6656=ORIENTED_EDGE('',*,*,#6655,.T.);
#6658=ORIENTED_EDGE('',*,*,#6657,.T.);
#6660=ORIENTED_EDGE('',*,*,#6659,.F.);
#6662=ORIENTED_EDGE('',*,*,#6661,.F.);
#6664=ORIENTED_EDGE('',*,*,#6663,.T.);
#6665=EDGE_LOOP('',(#6566,#6568,#6570,#6572,#6574,#6576,#6578,#6580,#6582,#6584,
#6586,#6588,#6590,#6592,#6594,#6596,#6598,#6600,#6602,#6604,#6606,#6608,#6610,
#6612,#6614,#6616,#6618,#6620,#6622,#6624,#6626,#6628,#6630,#6632,#6634,#6636,
#6638,#6640,#6642,#6644,#6646,#6648,#6650,#6652,#6654,#6656,#6658,#6660,#6662,
#6664));
#6666=FACE_OUTER_BOUND('',#6665,.F.);
#6667=ADVANCED_FACE('',(#6666),#6564,.F.);
#6668=CARTESIAN_POINT('',(0.E0,0.E0,0.E0));
#6669=DIRECTION('',(0.E0,1.E0,0.E0));
#6670=DIRECTION('',(1.E0,0.E0,0.E0));
#6671=AXIS2_PLACEMENT_3D('',#6668,#6669,#6670);
#6672=PLANE('',#6671);
#6674=ORIENTED_EDGE('',*,*,#6673,.F.);
#6676=ORIENTED_EDGE('',*,*,#6675,.T.);
#6678=ORIENTED_EDGE('',*,*,#6677,.T.);
#6680=ORIENTED_EDGE('',*,*,#6679,.F.);
#6681=EDGE_LOOP('',(#6674,#6676,#6678,#6680));
#6682=FACE_OUTER_BOUND('',#6681,.F.);
#6683=ADVANCED_FACE('',(#6682),#6672,.F.);
#6684=CARTESIAN_POINT('',(0.E0,0.E0,0.E0));
#6685=DIRECTION('',(0.E0,1.E0,0.E0));
#6686=DIRECTION('',(1.E0,0.E0,0.E0));
#6687=AXIS2_PLACEMENT_3D('',#6684,#6685,#6686);
#6688=PLANE('',#6687);
#6690=ORIENTED_EDGE('',*,*,#6689,.F.);
#6692=ORIENTED_EDGE('',*,*,#6691,.T.);
#6694=ORIENTED_EDGE('',*,*,#6693,.T.);
#6696=ORIENTED_EDGE('',*,*,#6695,.F.);
#6697=EDGE_LOOP('',(#6690,#6692,#6694,#6696));
#6698=FACE_OUTER_BOUND('',#6697,.F.);
#6699=ADVANCED_FACE('',(#6698),#6688,.F.);
#6700=CARTESIAN_POINT('',(0.E0,0.E0,0.E0));
#6701=DIRECTION('',(0.E0,1.E0,0.E0));
#6702=DIRECTION('',(1.E0,0.E0,0.E0));
#6703=AXIS2_PLACEMENT_3D('',#6700,#6701,#6702);
#6704=PLANE('',#6703);
#6706=ORIENTED_EDGE('',*,*,#6705,.F.);
#6708=ORIENTED_EDGE('',*,*,#6707,.T.);
#6710=ORIENTED_EDGE('',*,*,#6709,.T.);
#6712=ORIENTED_EDGE('',*,*,#6711,.F.);
#6713=EDGE_LOOP('',(#6706,#6708,#6710,#6712));
#6714=FACE_OUTER_BOUND('',#6713,.F.);
#6715=ADVANCED_FACE('',(#6714),#6704,.F.);
#6716=CARTESIAN_POINT('',(0.E0,0.E0,0.E0));
#6717=DIRECTION('',(0.E0,1.E0,0.E0));
#6718=DIRECTION('',(1.E0,0.E0,0.E0));
#6719=AXIS2_PLACEMENT_3D('',#6716,#6717,#6718);
#6720=PLANE('',#6719);
#6722=ORIENTED_EDGE('',*,*,#6721,.F.);
#6724=ORIENTED_EDGE('',*,*,#6723,.T.);
#6726=ORIENTED_EDGE('',*,*,#6725,.T.);
#6728=ORIENTED_EDGE('',*,*,#6727,.F.);
#6729=EDGE_LOOP('',(#6722,#6724,#6726,#6728));
#6730=FACE_OUTER_BOUND('',#6729,.F.);
#6731=ADVANCED_FACE('',(#6730),#6720,.F.);
#6732=CARTESIAN_POINT('',(0.E0,0.E0,0.E0));
#6733=DIRECTION('',(0.E0,1.E0,0.E0));
#6734=DIRECTION('',(1.E0,0.E0,0.E0));
#6735=AXIS2_PLACEMENT_3D('',#6732,#6733,#6734);
#6736=PLANE('',#6735);
#6738=ORIENTED_EDGE('',*,*,#6737,.F.);
#6740=ORIENTED_EDGE('',*,*,#6739,.T.);
#6742=ORIENTED_EDGE('',*,*,#6741,.T.);
#6744=ORIENTED_EDGE('',*,*,#6743,.F.);
#6745=EDGE_LOOP('',(#6738,#6740,#6742,#6744));
#6746=FACE_OUTER_BOUND('',#6745,.F.);
#6747=ADVANCED_FACE('',(#6746),#6736,.F.);
#6748=CARTESIAN_POINT('',(0.E0,0.E0,0.E0));
#6749=DIRECTION('',(0.E0,1.E0,0.E0));
#6750=DIRECTION('',(1.E0,0.E0,0.E0));
#6751=AXIS2_PLACEMENT_3D('',#6748,#6749,#6750);
#6752=PLANE('',#6751);
#6754=ORIENTED_EDGE('',*,*,#6753,.F.);
#6756=ORIENTED_EDGE('',*,*,#6755,.T.);
#6758=ORIENTED_EDGE('',*,*,#6757,.T.);
#6760=ORIENTED_EDGE('',*,*,#6759,.T.);
#6762=ORIENTED_EDGE('',*,*,#6761,.T.);
#6763=EDGE_LOOP('',(#6754,#6756,#6758,#6760,#6762));
#6764=FACE_OUTER_BOUND('',#6763,.F.);
#6765=ADVANCED_FACE('',(#6764),#6752,.F.);
#6766=CARTESIAN_POINT('',(0.E0,0.E0,0.E0));
#6767=DIRECTION('',(0.E0,1.E0,0.E0));
#6768=DIRECTION('',(1.E0,0.E0,0.E0));
#6769=AXIS2_PLACEMENT_3D('',#6766,#6767,#6768);
#6770=PLANE('',#6769);
#6772=ORIENTED_EDGE('',*,*,#6771,.F.);
#6774=ORIENTED_EDGE('',*,*,#6773,.T.);
#6776=ORIENTED_EDGE('',*,*,#6775,.T.);
#6778=ORIENTED_EDGE('',*,*,#6777,.T.);
#6780=ORIENTED_EDGE('',*,*,#6779,.T.);
#6781=EDGE_LOOP('',(#6772,#6774,#6776,#6778,#6780));
#6782=FACE_OUTER_BOUND('',#6781,.F.);
#6783=ADVANCED_FACE('',(#6782),#6770,.F.);
#6784=CARTESIAN_POINT('',(-1.17E0,-2.5E-2,-1.6E0));
#6785=DIRECTION('',(0.E0,0.E0,-1.E0));
#6786=DIRECTION('',(-1.E0,0.E0,0.E0));
#6787=AXIS2_PLACEMENT_3D('',#6784,#6785,#6786);
#6788=PLANE('',#6787);
#6789=ORIENTED_EDGE('',*,*,#6565,.F.);
#6791=ORIENTED_EDGE('',*,*,#6790,.T.);
#6793=ORIENTED_EDGE('',*,*,#6792,.F.);
#6795=ORIENTED_EDGE('',*,*,#6794,.F.);
#6796=EDGE_LOOP('',(#6789,#6791,#6793,#6795));
#6797=FACE_OUTER_BOUND('',#6796,.F.);
#6798=ADVANCED_FACE('',(#6797),#6788,.F.);
#6799=CARTESIAN_POINT('',(-1.65E0,0.E0,-2.25E0));
#6800=DIRECTION('',(-1.E0,0.E0,0.E0));
#6801=DIRECTION('',(0.E0,0.E0,1.E0));
#6802=AXIS2_PLACEMENT_3D('',#6799,#6800,#6801);
#6803=PLANE('',#6802);
#6805=ORIENTED_EDGE('',*,*,#6804,.F.);
#6807=ORIENTED_EDGE('',*,*,#6806,.F.);
#6808=ORIENTED_EDGE('',*,*,#6775,.F.);
#6810=ORIENTED_EDGE('',*,*,#6809,.T.);
#6812=ORIENTED_EDGE('',*,*,#6811,.T.);
#6814=ORIENTED_EDGE('',*,*,#6813,.F.);
#6815=ORIENTED_EDGE('',*,*,#6611,.F.);
#6817=ORIENTED_EDGE('',*,*,#6816,.T.);
#6819=ORIENTED_EDGE('',*,*,#6818,.F.);
#6821=ORIENTED_EDGE('',*,*,#6820,.F.);
#6822=ORIENTED_EDGE('',*,*,#6691,.F.);
#6824=ORIENTED_EDGE('',*,*,#6823,.T.);
#6826=ORIENTED_EDGE('',*,*,#6825,.F.);
#6828=ORIENTED_EDGE('',*,*,#6827,.F.);
#6829=ORIENTED_EDGE('',*,*,#6675,.F.);
#6831=ORIENTED_EDGE('',*,*,#6830,.T.);
#6833=ORIENTED_EDGE('',*,*,#6832,.F.);
#6835=ORIENTED_EDGE('',*,*,#6834,.F.);
#6836=ORIENTED_EDGE('',*,*,#6595,.F.);
#6838=ORIENTED_EDGE('',*,*,#6837,.T.);
#6840=ORIENTED_EDGE('',*,*,#6839,.F.);
#6842=ORIENTED_EDGE('',*,*,#6841,.F.);
#6843=ORIENTED_EDGE('',*,*,#6581,.F.);
#6845=ORIENTED_EDGE('',*,*,#6844,.T.);
#6847=ORIENTED_EDGE('',*,*,#6846,.F.);
#6849=ORIENTED_EDGE('',*,*,#6848,.F.);
#6850=ORIENTED_EDGE('',*,*,#6573,.F.);
#6852=ORIENTED_EDGE('',*,*,#6851,.T.);
#6854=ORIENTED_EDGE('',*,*,#6853,.F.);
#6855=ORIENTED_EDGE('',*,*,#6790,.F.);
#6856=ORIENTED_EDGE('',*,*,#6663,.F.);
#6858=ORIENTED_EDGE('',*,*,#6857,.T.);
#6859=EDGE_LOOP('',(#6805,#6807,#6808,#6810,#6812,#6814,#6815,#6817,#6819,#6821,
#6822,#6824,#6826,#6828,#6829,#6831,#6833,#6835,#6836,#6838,#6840,#6842,#6843,
#6845,#6847,#6849,#6850,#6852,#6854,#6855,#6856,#6858));
#6860=FACE_OUTER_BOUND('',#6859,.F.);
#6861=ADVANCED_FACE('',(#6860),#6803,.T.);
#6862=CARTESIAN_POINT('',(0.E0,1.75E-1,0.E0));
#6863=DIRECTION('',(0.E0,1.E0,0.E0));
#6864=DIRECTION('',(1.E0,0.E0,0.E0));
#6865=AXIS2_PLACEMENT_3D('',#6862,#6863,#6864);
#6866=PLANE('',#6865);
#6868=ORIENTED_EDGE('',*,*,#6867,.T.);
#6870=ORIENTED_EDGE('',*,*,#6869,.T.);
#6872=ORIENTED_EDGE('',*,*,#6871,.T.);
#6874=ORIENTED_EDGE('',*,*,#6873,.T.);
#6876=ORIENTED_EDGE('',*,*,#6875,.T.);
#6878=ORIENTED_EDGE('',*,*,#6877,.T.);
#6880=ORIENTED_EDGE('',*,*,#6879,.T.);
#6881=ORIENTED_EDGE('',*,*,#6832,.T.);
#6883=ORIENTED_EDGE('',*,*,#6882,.T.);
#6885=ORIENTED_EDGE('',*,*,#6884,.T.);
#6887=ORIENTED_EDGE('',*,*,#6886,.T.);
#6888=ORIENTED_EDGE('',*,*,#6825,.T.);
#6890=ORIENTED_EDGE('',*,*,#6889,.T.);
#6892=ORIENTED_EDGE('',*,*,#6891,.T.);
#6894=ORIENTED_EDGE('',*,*,#6893,.T.);
#6895=ORIENTED_EDGE('',*,*,#6818,.T.);
#6897=ORIENTED_EDGE('',*,*,#6896,.T.);
#6899=ORIENTED_EDGE('',*,*,#6898,.T.);
#6901=ORIENTED_EDGE('',*,*,#6900,.T.);
#6903=ORIENTED_EDGE('',*,*,#6902,.T.);
#6904=EDGE_LOOP('',(#6868,#6870,#6872,#6874,#6876,#6878,#6880,#6881,#6883,#6885,
#6887,#6888,#6890,#6892,#6894,#6895,#6897,#6899,#6901,#6903));
#6905=FACE_OUTER_BOUND('',#6904,.F.);
#6906=ADVANCED_FACE('',(#6905),#6866,.F.);
#6907=CARTESIAN_POINT('',(0.E0,1.75E-1,0.E0));
#6908=DIRECTION('',(0.E0,1.E0,0.E0));
#6909=DIRECTION('',(1.E0,0.E0,0.E0));
#6910=AXIS2_PLACEMENT_3D('',#6907,#6908,#6909);
#6911=PLANE('',#6910);
#6913=ORIENTED_EDGE('',*,*,#6912,.T.);
#6915=ORIENTED_EDGE('',*,*,#6914,.T.);
#6917=ORIENTED_EDGE('',*,*,#6916,.T.);
#6919=ORIENTED_EDGE('',*,*,#6918,.T.);
#6921=ORIENTED_EDGE('',*,*,#6920,.T.);
#6923=ORIENTED_EDGE('',*,*,#6922,.T.);
#6925=ORIENTED_EDGE('',*,*,#6924,.T.);
#6927=ORIENTED_EDGE('',*,*,#6926,.T.);
#6929=ORIENTED_EDGE('',*,*,#6928,.T.);
#6931=ORIENTED_EDGE('',*,*,#6930,.T.);
#6933=ORIENTED_EDGE('',*,*,#6932,.T.);
#6935=ORIENTED_EDGE('',*,*,#6934,.T.);
#6937=ORIENTED_EDGE('',*,*,#6936,.T.);
#6939=ORIENTED_EDGE('',*,*,#6938,.T.);
#6941=ORIENTED_EDGE('',*,*,#6940,.T.);
#6943=ORIENTED_EDGE('',*,*,#6942,.T.);
#6945=ORIENTED_EDGE('',*,*,#6944,.T.);
#6947=ORIENTED_EDGE('',*,*,#6946,.T.);
#6949=ORIENTED_EDGE('',*,*,#6948,.T.);
#6951=ORIENTED_EDGE('',*,*,#6950,.T.);
#6952=EDGE_LOOP('',(#6913,#6915,#6917,#6919,#6921,#6923,#6925,#6927,#6929,#6931,
#6933,#6935,#6937,#6939,#6941,#6943,#6945,#6947,#6949,#6951));
#6953=FACE_OUTER_BOUND('',#6952,.F.);
#6954=ADVANCED_FACE('',(#6953),#6911,.F.);
#6955=CARTESIAN_POINT('',(0.E0,1.75E-1,0.E0));
#6956=DIRECTION('',(0.E0,1.E0,0.E0));
#6957=DIRECTION('',(1.E0,0.E0,0.E0));
#6958=AXIS2_PLACEMENT_3D('',#6955,#6956,#6957);
#6959=PLANE('',#6958);
#6961=ORIENTED_EDGE('',*,*,#6960,.T.);
#6963=ORIENTED_EDGE('',*,*,#6962,.T.);
#6965=ORIENTED_EDGE('',*,*,#6964,.T.);
#6967=ORIENTED_EDGE('',*,*,#6966,.T.);
#6969=ORIENTED_EDGE('',*,*,#6968,.T.);
#6971=ORIENTED_EDGE('',*,*,#6970,.T.);
#6973=ORIENTED_EDGE('',*,*,#6972,.T.);
#6975=ORIENTED_EDGE('',*,*,#6974,.T.);
#6976=EDGE_LOOP('',(#6961,#6963,#6965,#6967,#6969,#6971,#6973,#6975));
#6977=FACE_OUTER_BOUND('',#6976,.F.);
#6978=ADVANCED_FACE('',(#6977),#6959,.F.);
#6979=CARTESIAN_POINT('',(0.E0,1.75E-1,0.E0));
#6980=DIRECTION('',(0.E0,1.E0,0.E0));
#6981=DIRECTION('',(1.E0,0.E0,0.E0));
#6982=AXIS2_PLACEMENT_3D('',#6979,#6980,#6981);
#6983=PLANE('',#6982);
#6985=ORIENTED_EDGE('',*,*,#6984,.T.);
#6987=ORIENTED_EDGE('',*,*,#6986,.T.);
#6989=ORIENTED_EDGE('',*,*,#6988,.T.);
#6991=ORIENTED_EDGE('',*,*,#6990,.T.);
#6993=ORIENTED_EDGE('',*,*,#6992,.T.);
#6995=ORIENTED_EDGE('',*,*,#6994,.T.);
#6997=ORIENTED_EDGE('',*,*,#6996,.T.);
#6999=ORIENTED_EDGE('',*,*,#6998,.T.);
#7000=EDGE_LOOP('',(#6985,#6987,#6989,#6991,#6993,#6995,#6997,#6999));
#7001=FACE_OUTER_BOUND('',#7000,.F.);
#7002=ADVANCED_FACE('',(#7001),#6983,.F.);
#7003=CARTESIAN_POINT('',(0.E0,1.75E-1,0.E0));
#7004=DIRECTION('',(0.E0,1.E0,0.E0));
#7005=DIRECTION('',(1.E0,0.E0,0.E0));
#7006=AXIS2_PLACEMENT_3D('',#7003,#7004,#7005);
#7007=PLANE('',#7006);
#7009=ORIENTED_EDGE('',*,*,#7008,.T.);
#7011=ORIENTED_EDGE('',*,*,#7010,.T.);
#7013=ORIENTED_EDGE('',*,*,#7012,.T.);
#7015=ORIENTED_EDGE('',*,*,#7014,.T.);
#7016=EDGE_LOOP('',(#7009,#7011,#7013,#7015));
#7017=FACE_OUTER_BOUND('',#7016,.F.);
#7018=ADVANCED_FACE('',(#7017),#7007,.F.);
#7019=CARTESIAN_POINT('',(0.E0,1.75E-1,0.E0));
#7020=DIRECTION('',(0.E0,1.E0,0.E0));
#7021=DIRECTION('',(1.E0,0.E0,0.E0));
#7022=AXIS2_PLACEMENT_3D('',#7019,#7020,#7021);
#7023=PLANE('',#7022);
#7025=ORIENTED_EDGE('',*,*,#7024,.T.);
#7027=ORIENTED_EDGE('',*,*,#7026,.T.);
#7029=ORIENTED_EDGE('',*,*,#7028,.T.);
#7031=ORIENTED_EDGE('',*,*,#7030,.T.);
#7032=EDGE_LOOP('',(#7025,#7027,#7029,#7031));
#7033=FACE_OUTER_BOUND('',#7032,.F.);
#7034=ADVANCED_FACE('',(#7033),#7023,.F.);
#7035=CARTESIAN_POINT('',(0.E0,1.75E-1,0.E0));
#7036=DIRECTION('',(0.E0,1.E0,0.E0));
#7037=DIRECTION('',(1.E0,0.E0,0.E0));
#7038=AXIS2_PLACEMENT_3D('',#7035,#7036,#7037);
#7039=PLANE('',#7038);
#7041=ORIENTED_EDGE('',*,*,#7040,.T.);
#7043=ORIENTED_EDGE('',*,*,#7042,.T.);
#7045=ORIENTED_EDGE('',*,*,#7044,.T.);
#7047=ORIENTED_EDGE('',*,*,#7046,.T.);
#7048=ORIENTED_EDGE('',*,*,#6804,.T.);
#7050=ORIENTED_EDGE('',*,*,#7049,.T.);
#7052=ORIENTED_EDGE('',*,*,#7051,.T.);
#7054=ORIENTED_EDGE('',*,*,#7053,.T.);
#7055=EDGE_LOOP('',(#7041,#7043,#7045,#7047,#7048,#7050,#7052,#7054));
#7056=FACE_OUTER_BOUND('',#7055,.F.);
#7057=ADVANCED_FACE('',(#7056),#7039,.F.);
#7058=CARTESIAN_POINT('',(0.E0,1.75E-1,0.E0));
#7059=DIRECTION('',(0.E0,1.E0,0.E0));
#7060=DIRECTION('',(1.E0,0.E0,0.E0));
#7061=AXIS2_PLACEMENT_3D('',#7058,#7059,#7060);
#7062=PLANE('',#7061);
#7063=ORIENTED_EDGE('',*,*,#6853,.T.);
#7065=ORIENTED_EDGE('',*,*,#7064,.T.);
#7067=ORIENTED_EDGE('',*,*,#7066,.T.);
#7069=ORIENTED_EDGE('',*,*,#7068,.T.);
#7070=ORIENTED_EDGE('',*,*,#6792,.T.);
#7071=EDGE_LOOP('',(#7063,#7065,#7067,#7069,#7070));
#7072=FACE_OUTER_BOUND('',#7071,.F.);
#7073=ADVANCED_FACE('',(#7072),#7062,.F.);
#7074=CARTESIAN_POINT('',(0.E0,1.75E-1,0.E0));
#7075=DIRECTION('',(0.E0,1.E0,0.E0));
#7076=DIRECTION('',(1.E0,0.E0,0.E0));
#7077=AXIS2_PLACEMENT_3D('',#7074,#7075,#7076);
#7078=PLANE('',#7077);
#7079=ORIENTED_EDGE('',*,*,#6846,.T.);
#7081=ORIENTED_EDGE('',*,*,#7080,.T.);
#7083=ORIENTED_EDGE('',*,*,#7082,.T.);
#7085=ORIENTED_EDGE('',*,*,#7084,.T.);
#7086=EDGE_LOOP('',(#7079,#7081,#7083,#7085));
#7087=FACE_OUTER_BOUND('',#7086,.F.);
#7088=ADVANCED_FACE('',(#7087),#7078,.F.);
#7089=CARTESIAN_POINT('',(0.E0,1.75E-1,0.E0));
#7090=DIRECTION('',(0.E0,1.E0,0.E0));
#7091=DIRECTION('',(1.E0,0.E0,0.E0));
#7092=AXIS2_PLACEMENT_3D('',#7089,#7090,#7091);
#7093=PLANE('',#7092);
#7094=ORIENTED_EDGE('',*,*,#6839,.T.);
#7096=ORIENTED_EDGE('',*,*,#7095,.T.);
#7098=ORIENTED_EDGE('',*,*,#7097,.T.);
#7100=ORIENTED_EDGE('',*,*,#7099,.T.);
#7102=ORIENTED_EDGE('',*,*,#7101,.T.);
#7104=ORIENTED_EDGE('',*,*,#7103,.T.);
#7106=ORIENTED_EDGE('',*,*,#7105,.T.);
#7107=EDGE_LOOP('',(#7094,#7096,#7098,#7100,#7102,#7104,#7106));
#7108=FACE_OUTER_BOUND('',#7107,.F.);
#7109=ADVANCED_FACE('',(#7108),#7093,.F.);
#7110=CARTESIAN_POINT('',(-1.65E0,0.E0,2.25E0));
#7111=DIRECTION('',(0.E0,0.E0,1.E0));
#7112=DIRECTION('',(1.E0,0.E0,0.E0));
#7113=AXIS2_PLACEMENT_3D('',#7110,#7111,#7112);
#7114=PLANE('',#7113);
#7115=ORIENTED_EDGE('',*,*,#6613,.F.);
#7116=ORIENTED_EDGE('',*,*,#6813,.T.);
#7118=ORIENTED_EDGE('',*,*,#7117,.T.);
#7120=ORIENTED_EDGE('',*,*,#7119,.F.);
#7121=EDGE_LOOP('',(#7115,#7116,#7118,#7120));
#7122=FACE_OUTER_BOUND('',#7121,.F.);
#7123=ORIENTED_EDGE('',*,*,#6867,.F.);
#7125=ORIENTED_EDGE('',*,*,#7124,.F.);
#7127=ORIENTED_EDGE('',*,*,#7126,.T.);
#7129=ORIENTED_EDGE('',*,*,#7128,.T.);
#7130=EDGE_LOOP('',(#7123,#7125,#7127,#7129));
#7131=FACE_BOUND('',#7130,.F.);
#7132=ORIENTED_EDGE('',*,*,#6912,.F.);
#7134=ORIENTED_EDGE('',*,*,#7133,.F.);
#7136=ORIENTED_EDGE('',*,*,#7135,.T.);
#7138=ORIENTED_EDGE('',*,*,#7137,.T.);
#7139=EDGE_LOOP('',(#7132,#7134,#7136,#7138));
#7140=FACE_BOUND('',#7139,.F.);
#7141=ADVANCED_FACE('',(#7122,#7131,#7140),#7114,.T.);
#7142=CARTESIAN_POINT('',(0.E0,2.025E0,0.E0));
#7143=DIRECTION('',(0.E0,1.E0,0.E0));
#7144=DIRECTION('',(1.E0,0.E0,0.E0));
#7145=AXIS2_PLACEMENT_3D('',#7142,#7143,#7144);
#7146=PLANE('',#7145);
#7147=ORIENTED_EDGE('',*,*,#7117,.F.);
#7148=ORIENTED_EDGE('',*,*,#6811,.F.);
#7150=ORIENTED_EDGE('',*,*,#7149,.F.);
#7152=ORIENTED_EDGE('',*,*,#7151,.F.);
#7153=EDGE_LOOP('',(#7147,#7148,#7150,#7152));
#7154=FACE_OUTER_BOUND('',#7153,.F.);
#7155=ADVANCED_FACE('',(#7154),#7146,.T.);
#7156=CARTESIAN_POINT('',(1.65E0,0.E0,-2.25E0));
#7157=DIRECTION('',(0.E0,0.E0,-1.E0));
#7158=DIRECTION('',(-1.E0,0.E0,0.E0));
#7159=AXIS2_PLACEMENT_3D('',#7156,#7157,#7158);
#7160=PLANE('',#7159);
#7161=ORIENTED_EDGE('',*,*,#6992,.F.);
#7163=ORIENTED_EDGE('',*,*,#7162,.F.);
#7164=ORIENTED_EDGE('',*,*,#6757,.F.);
#7166=ORIENTED_EDGE('',*,*,#7165,.T.);
#7167=ORIENTED_EDGE('',*,*,#7149,.T.);
#7168=ORIENTED_EDGE('',*,*,#6809,.F.);
#7169=ORIENTED_EDGE('',*,*,#6773,.F.);
#7171=ORIENTED_EDGE('',*,*,#7170,.T.);
#7172=ORIENTED_EDGE('',*,*,#7040,.F.);
#7174=ORIENTED_EDGE('',*,*,#7173,.F.);
#7175=ORIENTED_EDGE('',*,*,#6655,.F.);
#7177=ORIENTED_EDGE('',*,*,#7176,.T.);
#7178=ORIENTED_EDGE('',*,*,#7024,.F.);
#7180=ORIENTED_EDGE('',*,*,#7179,.F.);
#7181=ORIENTED_EDGE('',*,*,#6647,.F.);
#7183=ORIENTED_EDGE('',*,*,#7182,.T.);
#7184=EDGE_LOOP('',(#7161,#7163,#7164,#7166,#7167,#7168,#7169,#7171,#7172,#7174,
#7175,#7177,#7178,#7180,#7181,#7183));
#7185=FACE_OUTER_BOUND('',#7184,.F.);
#7186=ORIENTED_EDGE('',*,*,#7008,.F.);
#7188=ORIENTED_EDGE('',*,*,#7187,.F.);
#7190=ORIENTED_EDGE('',*,*,#7189,.F.);
#7192=ORIENTED_EDGE('',*,*,#7191,.T.);
#7193=EDGE_LOOP('',(#7186,#7188,#7190,#7192));
#7194=FACE_BOUND('',#7193,.F.);
#7195=ADVANCED_FACE('',(#7185,#7194),#7160,.T.);
#7196=CARTESIAN_POINT('',(9.75E-1,-2.5E-2,-2.147307917328E0));
#7197=DIRECTION('',(1.E0,0.E0,0.E0));
#7198=DIRECTION('',(0.E0,0.E0,-1.E0));
#7199=AXIS2_PLACEMENT_3D('',#7196,#7197,#7198);
#7200=PLANE('',#7199);
#7201=ORIENTED_EDGE('',*,*,#6759,.F.);
#7202=ORIENTED_EDGE('',*,*,#7162,.T.);
#7203=ORIENTED_EDGE('',*,*,#6990,.F.);
#7205=ORIENTED_EDGE('',*,*,#7204,.F.);
#7206=EDGE_LOOP('',(#7201,#7202,#7203,#7205));
#7207=FACE_OUTER_BOUND('',#7206,.F.);
#7208=ADVANCED_FACE('',(#7207),#7200,.F.);
#7209=CARTESIAN_POINT('',(1.022307917328E0,-2.5E-2,-2.147307917328E0));
#7210=DIRECTION('',(0.E0,1.E0,0.E0));
#7211=DIRECTION('',(1.E0,0.E0,0.E0));
#7212=AXIS2_PLACEMENT_3D('',#7209,#7210,#7211);
#7213=CYLINDRICAL_SURFACE('',#7212,4.730791732808E-2);
#7214=ORIENTED_EDGE('',*,*,#6761,.F.);
#7215=ORIENTED_EDGE('',*,*,#7204,.T.);
#7216=ORIENTED_EDGE('',*,*,#6988,.F.);
#7218=ORIENTED_EDGE('',*,*,#7217,.F.);
#7219=EDGE_LOOP('',(#7214,#7215,#7216,#7218));
#7220=FACE_OUTER_BOUND('',#7219,.F.);
#7221=ADVANCED_FACE('',(#7220),#7213,.T.);
#7222=CARTESIAN_POINT('',(1.65E0,-2.5E-2,-2.1E0));
#7223=DIRECTION('',(0.E0,0.E0,-1.E0));
#7224=DIRECTION('',(-1.E0,0.E0,0.E0));
#7225=AXIS2_PLACEMENT_3D('',#7222,#7223,#7224);
#7226=PLANE('',#7225);
#7227=ORIENTED_EDGE('',*,*,#6753,.T.);
#7228=ORIENTED_EDGE('',*,*,#7217,.T.);
#7229=ORIENTED_EDGE('',*,*,#6986,.F.);
#7231=ORIENTED_EDGE('',*,*,#7230,.F.);
#7232=EDGE_LOOP('',(#7227,#7228,#7229,#7231));
#7233=FACE_OUTER_BOUND('',#7232,.F.);
#7234=ADVANCED_FACE('',(#7233),#7226,.F.);
#7235=CARTESIAN_POINT('',(1.65E0,0.E0,2.25E0));
#7236=DIRECTION('',(1.E0,0.E0,0.E0));
#7237=DIRECTION('',(0.E0,0.E0,-1.E0));
#7238=AXIS2_PLACEMENT_3D('',#7235,#7236,#7237);
#7239=PLANE('',#7238);
#7240=ORIENTED_EDGE('',*,*,#6922,.F.);
#7242=ORIENTED_EDGE('',*,*,#7241,.F.);
#7243=ORIENTED_EDGE('',*,*,#6615,.F.);
#7244=ORIENTED_EDGE('',*,*,#7119,.T.);
#7245=ORIENTED_EDGE('',*,*,#7151,.T.);
#7246=ORIENTED_EDGE('',*,*,#7165,.F.);
#7247=ORIENTED_EDGE('',*,*,#6755,.F.);
#7248=ORIENTED_EDGE('',*,*,#7230,.T.);
#7249=ORIENTED_EDGE('',*,*,#6984,.F.);
#7251=ORIENTED_EDGE('',*,*,#7250,.F.);
#7252=ORIENTED_EDGE('',*,*,#6639,.F.);
#7254=ORIENTED_EDGE('',*,*,#7253,.T.);
#7255=ORIENTED_EDGE('',*,*,#6968,.F.);
#7257=ORIENTED_EDGE('',*,*,#7256,.F.);
#7258=ORIENTED_EDGE('',*,*,#6739,.F.);
#7260=ORIENTED_EDGE('',*,*,#7259,.T.);
#7261=ORIENTED_EDGE('',*,*,#6960,.F.);
#7263=ORIENTED_EDGE('',*,*,#7262,.F.);
#7264=ORIENTED_EDGE('',*,*,#6631,.F.);
#7266=ORIENTED_EDGE('',*,*,#7265,.T.);
#7267=ORIENTED_EDGE('',*,*,#6938,.F.);
#7269=ORIENTED_EDGE('',*,*,#7268,.F.);
#7270=ORIENTED_EDGE('',*,*,#6723,.F.);
#7272=ORIENTED_EDGE('',*,*,#7271,.T.);
#7273=ORIENTED_EDGE('',*,*,#6930,.F.);
#7275=ORIENTED_EDGE('',*,*,#7274,.F.);
#7276=ORIENTED_EDGE('',*,*,#6707,.F.);
#7278=ORIENTED_EDGE('',*,*,#7277,.T.);
#7279=EDGE_LOOP('',(#7240,#7242,#7243,#7244,#7245,#7246,#7247,#7248,#7249,#7251,
#7252,#7254,#7255,#7257,#7258,#7260,#7261,#7263,#7264,#7266,#7267,#7269,#7270,
#7272,#7273,#7275,#7276,#7278));
#7280=FACE_OUTER_BOUND('',#7279,.F.);
#7281=ADVANCED_FACE('',(#7280),#7239,.T.);
#7282=CARTESIAN_POINT('',(1.45E0,-2.5E-2,1.78999E0));
#7283=DIRECTION('',(0.E0,0.E0,1.E0));
#7284=DIRECTION('',(1.E0,0.E0,0.E0));
#7285=AXIS2_PLACEMENT_3D('',#7282,#7283,#7284);
#7286=PLANE('',#7285);
#7287=ORIENTED_EDGE('',*,*,#6617,.F.);
#7288=ORIENTED_EDGE('',*,*,#7241,.T.);
#7289=ORIENTED_EDGE('',*,*,#6920,.F.);
#7291=ORIENTED_EDGE('',*,*,#7290,.F.);
#7292=EDGE_LOOP('',(#7287,#7288,#7289,#7291));
#7293=FACE_OUTER_BOUND('',#7292,.F.);
#7294=ADVANCED_FACE('',(#7293),#7286,.F.);
#7295=CARTESIAN_POINT('',(1.45E0,-2.5E-2,2.05E0));
#7296=DIRECTION('',(1.E0,0.E0,0.E0));
#7297=DIRECTION('',(0.E0,0.E0,-1.E0));
#7298=AXIS2_PLACEMENT_3D('',#7295,#7296,#7297);
#7299=PLANE('',#7298);
#7300=ORIENTED_EDGE('',*,*,#6619,.T.);
#7301=ORIENTED_EDGE('',*,*,#7290,.T.);
#7302=ORIENTED_EDGE('',*,*,#6918,.F.);
#7304=ORIENTED_EDGE('',*,*,#7303,.F.);
#7305=EDGE_LOOP('',(#7300,#7301,#7302,#7304));
#7306=FACE_OUTER_BOUND('',#7305,.F.);
#7307=ADVANCED_FACE('',(#7306),#7299,.F.);
#7308=CARTESIAN_POINT('',(4.5E-1,-2.5E-2,2.05E0));
#7309=DIRECTION('',(0.E0,0.E0,1.E0));
#7310=DIRECTION('',(1.E0,0.E0,0.E0));
#7311=AXIS2_PLACEMENT_3D('',#7308,#7309,#7310);
#7312=PLANE('',#7311);
#7313=ORIENTED_EDGE('',*,*,#6621,.T.);
#7314=ORIENTED_EDGE('',*,*,#7303,.T.);
#7315=ORIENTED_EDGE('',*,*,#6916,.F.);
#7317=ORIENTED_EDGE('',*,*,#7316,.T.);
#7319=ORIENTED_EDGE('',*,*,#7318,.F.);
#7321=ORIENTED_EDGE('',*,*,#7320,.F.);
#7322=EDGE_LOOP('',(#7313,#7314,#7315,#7317,#7319,#7321));
#7323=FACE_OUTER_BOUND('',#7322,.F.);
#7324=ADVANCED_FACE('',(#7323),#7312,.F.);
#7325=CARTESIAN_POINT('',(4.65E-1,1.75E-1,2.25E0));
#7326=DIRECTION('',(1.E0,0.E0,0.E0));
#7327=DIRECTION('',(0.E0,0.E0,-1.E0));
#7328=AXIS2_PLACEMENT_3D('',#7325,#7326,#7327);
#7329=PLANE('',#7328);
#7330=ORIENTED_EDGE('',*,*,#7137,.F.);
#7332=ORIENTED_EDGE('',*,*,#7331,.T.);
#7333=ORIENTED_EDGE('',*,*,#7316,.F.);
#7334=ORIENTED_EDGE('',*,*,#6914,.F.);
#7335=EDGE_LOOP('',(#7330,#7332,#7333,#7334));
#7336=FACE_OUTER_BOUND('',#7335,.F.);
#7337=ADVANCED_FACE('',(#7336),#7329,.F.);
#7338=CARTESIAN_POINT('',(0.E0,7.5E-2,0.E0));
#7339=DIRECTION('',(0.E0,1.E0,0.E0));
#7340=DIRECTION('',(1.E0,0.E0,0.E0));
#7341=AXIS2_PLACEMENT_3D('',#7338,#7339,#7340);
#7342=PLANE('',#7341);
#7343=ORIENTED_EDGE('',*,*,#7126,.F.);
#7345=ORIENTED_EDGE('',*,*,#7344,.F.);
#7347=ORIENTED_EDGE('',*,*,#7346,.F.);
#7349=ORIENTED_EDGE('',*,*,#7348,.F.);
#7351=ORIENTED_EDGE('',*,*,#7350,.F.);
#7352=EDGE_LOOP('',(#7343,#7345,#7347,#7349,#7351));
#7353=FACE_OUTER_BOUND('',#7352,.F.);
#7354=ADVANCED_FACE('',(#7353),#7342,.T.);
#7355=CARTESIAN_POINT('',(0.E0,7.5E-2,0.E0));
#7356=DIRECTION('',(0.E0,1.E0,0.E0));
#7357=DIRECTION('',(1.E0,0.E0,0.E0));
#7358=AXIS2_PLACEMENT_3D('',#7355,#7356,#7357);
#7359=PLANE('',#7358);
#7360=ORIENTED_EDGE('',*,*,#7135,.F.);
#7362=ORIENTED_EDGE('',*,*,#7361,.F.);
#7364=ORIENTED_EDGE('',*,*,#7363,.F.);
#7365=ORIENTED_EDGE('',*,*,#7318,.T.);
#7366=ORIENTED_EDGE('',*,*,#7331,.F.);
#7367=EDGE_LOOP('',(#7360,#7362,#7364,#7365,#7366));
#7368=FACE_OUTER_BOUND('',#7367,.F.);
#7369=ADVANCED_FACE('',(#7368),#7359,.T.);
#7370=CARTESIAN_POINT('',(0.E0,7.5E-2,0.E0));
#7371=DIRECTION('',(0.E0,1.E0,0.E0));
#7372=DIRECTION('',(1.E0,0.E0,0.E0));
#7373=AXIS2_PLACEMENT_3D('',#7370,#7371,#7372);
#7374=PLANE('',#7373);
#7375=ORIENTED_EDGE('',*,*,#7189,.T.);
#7377=ORIENTED_EDGE('',*,*,#7376,.F.);
#7379=ORIENTED_EDGE('',*,*,#7378,.F.);
#7381=ORIENTED_EDGE('',*,*,#7380,.F.);
#7382=EDGE_LOOP('',(#7375,#7377,#7379,#7381));
#7383=FACE_OUTER_BOUND('',#7382,.F.);
#7384=ADVANCED_FACE('',(#7383),#7374,.T.);
#7385=CARTESIAN_POINT('',(-4.65E-1,1.75E-1,2.05E0));
#7386=DIRECTION('',(-1.E0,0.E0,0.E0));
#7387=DIRECTION('',(0.E0,0.E0,1.E0));
#7388=AXIS2_PLACEMENT_3D('',#7385,#7386,#7387);
#7389=PLANE('',#7388);
#7390=ORIENTED_EDGE('',*,*,#7124,.T.);
#7391=ORIENTED_EDGE('',*,*,#6902,.F.);
#7393=ORIENTED_EDGE('',*,*,#7392,.T.);
#7394=ORIENTED_EDGE('',*,*,#7344,.T.);
#7395=EDGE_LOOP('',(#7390,#7391,#7393,#7394));
#7396=FACE_OUTER_BOUND('',#7395,.F.);
#7397=ADVANCED_FACE('',(#7396),#7389,.F.);
#7398=CARTESIAN_POINT('',(-1.45E0,-2.5E-2,2.05E0));
#7399=DIRECTION('',(0.E0,0.E0,1.E0));
#7400=DIRECTION('',(1.E0,0.E0,0.E0));
#7401=AXIS2_PLACEMENT_3D('',#7398,#7399,#7400);
#7402=PLANE('',#7401);
#7403=ORIENTED_EDGE('',*,*,#6605,.T.);
#7405=ORIENTED_EDGE('',*,*,#7404,.T.);
#7406=ORIENTED_EDGE('',*,*,#7346,.T.);
#7407=ORIENTED_EDGE('',*,*,#7392,.F.);
#7408=ORIENTED_EDGE('',*,*,#6900,.F.);
#7410=ORIENTED_EDGE('',*,*,#7409,.F.);
#7411=EDGE_LOOP('',(#7403,#7405,#7406,#7407,#7408,#7410));
#7412=FACE_OUTER_BOUND('',#7411,.F.);
#7413=ADVANCED_FACE('',(#7412),#7402,.F.);
#7414=CARTESIAN_POINT('',(-4.499999999999E-1,-2.5E-2,2.05E0));
#7415=DIRECTION('',(1.E0,0.E0,0.E0));
#7416=DIRECTION('',(0.E0,0.E0,-1.E0));
#7417=AXIS2_PLACEMENT_3D('',#7414,#7415,#7416);
#7418=PLANE('',#7417);
#7419=ORIENTED_EDGE('',*,*,#6603,.T.);
#7421=ORIENTED_EDGE('',*,*,#7420,.T.);
#7422=ORIENTED_EDGE('',*,*,#6873,.F.);
#7424=ORIENTED_EDGE('',*,*,#7423,.T.);
#7425=ORIENTED_EDGE('',*,*,#7404,.F.);
#7426=EDGE_LOOP('',(#7419,#7421,#7422,#7424,#7425));
#7427=FACE_OUTER_BOUND('',#7426,.F.);
#7428=ADVANCED_FACE('',(#7427),#7418,.F.);
#7429=CARTESIAN_POINT('',(-4.499999999999E-1,-2.5E-2,1.25E-1));
#7430=DIRECTION('',(0.E0,0.E0,-1.E0));
#7431=DIRECTION('',(-1.E0,0.E0,0.E0));
#7432=AXIS2_PLACEMENT_3D('',#7429,#7430,#7431);
#7433=PLANE('',#7432);
#7434=ORIENTED_EDGE('',*,*,#6601,.T.);
#7436=ORIENTED_EDGE('',*,*,#7435,.T.);
#7437=ORIENTED_EDGE('',*,*,#6875,.F.);
#7438=ORIENTED_EDGE('',*,*,#7420,.F.);
#7439=EDGE_LOOP('',(#7434,#7436,#7437,#7438));
#7440=FACE_OUTER_BOUND('',#7439,.F.);
#7441=ADVANCED_FACE('',(#7440),#7433,.F.);
#7442=CARTESIAN_POINT('',(-1.45E0,-2.5E-2,1.25E-1));
#7443=DIRECTION('',(-1.E0,0.E0,0.E0));
#7444=DIRECTION('',(0.E0,0.E0,1.E0));
#7445=AXIS2_PLACEMENT_3D('',#7442,#7443,#7444);
#7446=PLANE('',#7445);
#7447=ORIENTED_EDGE('',*,*,#6599,.T.);
#7449=ORIENTED_EDGE('',*,*,#7448,.T.);
#7450=ORIENTED_EDGE('',*,*,#6877,.F.);
#7451=ORIENTED_EDGE('',*,*,#7435,.F.);
#7452=EDGE_LOOP('',(#7447,#7449,#7450,#7451));
#7453=FACE_OUTER_BOUND('',#7452,.F.);
#7454=ADVANCED_FACE('',(#7453),#7446,.F.);
#7455=CARTESIAN_POINT('',(-1.45E0,-2.5E-2,5.399900000002E-1));
#7456=DIRECTION('',(0.E0,0.E0,-1.E0));
#7457=DIRECTION('',(-1.E0,0.E0,0.E0));
#7458=AXIS2_PLACEMENT_3D('',#7455,#7456,#7457);
#7459=PLANE('',#7458);
#7460=ORIENTED_EDGE('',*,*,#6597,.F.);
#7461=ORIENTED_EDGE('',*,*,#6834,.T.);
#7462=ORIENTED_EDGE('',*,*,#6879,.F.);
#7463=ORIENTED_EDGE('',*,*,#7448,.F.);
#7464=EDGE_LOOP('',(#7460,#7461,#7462,#7463));
#7465=FACE_OUTER_BOUND('',#7464,.F.);
#7466=ADVANCED_FACE('',(#7465),#7459,.F.);
#7467=CARTESIAN_POINT('',(-2.6E-1,1.75E-1,2.05E0));
#7468=DIRECTION('',(0.E0,0.E0,-1.E0));
#7469=DIRECTION('',(-1.E0,0.E0,0.E0));
#7470=AXIS2_PLACEMENT_3D('',#7467,#7468,#7469);
#7471=PLANE('',#7470);
#7472=ORIENTED_EDGE('',*,*,#7423,.F.);
#7473=ORIENTED_EDGE('',*,*,#6871,.F.);
#7475=ORIENTED_EDGE('',*,*,#7474,.T.);
#7476=ORIENTED_EDGE('',*,*,#7348,.T.);
#7477=EDGE_LOOP('',(#7472,#7473,#7475,#7476));
#7478=FACE_OUTER_BOUND('',#7477,.F.);
#7479=ADVANCED_FACE('',(#7478),#7471,.F.);
#7480=CARTESIAN_POINT('',(-2.6E-1,1.75E-1,2.25E0));
#7481=DIRECTION('',(1.E0,0.E0,0.E0));
#7482=DIRECTION('',(0.E0,0.E0,-1.E0));
#7483=AXIS2_PLACEMENT_3D('',#7480,#7481,#7482);
#7484=PLANE('',#7483);
#7485=ORIENTED_EDGE('',*,*,#7128,.F.);
#7486=ORIENTED_EDGE('',*,*,#7350,.T.);
#7487=ORIENTED_EDGE('',*,*,#7474,.F.);
#7488=ORIENTED_EDGE('',*,*,#6869,.F.);
#7489=EDGE_LOOP('',(#7485,#7486,#7487,#7488));
#7490=FACE_OUTER_BOUND('',#7489,.F.);
#7491=ADVANCED_FACE('',(#7490),#7484,.F.);
#7492=CARTESIAN_POINT('',(-1.45E0,-2.5E-2,1.78999E0));
#7493=DIRECTION('',(-1.E0,0.E0,0.E0));
#7494=DIRECTION('',(0.E0,0.E0,1.E0));
#7495=AXIS2_PLACEMENT_3D('',#7492,#7493,#7494);
#7496=PLANE('',#7495);
#7497=ORIENTED_EDGE('',*,*,#6607,.T.);
#7498=ORIENTED_EDGE('',*,*,#7409,.T.);
#7499=ORIENTED_EDGE('',*,*,#6898,.F.);
#7501=ORIENTED_EDGE('',*,*,#7500,.F.);
#7502=EDGE_LOOP('',(#7497,#7498,#7499,#7501));
#7503=FACE_OUTER_BOUND('',#7502,.F.);
#7504=ADVANCED_FACE('',(#7503),#7496,.F.);
#7505=CARTESIAN_POINT('',(-1.65E0,-2.5E-2,1.78999E0));
#7506=DIRECTION('',(0.E0,0.E0,1.E0));
#7507=DIRECTION('',(1.E0,0.E0,0.E0));
#7508=AXIS2_PLACEMENT_3D('',#7505,#7506,#7507);
#7509=PLANE('',#7508);
#7510=ORIENTED_EDGE('',*,*,#6609,.T.);
#7511=ORIENTED_EDGE('',*,*,#7500,.T.);
#7512=ORIENTED_EDGE('',*,*,#6896,.F.);
#7513=ORIENTED_EDGE('',*,*,#6816,.F.);
#7514=EDGE_LOOP('',(#7510,#7511,#7512,#7513));
#7515=FACE_OUTER_BOUND('',#7514,.F.);
#7516=ADVANCED_FACE('',(#7515),#7509,.F.);
#7517=CARTESIAN_POINT('',(2.6E-1,1.75E-1,2.05E0));
#7518=DIRECTION('',(-1.E0,0.E0,0.E0));
#7519=DIRECTION('',(0.E0,0.E0,1.E0));
#7520=AXIS2_PLACEMENT_3D('',#7517,#7518,#7519);
#7521=PLANE('',#7520);
#7522=ORIENTED_EDGE('',*,*,#7133,.T.);
#7523=ORIENTED_EDGE('',*,*,#6950,.F.);
#7525=ORIENTED_EDGE('',*,*,#7524,.T.);
#7526=ORIENTED_EDGE('',*,*,#7361,.T.);
#7527=EDGE_LOOP('',(#7522,#7523,#7525,#7526));
#7528=FACE_OUTER_BOUND('',#7527,.F.);
#7529=ADVANCED_FACE('',(#7528),#7521,.F.);
#7530=CARTESIAN_POINT('',(4.65E-1,1.75E-1,2.05E0));
#7531=DIRECTION('',(0.E0,0.E0,-1.E0));
#7532=DIRECTION('',(-1.E0,0.E0,0.E0));
#7533=AXIS2_PLACEMENT_3D('',#7530,#7531,#7532);
#7534=PLANE('',#7533);
#7536=ORIENTED_EDGE('',*,*,#7535,.T.);
#7537=ORIENTED_EDGE('',*,*,#7363,.T.);
#7538=ORIENTED_EDGE('',*,*,#7524,.F.);
#7539=ORIENTED_EDGE('',*,*,#6948,.F.);
#7540=EDGE_LOOP('',(#7536,#7537,#7538,#7539));
#7541=FACE_OUTER_BOUND('',#7540,.F.);
#7542=ADVANCED_FACE('',(#7541),#7534,.F.);
#7543=CARTESIAN_POINT('',(4.5E-1,-2.5E-2,1.25E-1));
#7544=DIRECTION('',(-1.E0,0.E0,0.E0));
#7545=DIRECTION('',(0.E0,0.E0,1.E0));
#7546=AXIS2_PLACEMENT_3D('',#7543,#7544,#7545);
#7547=PLANE('',#7546);
#7548=ORIENTED_EDGE('',*,*,#6623,.T.);
#7549=ORIENTED_EDGE('',*,*,#7320,.T.);
#7550=ORIENTED_EDGE('',*,*,#7535,.F.);
#7551=ORIENTED_EDGE('',*,*,#6946,.F.);
#7553=ORIENTED_EDGE('',*,*,#7552,.F.);
#7554=EDGE_LOOP('',(#7548,#7549,#7550,#7551,#7553));
#7555=FACE_OUTER_BOUND('',#7554,.F.);
#7556=ADVANCED_FACE('',(#7555),#7547,.F.);
#7557=CARTESIAN_POINT('',(1.45E0,-2.5E-2,1.25E-1));
#7558=DIRECTION('',(0.E0,0.E0,-1.E0));
#7559=DIRECTION('',(-1.E0,0.E0,0.E0));
#7560=AXIS2_PLACEMENT_3D('',#7557,#7558,#7559);
#7561=PLANE('',#7560);
#7562=ORIENTED_EDGE('',*,*,#6625,.T.);
#7563=ORIENTED_EDGE('',*,*,#7552,.T.);
#7564=ORIENTED_EDGE('',*,*,#6944,.F.);
#7566=ORIENTED_EDGE('',*,*,#7565,.F.);
#7567=EDGE_LOOP('',(#7562,#7563,#7564,#7566));
#7568=FACE_OUTER_BOUND('',#7567,.F.);
#7569=ADVANCED_FACE('',(#7568),#7561,.F.);
#7570=CARTESIAN_POINT('',(1.45E0,-2.5E-2,5.399900000002E-1));
#7571=DIRECTION('',(1.E0,0.E0,0.E0));
#7572=DIRECTION('',(0.E0,0.E0,-1.E0));
#7573=AXIS2_PLACEMENT_3D('',#7570,#7571,#7572);
#7574=PLANE('',#7573);
#7575=ORIENTED_EDGE('',*,*,#6627,.T.);
#7576=ORIENTED_EDGE('',*,*,#7565,.T.);
#7577=ORIENTED_EDGE('',*,*,#6942,.F.);
#7579=ORIENTED_EDGE('',*,*,#7578,.F.);
#7580=EDGE_LOOP('',(#7575,#7576,#7577,#7579));
#7581=FACE_OUTER_BOUND('',#7580,.F.);
#7582=ADVANCED_FACE('',(#7581),#7574,.F.);
#7583=CARTESIAN_POINT('',(1.65E0,-2.5E-2,5.399900000002E-1));
#7584=DIRECTION('',(0.E0,0.E0,-1.E0));
#7585=DIRECTION('',(-1.E0,0.E0,0.E0));
#7586=AXIS2_PLACEMENT_3D('',#7583,#7584,#7585);
#7587=PLANE('',#7586);
#7588=ORIENTED_EDGE('',*,*,#6629,.T.);
#7589=ORIENTED_EDGE('',*,*,#7578,.T.);
#7590=ORIENTED_EDGE('',*,*,#6940,.F.);
#7591=ORIENTED_EDGE('',*,*,#7265,.F.);
#7592=EDGE_LOOP('',(#7588,#7589,#7590,#7591));
#7593=FACE_OUTER_BOUND('',#7592,.F.);
#7594=ADVANCED_FACE('',(#7593),#7587,.F.);
#7595=CARTESIAN_POINT('',(3.87E-1,1.75E-1,-1.95E0));
#7596=DIRECTION('',(1.E0,0.E0,0.E0));
#7597=DIRECTION('',(0.E0,0.E0,-1.E0));
#7598=AXIS2_PLACEMENT_3D('',#7595,#7596,#7597);
#7599=PLANE('',#7598);
#7600=ORIENTED_EDGE('',*,*,#7187,.T.);
#7601=ORIENTED_EDGE('',*,*,#7014,.F.);
#7603=ORIENTED_EDGE('',*,*,#7602,.T.);
#7604=ORIENTED_EDGE('',*,*,#7376,.T.);
#7605=EDGE_LOOP('',(#7600,#7601,#7603,#7604));
#7606=FACE_OUTER_BOUND('',#7605,.F.);
#7607=ADVANCED_FACE('',(#7606),#7599,.F.);
#7608=CARTESIAN_POINT('',(1.25E-1,1.75E-1,-1.95E0));
#7609=DIRECTION('',(0.E0,0.E0,1.E0));
#7610=DIRECTION('',(1.E0,0.E0,0.E0));
#7611=AXIS2_PLACEMENT_3D('',#7608,#7609,#7610);
#7612=PLANE('',#7611);
#7613=ORIENTED_EDGE('',*,*,#7012,.F.);
#7615=ORIENTED_EDGE('',*,*,#7614,.T.);
#7616=ORIENTED_EDGE('',*,*,#7378,.T.);
#7617=ORIENTED_EDGE('',*,*,#7602,.F.);
#7618=EDGE_LOOP('',(#7613,#7615,#7616,#7617));
#7619=FACE_OUTER_BOUND('',#7618,.F.);
#7620=ADVANCED_FACE('',(#7619),#7612,.F.);
#7621=CARTESIAN_POINT('',(1.25E-1,1.75E-1,-2.25E0));
#7622=DIRECTION('',(-1.E0,0.E0,0.E0));
#7623=DIRECTION('',(0.E0,0.E0,1.E0));
#7624=AXIS2_PLACEMENT_3D('',#7621,#7622,#7623);
#7625=PLANE('',#7624);
#7626=ORIENTED_EDGE('',*,*,#7191,.F.);
#7627=ORIENTED_EDGE('',*,*,#7380,.T.);
#7628=ORIENTED_EDGE('',*,*,#7614,.F.);
#7629=ORIENTED_EDGE('',*,*,#7010,.F.);
#7630=EDGE_LOOP('',(#7626,#7627,#7628,#7629));
#7631=FACE_OUTER_BOUND('',#7630,.F.);
#7632=ADVANCED_FACE('',(#7631),#7625,.F.);
#7633=CARTESIAN_POINT('',(6.750000000047E-1,-2.5E-2,-1.85E0));
#7634=DIRECTION('',(-2.343424599682E-13,0.E0,1.E0));
#7635=DIRECTION('',(1.E0,0.E0,2.343424599682E-13));
#7636=AXIS2_PLACEMENT_3D('',#7633,#7634,#7635);
#7637=PLANE('',#7636);
#7638=ORIENTED_EDGE('',*,*,#6641,.F.);
#7639=ORIENTED_EDGE('',*,*,#7250,.T.);
#7640=ORIENTED_EDGE('',*,*,#6998,.F.);
#7642=ORIENTED_EDGE('',*,*,#7641,.F.);
#7643=EDGE_LOOP('',(#7638,#7639,#7640,#7642));
#7644=FACE_OUTER_BOUND('',#7643,.F.);
#7645=ADVANCED_FACE('',(#7644),#7637,.F.);
#7646=CARTESIAN_POINT('',(6.722265499113E-1,-2.5E-2,-1.897226549911E0));
#7647=DIRECTION('',(0.E0,1.E0,0.E0));
#7648=DIRECTION('',(1.E0,0.E0,0.E0));
#7649=AXIS2_PLACEMENT_3D('',#7646,#7647,#7648);
#7650=CYLINDRICAL_SURFACE('',#7649,4.730791732807E-2);
#7651=ORIENTED_EDGE('',*,*,#6643,.T.);
#7652=ORIENTED_EDGE('',*,*,#7641,.T.);
#7653=ORIENTED_EDGE('',*,*,#6996,.F.);
#7655=ORIENTED_EDGE('',*,*,#7654,.F.);
#7656=EDGE_LOOP('',(#7651,#7652,#7653,#7655));
#7657=FACE_OUTER_BOUND('',#7656,.F.);
#7658=ADVANCED_FACE('',(#7657),#7650,.F.);
#7659=CARTESIAN_POINT('',(6.250000000001E-1,-2.5E-2,-2.25E0));
#7660=DIRECTION('',(-1.E0,0.E0,0.E0));
#7661=DIRECTION('',(0.E0,0.E0,1.E0));
#7662=AXIS2_PLACEMENT_3D('',#7659,#7660,#7661);
#7663=PLANE('',#7662);
#7664=ORIENTED_EDGE('',*,*,#6645,.T.);
#7665=ORIENTED_EDGE('',*,*,#7654,.T.);
#7666=ORIENTED_EDGE('',*,*,#6994,.F.);
#7667=ORIENTED_EDGE('',*,*,#7182,.F.);
#7668=EDGE_LOOP('',(#7664,#7665,#7666,#7667));
#7669=FACE_OUTER_BOUND('',#7668,.F.);
#7670=ADVANCED_FACE('',(#7669),#7663,.F.);
#7671=CARTESIAN_POINT('',(1.65E0,-2.5E-2,-1.6E0));
#7672=DIRECTION('',(0.E0,0.E0,-1.E0));
#7673=DIRECTION('',(-1.E0,0.E0,0.E0));
#7674=AXIS2_PLACEMENT_3D('',#7671,#7672,#7673);
#7675=PLANE('',#7674);
#7676=ORIENTED_EDGE('',*,*,#6637,.T.);
#7678=ORIENTED_EDGE('',*,*,#7677,.T.);
#7679=ORIENTED_EDGE('',*,*,#6970,.F.);
#7680=ORIENTED_EDGE('',*,*,#7253,.F.);
#7681=EDGE_LOOP('',(#7676,#7678,#7679,#7680));
#7682=FACE_OUTER_BOUND('',#7681,.F.);
#7683=ADVANCED_FACE('',(#7682),#7675,.F.);
#7684=CARTESIAN_POINT('',(6.5E-1,-2.5E-2,-1.6E0));
#7685=DIRECTION('',(-1.E0,0.E0,0.E0));
#7686=DIRECTION('',(0.E0,0.E0,1.E0));
#7687=AXIS2_PLACEMENT_3D('',#7684,#7685,#7686);
#7688=PLANE('',#7687);
#7689=ORIENTED_EDGE('',*,*,#6635,.T.);
#7691=ORIENTED_EDGE('',*,*,#7690,.T.);
#7692=ORIENTED_EDGE('',*,*,#6972,.F.);
#7693=ORIENTED_EDGE('',*,*,#7677,.F.);
#7694=EDGE_LOOP('',(#7689,#7691,#7692,#7693));
#7695=FACE_OUTER_BOUND('',#7694,.F.);
#7696=ADVANCED_FACE('',(#7695),#7688,.F.);
#7697=CARTESIAN_POINT('',(6.5E-1,-2.5E-2,-8.500000000001E-1));
#7698=DIRECTION('',(0.E0,0.E0,1.E0));
#7699=DIRECTION('',(1.E0,0.E0,0.E0));
#7700=AXIS2_PLACEMENT_3D('',#7697,#7698,#7699);
#7701=PLANE('',#7700);
#7702=ORIENTED_EDGE('',*,*,#6633,.F.);
#7703=ORIENTED_EDGE('',*,*,#7262,.T.);
#7704=ORIENTED_EDGE('',*,*,#6974,.F.);
#7705=ORIENTED_EDGE('',*,*,#7690,.F.);
#7706=EDGE_LOOP('',(#7702,#7703,#7704,#7705));
#7707=FACE_OUTER_BOUND('',#7706,.F.);
#7708=ADVANCED_FACE('',(#7707),#7701,.F.);
#7709=CARTESIAN_POINT('',(1.45E0,-2.5E-2,-1.35E0));
#7710=DIRECTION('',(0.E0,0.E0,1.E0));
#7711=DIRECTION('',(1.E0,0.E0,0.E0));
#7712=AXIS2_PLACEMENT_3D('',#7709,#7710,#7711);
#7713=PLANE('',#7712);
#7714=ORIENTED_EDGE('',*,*,#6741,.F.);
#7715=ORIENTED_EDGE('',*,*,#7256,.T.);
#7716=ORIENTED_EDGE('',*,*,#6966,.F.);
#7718=ORIENTED_EDGE('',*,*,#7717,.F.);
#7719=EDGE_LOOP('',(#7714,#7715,#7716,#7718));
#7720=FACE_OUTER_BOUND('',#7719,.F.);
#7721=ADVANCED_FACE('',(#7720),#7713,.F.);
#7722=CARTESIAN_POINT('',(1.45E0,-2.5E-2,-1.1E0));
#7723=DIRECTION('',(1.E0,0.E0,0.E0));
#7724=DIRECTION('',(0.E0,0.E0,-1.E0));
#7725=AXIS2_PLACEMENT_3D('',#7722,#7723,#7724);
#7726=PLANE('',#7725);
#7727=ORIENTED_EDGE('',*,*,#6743,.T.);
#7728=ORIENTED_EDGE('',*,*,#7717,.T.);
#7729=ORIENTED_EDGE('',*,*,#6964,.F.);
#7731=ORIENTED_EDGE('',*,*,#7730,.F.);
#7732=EDGE_LOOP('',(#7727,#7728,#7729,#7731));
#7733=FACE_OUTER_BOUND('',#7732,.F.);
#7734=ADVANCED_FACE('',(#7733),#7726,.F.);
#7735=CARTESIAN_POINT('',(1.65E0,-2.5E-2,-1.1E0));
#7736=DIRECTION('',(0.E0,0.E0,-1.E0));
#7737=DIRECTION('',(-1.E0,0.E0,0.E0));
#7738=AXIS2_PLACEMENT_3D('',#7735,#7736,#7737);
#7739=PLANE('',#7738);
#7740=ORIENTED_EDGE('',*,*,#6737,.T.);
#7741=ORIENTED_EDGE('',*,*,#7730,.T.);
#7742=ORIENTED_EDGE('',*,*,#6962,.F.);
#7743=ORIENTED_EDGE('',*,*,#7259,.F.);
#7744=EDGE_LOOP('',(#7740,#7741,#7742,#7743));
#7745=FACE_OUTER_BOUND('',#7744,.F.);
#7746=ADVANCED_FACE('',(#7745),#7739,.F.);
#7747=CARTESIAN_POINT('',(1.45E0,-2.5E-2,7.899900000002E-1));
#7748=DIRECTION('',(0.E0,0.E0,1.E0));
#7749=DIRECTION('',(1.E0,0.E0,0.E0));
#7750=AXIS2_PLACEMENT_3D('',#7747,#7748,#7749);
#7751=PLANE('',#7750);
#7752=ORIENTED_EDGE('',*,*,#6725,.F.);
#7753=ORIENTED_EDGE('',*,*,#7268,.T.);
#7754=ORIENTED_EDGE('',*,*,#6936,.F.);
#7756=ORIENTED_EDGE('',*,*,#7755,.F.);
#7757=EDGE_LOOP('',(#7752,#7753,#7754,#7756));
#7758=FACE_OUTER_BOUND('',#7757,.F.);
#7759=ADVANCED_FACE('',(#7758),#7751,.F.);
#7760=CARTESIAN_POINT('',(1.45E0,-2.5E-2,1.03999E0));
#7761=DIRECTION('',(1.E0,0.E0,0.E0));
#7762=DIRECTION('',(0.E0,0.E0,-1.E0));
#7763=AXIS2_PLACEMENT_3D('',#7760,#7761,#7762);
#7764=PLANE('',#7763);
#7765=ORIENTED_EDGE('',*,*,#6727,.T.);
#7766=ORIENTED_EDGE('',*,*,#7755,.T.);
#7767=ORIENTED_EDGE('',*,*,#6934,.F.);
#7769=ORIENTED_EDGE('',*,*,#7768,.F.);
#7770=EDGE_LOOP('',(#7765,#7766,#7767,#7769));
#7771=FACE_OUTER_BOUND('',#7770,.F.);
#7772=ADVANCED_FACE('',(#7771),#7764,.F.);
#7773=CARTESIAN_POINT('',(1.65E0,-2.5E-2,1.03999E0));
#7774=DIRECTION('',(0.E0,0.E0,-1.E0));
#7775=DIRECTION('',(-1.E0,0.E0,0.E0));
#7776=AXIS2_PLACEMENT_3D('',#7773,#7774,#7775);
#7777=PLANE('',#7776);
#7778=ORIENTED_EDGE('',*,*,#6721,.T.);
#7779=ORIENTED_EDGE('',*,*,#7768,.T.);
#7780=ORIENTED_EDGE('',*,*,#6932,.F.);
#7781=ORIENTED_EDGE('',*,*,#7271,.F.);
#7782=EDGE_LOOP('',(#7778,#7779,#7780,#7781));
#7783=FACE_OUTER_BOUND('',#7782,.F.);
#7784=ADVANCED_FACE('',(#7783),#7777,.F.);
#7785=CARTESIAN_POINT('',(1.45E0,-2.5E-2,1.28999E0));
#7786=DIRECTION('',(0.E0,0.E0,1.E0));
#7787=DIRECTION('',(1.E0,0.E0,0.E0));
#7788=AXIS2_PLACEMENT_3D('',#7785,#7786,#7787);
#7789=PLANE('',#7788);
#7790=ORIENTED_EDGE('',*,*,#6709,.F.);
#7791=ORIENTED_EDGE('',*,*,#7274,.T.);
#7792=ORIENTED_EDGE('',*,*,#6928,.F.);
#7794=ORIENTED_EDGE('',*,*,#7793,.F.);
#7795=EDGE_LOOP('',(#7790,#7791,#7792,#7794));
#7796=FACE_OUTER_BOUND('',#7795,.F.);
#7797=ADVANCED_FACE('',(#7796),#7789,.F.);
#7798=CARTESIAN_POINT('',(1.45E0,-2.5E-2,1.53999E0));
#7799=DIRECTION('',(1.E0,0.E0,0.E0));
#7800=DIRECTION('',(0.E0,0.E0,-1.E0));
#7801=AXIS2_PLACEMENT_3D('',#7798,#7799,#7800);
#7802=PLANE('',#7801);
#7803=ORIENTED_EDGE('',*,*,#6711,.T.);
#7804=ORIENTED_EDGE('',*,*,#7793,.T.);
#7805=ORIENTED_EDGE('',*,*,#6926,.F.);
#7807=ORIENTED_EDGE('',*,*,#7806,.F.);
#7808=EDGE_LOOP('',(#7803,#7804,#7805,#7807));
#7809=FACE_OUTER_BOUND('',#7808,.F.);
#7810=ADVANCED_FACE('',(#7809),#7802,.F.);
#7811=CARTESIAN_POINT('',(1.65E0,-2.5E-2,1.53999E0));
#7812=DIRECTION('',(0.E0,0.E0,-1.E0));
#7813=DIRECTION('',(-1.E0,0.E0,0.E0));
#7814=AXIS2_PLACEMENT_3D('',#7811,#7812,#7813);
#7815=PLANE('',#7814);
#7816=ORIENTED_EDGE('',*,*,#6705,.T.);
#7817=ORIENTED_EDGE('',*,*,#7806,.T.);
#7818=ORIENTED_EDGE('',*,*,#6924,.F.);
#7819=ORIENTED_EDGE('',*,*,#7277,.F.);
#7820=EDGE_LOOP('',(#7816,#7817,#7818,#7819));
#7821=FACE_OUTER_BOUND('',#7820,.F.);
#7822=ADVANCED_FACE('',(#7821),#7815,.F.);
#7823=CARTESIAN_POINT('',(-9.749899999999E-1,-2.5E-2,-2.25E0));
#7824=DIRECTION('',(-1.E0,0.E0,0.E0));
#7825=DIRECTION('',(0.E0,0.E0,1.E0));
#7826=AXIS2_PLACEMENT_3D('',#7823,#7824,#7825);
#7827=PLANE('',#7826);
#7828=ORIENTED_EDGE('',*,*,#6771,.T.);
#7830=ORIENTED_EDGE('',*,*,#7829,.T.);
#7831=ORIENTED_EDGE('',*,*,#7042,.F.);
#7832=ORIENTED_EDGE('',*,*,#7170,.F.);
#7833=EDGE_LOOP('',(#7828,#7830,#7831,#7832));
#7834=FACE_OUTER_BOUND('',#7833,.F.);
#7835=ADVANCED_FACE('',(#7834),#7827,.F.);
#7836=CARTESIAN_POINT('',(-1.02499E0,-2.5E-2,-2.15E0));
#7837=DIRECTION('',(0.E0,1.E0,0.E0));
#7838=DIRECTION('',(1.E0,0.E0,0.E0));
#7839=AXIS2_PLACEMENT_3D('',#7836,#7837,#7838);
#7840=CYLINDRICAL_SURFACE('',#7839,5.E-2);
#7841=ORIENTED_EDGE('',*,*,#6779,.F.);
#7843=ORIENTED_EDGE('',*,*,#7842,.T.);
#7844=ORIENTED_EDGE('',*,*,#7044,.F.);
#7845=ORIENTED_EDGE('',*,*,#7829,.F.);
#7846=EDGE_LOOP('',(#7841,#7843,#7844,#7845));
#7847=FACE_OUTER_BOUND('',#7846,.F.);
#7848=ADVANCED_FACE('',(#7847),#7840,.T.);
#7849=CARTESIAN_POINT('',(-1.02499E0,-2.5E-2,-2.1E0));
#7850=DIRECTION('',(7.389526219486E-14,0.E0,-1.E0));
#7851=DIRECTION('',(-1.E0,0.E0,-7.389526219486E-14));
#7852=AXIS2_PLACEMENT_3D('',#7849,#7850,#7851);
#7853=PLANE('',#7852);
#7854=ORIENTED_EDGE('',*,*,#6777,.F.);
#7855=ORIENTED_EDGE('',*,*,#6806,.T.);
#7856=ORIENTED_EDGE('',*,*,#7046,.F.);
#7857=ORIENTED_EDGE('',*,*,#7842,.F.);
#7858=EDGE_LOOP('',(#7854,#7855,#7856,#7857));
#7859=FACE_OUTER_BOUND('',#7858,.F.);
#7860=ADVANCED_FACE('',(#7859),#7853,.F.);
#7861=CARTESIAN_POINT('',(-6.25E-1,-2.5E-2,-1.9E0));
#7862=DIRECTION('',(1.E0,0.E0,0.E0));
#7863=DIRECTION('',(0.E0,0.E0,-1.E0));
#7864=AXIS2_PLACEMENT_3D('',#7861,#7862,#7863);
#7865=PLANE('',#7864);
#7866=ORIENTED_EDGE('',*,*,#6657,.F.);
#7867=ORIENTED_EDGE('',*,*,#7173,.T.);
#7868=ORIENTED_EDGE('',*,*,#7053,.F.);
#7870=ORIENTED_EDGE('',*,*,#7869,.F.);
#7871=EDGE_LOOP('',(#7866,#7867,#7868,#7870));
#7872=FACE_OUTER_BOUND('',#7871,.F.);
#7873=ADVANCED_FACE('',(#7872),#7865,.F.);
#7874=CARTESIAN_POINT('',(-6.75E-1,-2.5E-2,-1.9E0));
#7875=DIRECTION('',(0.E0,1.E0,0.E0));
#7876=DIRECTION('',(1.E0,0.E0,0.E0));
#7877=AXIS2_PLACEMENT_3D('',#7874,#7875,#7876);
#7878=CYLINDRICAL_SURFACE('',#7877,5.000000000001E-2);
#7879=ORIENTED_EDGE('',*,*,#6659,.T.);
#7880=ORIENTED_EDGE('',*,*,#7869,.T.);
#7881=ORIENTED_EDGE('',*,*,#7051,.F.);
#7883=ORIENTED_EDGE('',*,*,#7882,.F.);
#7884=EDGE_LOOP('',(#7879,#7880,#7881,#7883));
#7885=FACE_OUTER_BOUND('',#7884,.F.);
#7886=ADVANCED_FACE('',(#7885),#7878,.F.);
#7887=CARTESIAN_POINT('',(-1.65E0,-2.5E-2,-1.85E0));
#7888=DIRECTION('',(0.E0,0.E0,1.E0));
#7889=DIRECTION('',(1.E0,0.E0,0.E0));
#7890=AXIS2_PLACEMENT_3D('',#7887,#7888,#7889);
#7891=PLANE('',#7890);
#7892=ORIENTED_EDGE('',*,*,#6661,.T.);
#7893=ORIENTED_EDGE('',*,*,#7882,.T.);
#7894=ORIENTED_EDGE('',*,*,#7049,.F.);
#7895=ORIENTED_EDGE('',*,*,#6857,.F.);
#7896=EDGE_LOOP('',(#7892,#7893,#7894,#7895));
#7897=FACE_OUTER_BOUND('',#7896,.F.);
#7898=ADVANCED_FACE('',(#7897),#7891,.F.);
#7899=CARTESIAN_POINT('',(-3.75E-1,-2.5E-2,-2.25E0));
#7900=DIRECTION('',(-9.999999628238E-1,0.E0,2.726763695256E-4));
#7901=DIRECTION('',(2.726763695256E-4,0.E0,9.999999628238E-1));
#7902=AXIS2_PLACEMENT_3D('',#7899,#7900,#7901);
#7903=PLANE('',#7902);
#7904=ORIENTED_EDGE('',*,*,#6653,.T.);
#7906=ORIENTED_EDGE('',*,*,#7905,.T.);
#7907=ORIENTED_EDGE('',*,*,#7026,.F.);
#7908=ORIENTED_EDGE('',*,*,#7176,.F.);
#7909=EDGE_LOOP('',(#7904,#7906,#7907,#7908));
#7910=FACE_OUTER_BOUND('',#7909,.F.);
#7911=ADVANCED_FACE('',(#7910),#7903,.F.);
#7912=CARTESIAN_POINT('',(-2.249999999999E-1,-2.5E-2,-2.0525E0));
#7913=DIRECTION('',(0.E0,1.E0,0.E0));
#7914=DIRECTION('',(1.E0,0.E0,0.E0));
#7915=AXIS2_PLACEMENT_3D('',#7912,#7913,#7914);
#7916=CYLINDRICAL_SURFACE('',#7915,1.524305563785E-1);
#7917=ORIENTED_EDGE('',*,*,#6651,.T.);
#7919=ORIENTED_EDGE('',*,*,#7918,.T.);
#7920=ORIENTED_EDGE('',*,*,#7028,.F.);
#7921=ORIENTED_EDGE('',*,*,#7905,.F.);
#7922=EDGE_LOOP('',(#7917,#7919,#7920,#7921));
#7923=FACE_OUTER_BOUND('',#7922,.F.);
#7924=ADVANCED_FACE('',(#7923),#7916,.F.);
#7925=CARTESIAN_POINT('',(-7.499999999993E-2,-2.5E-2,-2.025387742295E0));
#7926=DIRECTION('',(1.E0,0.E0,0.E0));
#7927=DIRECTION('',(0.E0,0.E0,-1.E0));
#7928=AXIS2_PLACEMENT_3D('',#7925,#7926,#7927);
#7929=PLANE('',#7928);
#7930=ORIENTED_EDGE('',*,*,#6649,.F.);
#7931=ORIENTED_EDGE('',*,*,#7179,.T.);
#7932=ORIENTED_EDGE('',*,*,#7030,.F.);
#7933=ORIENTED_EDGE('',*,*,#7918,.F.);
#7934=EDGE_LOOP('',(#7930,#7931,#7932,#7933));
#7935=FACE_OUTER_BOUND('',#7934,.F.);
#7936=ADVANCED_FACE('',(#7935),#7929,.F.);
#7937=CARTESIAN_POINT('',(-1.65E0,-2.5E-2,7.899900000002E-1));
#7938=DIRECTION('',(0.E0,0.E0,1.E0));
#7939=DIRECTION('',(1.E0,0.E0,0.E0));
#7940=AXIS2_PLACEMENT_3D('',#7937,#7938,#7939);
#7941=PLANE('',#7940);
#7942=ORIENTED_EDGE('',*,*,#6673,.T.);
#7944=ORIENTED_EDGE('',*,*,#7943,.T.);
#7945=ORIENTED_EDGE('',*,*,#6882,.F.);
#7946=ORIENTED_EDGE('',*,*,#6830,.F.);
#7947=EDGE_LOOP('',(#7942,#7944,#7945,#7946));
#7948=FACE_OUTER_BOUND('',#7947,.F.);
#7949=ADVANCED_FACE('',(#7948),#7941,.F.);
#7950=CARTESIAN_POINT('',(-1.45E0,-2.5E-2,7.899900000002E-1));
#7951=DIRECTION('',(-1.E0,0.E0,0.E0));
#7952=DIRECTION('',(0.E0,0.E0,1.E0));
#7953=AXIS2_PLACEMENT_3D('',#7950,#7951,#7952);
#7954=PLANE('',#7953);
#7955=ORIENTED_EDGE('',*,*,#6679,.T.);
#7957=ORIENTED_EDGE('',*,*,#7956,.T.);
#7958=ORIENTED_EDGE('',*,*,#6884,.F.);
#7959=ORIENTED_EDGE('',*,*,#7943,.F.);
#7960=EDGE_LOOP('',(#7955,#7957,#7958,#7959));
#7961=FACE_OUTER_BOUND('',#7960,.F.);
#7962=ADVANCED_FACE('',(#7961),#7954,.F.);
#7963=CARTESIAN_POINT('',(-1.45E0,-2.5E-2,1.03999E0));
#7964=DIRECTION('',(0.E0,0.E0,-1.E0));
#7965=DIRECTION('',(-1.E0,0.E0,0.E0));
#7966=AXIS2_PLACEMENT_3D('',#7963,#7964,#7965);
#7967=PLANE('',#7966);
#7968=ORIENTED_EDGE('',*,*,#6677,.F.);
#7969=ORIENTED_EDGE('',*,*,#6827,.T.);
#7970=ORIENTED_EDGE('',*,*,#6886,.F.);
#7971=ORIENTED_EDGE('',*,*,#7956,.F.);
#7972=EDGE_LOOP('',(#7968,#7969,#7970,#7971));
#7973=FACE_OUTER_BOUND('',#7972,.F.);
#7974=ADVANCED_FACE('',(#7973),#7967,.F.);
#7975=CARTESIAN_POINT('',(-1.65E0,-2.5E-2,1.28999E0));
#7976=DIRECTION('',(0.E0,0.E0,1.E0));
#7977=DIRECTION('',(1.E0,0.E0,0.E0));
#7978=AXIS2_PLACEMENT_3D('',#7975,#7976,#7977);
#7979=PLANE('',#7978);
#7980=ORIENTED_EDGE('',*,*,#6689,.T.);
#7982=ORIENTED_EDGE('',*,*,#7981,.T.);
#7983=ORIENTED_EDGE('',*,*,#6889,.F.);
#7984=ORIENTED_EDGE('',*,*,#6823,.F.);
#7985=EDGE_LOOP('',(#7980,#7982,#7983,#7984));
#7986=FACE_OUTER_BOUND('',#7985,.F.);
#7987=ADVANCED_FACE('',(#7986),#7979,.F.);
#7988=CARTESIAN_POINT('',(-1.45E0,-2.5E-2,1.28999E0));
#7989=DIRECTION('',(-1.E0,0.E0,0.E0));
#7990=DIRECTION('',(0.E0,0.E0,1.E0));
#7991=AXIS2_PLACEMENT_3D('',#7988,#7989,#7990);
#7992=PLANE('',#7991);
#7993=ORIENTED_EDGE('',*,*,#6695,.T.);
#7995=ORIENTED_EDGE('',*,*,#7994,.T.);
#7996=ORIENTED_EDGE('',*,*,#6891,.F.);
#7997=ORIENTED_EDGE('',*,*,#7981,.F.);
#7998=EDGE_LOOP('',(#7993,#7995,#7996,#7997));
#7999=FACE_OUTER_BOUND('',#7998,.F.);
#8000=ADVANCED_FACE('',(#7999),#7992,.F.);
#8001=CARTESIAN_POINT('',(-1.45E0,-2.5E-2,1.53999E0));
#8002=DIRECTION('',(0.E0,0.E0,-1.E0));
#8003=DIRECTION('',(-1.E0,0.E0,0.E0));
#8004=AXIS2_PLACEMENT_3D('',#8001,#8002,#8003);
#8005=PLANE('',#8004);
#8006=ORIENTED_EDGE('',*,*,#6693,.F.);
#8007=ORIENTED_EDGE('',*,*,#6820,.T.);
#8008=ORIENTED_EDGE('',*,*,#6893,.F.);
#8009=ORIENTED_EDGE('',*,*,#7994,.F.);
#8010=EDGE_LOOP('',(#8006,#8007,#8008,#8009));
#8011=FACE_OUTER_BOUND('',#8010,.F.);
#8012=ADVANCED_FACE('',(#8011),#8005,.F.);
#8013=CARTESIAN_POINT('',(-1.65E0,-2.5E-2,-1.35E0));
#8014=DIRECTION('',(0.E0,0.E0,1.E0));
#8015=DIRECTION('',(1.E0,0.E0,0.E0));
#8016=AXIS2_PLACEMENT_3D('',#8013,#8014,#8015);
#8017=PLANE('',#8016);
#8018=ORIENTED_EDGE('',*,*,#6571,.T.);
#8020=ORIENTED_EDGE('',*,*,#8019,.T.);
#8021=ORIENTED_EDGE('',*,*,#7064,.F.);
#8022=ORIENTED_EDGE('',*,*,#6851,.F.);
#8023=EDGE_LOOP('',(#8018,#8020,#8021,#8022));
#8024=FACE_OUTER_BOUND('',#8023,.F.);
#8025=ADVANCED_FACE('',(#8024),#8017,.F.);
#8026=CARTESIAN_POINT('',(-1.05E0,-2.5E-2,-1.35E0));
#8027=DIRECTION('',(1.E0,0.E0,0.E0));
#8028=DIRECTION('',(0.E0,0.E0,-1.E0));
#8029=AXIS2_PLACEMENT_3D('',#8026,#8027,#8028);
#8030=PLANE('',#8029);
#8031=ORIENTED_EDGE('',*,*,#6569,.T.);
#8033=ORIENTED_EDGE('',*,*,#8032,.T.);
#8034=ORIENTED_EDGE('',*,*,#7066,.F.);
#8035=ORIENTED_EDGE('',*,*,#8019,.F.);
#8036=EDGE_LOOP('',(#8031,#8033,#8034,#8035));
#8037=FACE_OUTER_BOUND('',#8036,.F.);
#8038=ADVANCED_FACE('',(#8037),#8030,.F.);
#8039=CARTESIAN_POINT('',(-1.05E0,-2.5E-2,-1.48E0));
#8040=DIRECTION('',(7.071067811865E-1,0.E0,-7.071067811865E-1));
#8041=DIRECTION('',(-7.071067811865E-1,0.E0,-7.071067811865E-1));
#8042=AXIS2_PLACEMENT_3D('',#8039,#8040,#8041);
#8043=PLANE('',#8042);
#8044=ORIENTED_EDGE('',*,*,#6567,.T.);
#8045=ORIENTED_EDGE('',*,*,#6794,.T.);
#8046=ORIENTED_EDGE('',*,*,#7068,.F.);
#8047=ORIENTED_EDGE('',*,*,#8032,.F.);
#8048=EDGE_LOOP('',(#8044,#8045,#8046,#8047));
#8049=FACE_OUTER_BOUND('',#8048,.F.);
#8050=ADVANCED_FACE('',(#8049),#8043,.F.);
#8051=CARTESIAN_POINT('',(-1.65E0,-2.5E-2,-8.500000000001E-1));
#8052=DIRECTION('',(0.E0,0.E0,1.E0));
#8053=DIRECTION('',(1.E0,0.E0,0.E0));
#8054=AXIS2_PLACEMENT_3D('',#8051,#8052,#8053);
#8055=PLANE('',#8054);
#8056=ORIENTED_EDGE('',*,*,#6579,.T.);
#8058=ORIENTED_EDGE('',*,*,#8057,.T.);
#8059=ORIENTED_EDGE('',*,*,#7080,.F.);
#8060=ORIENTED_EDGE('',*,*,#6844,.F.);
#8061=EDGE_LOOP('',(#8056,#8058,#8059,#8060));
#8062=FACE_OUTER_BOUND('',#8061,.F.);
#8063=ADVANCED_FACE('',(#8062),#8055,.F.);
#8064=CARTESIAN_POINT('',(-1.05E0,-2.5E-2,-8.500000000001E-1));
#8065=DIRECTION('',(1.E0,0.E0,0.E0));
#8066=DIRECTION('',(0.E0,0.E0,-1.E0));
#8067=AXIS2_PLACEMENT_3D('',#8064,#8065,#8066);
#8068=PLANE('',#8067);
#8069=ORIENTED_EDGE('',*,*,#6577,.T.);
#8071=ORIENTED_EDGE('',*,*,#8070,.T.);
#8072=ORIENTED_EDGE('',*,*,#7082,.F.);
#8073=ORIENTED_EDGE('',*,*,#8057,.F.);
#8074=EDGE_LOOP('',(#8069,#8071,#8072,#8073));
#8075=FACE_OUTER_BOUND('',#8074,.F.);
#8076=ADVANCED_FACE('',(#8075),#8068,.F.);
#8077=CARTESIAN_POINT('',(-1.05E0,-2.5E-2,-1.1E0));
#8078=DIRECTION('',(0.E0,0.E0,-1.E0));
#8079=DIRECTION('',(-1.E0,0.E0,0.E0));
#8080=AXIS2_PLACEMENT_3D('',#8077,#8078,#8079);
#8081=PLANE('',#8080);
#8082=ORIENTED_EDGE('',*,*,#6575,.F.);
#8083=ORIENTED_EDGE('',*,*,#6848,.T.);
#8084=ORIENTED_EDGE('',*,*,#7084,.F.);
#8085=ORIENTED_EDGE('',*,*,#8070,.F.);
#8086=EDGE_LOOP('',(#8082,#8083,#8084,#8085));
#8087=FACE_OUTER_BOUND('',#8086,.F.);
#8088=ADVANCED_FACE('',(#8087),#8081,.F.);
#8089=CARTESIAN_POINT('',(-1.65E0,-2.5E-2,-3.249999999998E-1));
#8090=DIRECTION('',(0.E0,0.E0,1.E0));
#8091=DIRECTION('',(1.E0,0.E0,0.E0));
#8092=AXIS2_PLACEMENT_3D('',#8089,#8090,#8091);
#8093=PLANE('',#8092);
#8094=ORIENTED_EDGE('',*,*,#6593,.T.);
#8096=ORIENTED_EDGE('',*,*,#8095,.T.);
#8097=ORIENTED_EDGE('',*,*,#7095,.F.);
#8098=ORIENTED_EDGE('',*,*,#6837,.F.);
#8099=EDGE_LOOP('',(#8094,#8096,#8097,#8098));
#8100=FACE_OUTER_BOUND('',#8099,.F.);
#8101=ADVANCED_FACE('',(#8100),#8093,.F.);
#8102=CARTESIAN_POINT('',(-1.25E-1,-2.5E-2,-3.249999999998E-1));
#8103=DIRECTION('',(1.E0,0.E0,8.597944159570E-14));
#8104=DIRECTION('',(8.597944159570E-14,0.E0,-1.E0));
#8105=AXIS2_PLACEMENT_3D('',#8102,#8103,#8104);
#8106=PLANE('',#8105);
#8107=ORIENTED_EDGE('',*,*,#6591,.T.);
#8109=ORIENTED_EDGE('',*,*,#8108,.T.);
#8110=ORIENTED_EDGE('',*,*,#7097,.F.);
#8111=ORIENTED_EDGE('',*,*,#8095,.F.);
#8112=EDGE_LOOP('',(#8107,#8109,#8110,#8111));
#8113=FACE_OUTER_BOUND('',#8112,.F.);
#8114=ADVANCED_FACE('',(#8113),#8106,.F.);
#8115=CARTESIAN_POINT('',(-1.249999999999E-1,-2.5E-2,-1.65E0));
#8116=DIRECTION('',(0.E0,0.E0,-1.E0));
#8117=DIRECTION('',(-1.E0,0.E0,0.E0));
#8118=AXIS2_PLACEMENT_3D('',#8115,#8116,#8117);
#8119=PLANE('',#8118);
#8120=ORIENTED_EDGE('',*,*,#6589,.T.);
#8122=ORIENTED_EDGE('',*,*,#8121,.T.);
#8123=ORIENTED_EDGE('',*,*,#7099,.F.);
#8124=ORIENTED_EDGE('',*,*,#8108,.F.);
#8125=EDGE_LOOP('',(#8120,#8122,#8123,#8124));
#8126=FACE_OUTER_BOUND('',#8125,.F.);
#8127=ADVANCED_FACE('',(#8126),#8119,.F.);
#8128=CARTESIAN_POINT('',(-3.749999999999E-1,-2.5E-2,-1.65E0));
#8129=DIRECTION('',(-1.E0,0.E0,0.E0));
#8130=DIRECTION('',(0.E0,0.E0,1.E0));
#8131=AXIS2_PLACEMENT_3D('',#8128,#8129,#8130);
#8132=PLANE('',#8131);
#8133=ORIENTED_EDGE('',*,*,#6587,.T.);
#8135=ORIENTED_EDGE('',*,*,#8134,.T.);
#8136=ORIENTED_EDGE('',*,*,#7101,.F.);
#8137=ORIENTED_EDGE('',*,*,#8121,.F.);
#8138=EDGE_LOOP('',(#8133,#8135,#8136,#8137));
#8139=FACE_OUTER_BOUND('',#8138,.F.);
#8140=ADVANCED_FACE('',(#8139),#8132,.F.);
#8141=CARTESIAN_POINT('',(-3.749999999999E-1,-2.5E-2,-8.000930584208E-1));
#8142=DIRECTION('',(-7.071067811863E-1,0.E0,-7.071067811867E-1));
#8143=DIRECTION('',(-7.071067811867E-1,0.E0,7.071067811863E-1));
#8144=AXIS2_PLACEMENT_3D('',#8141,#8142,#8143);
#8145=PLANE('',#8144);
#8146=ORIENTED_EDGE('',*,*,#6585,.T.);
#8148=ORIENTED_EDGE('',*,*,#8147,.T.);
#8149=ORIENTED_EDGE('',*,*,#7103,.F.);
#8150=ORIENTED_EDGE('',*,*,#8134,.F.);
#8151=EDGE_LOOP('',(#8146,#8148,#8149,#8150));
#8152=FACE_OUTER_BOUND('',#8151,.F.);
#8153=ADVANCED_FACE('',(#8152),#8145,.F.);
#8154=CARTESIAN_POINT('',(-5.750930584206E-1,-2.5E-2,-6.000000000001E-1));
#8155=DIRECTION('',(0.E0,0.E0,-1.E0));
#8156=DIRECTION('',(-1.E0,0.E0,0.E0));
#8157=AXIS2_PLACEMENT_3D('',#8154,#8155,#8156);
#8158=PLANE('',#8157);
#8159=ORIENTED_EDGE('',*,*,#6583,.F.);
#8160=ORIENTED_EDGE('',*,*,#6841,.T.);
#8161=ORIENTED_EDGE('',*,*,#7105,.F.);
#8162=ORIENTED_EDGE('',*,*,#8147,.F.);
#8163=EDGE_LOOP('',(#8159,#8160,#8161,#8162));
#8164=FACE_OUTER_BOUND('',#8163,.F.);
#8165=ADVANCED_FACE('',(#8164),#8158,.F.);
#8166=CLOSED_SHELL('',(#6667,#6683,#6699,#6715,#6731,#6747,#6765,#6783,#6798,
#6861,#6906,#6954,#6978,#7002,#7018,#7034,#7057,#7073,#7088,#7109,#7141,#7155,
#7195,#7208,#7221,#7234,#7281,#7294,#7307,#7324,#7337,#7354,#7369,#7384,#7397,
#7413,#7428,#7441,#7454,#7466,#7479,#7491,#7504,#7516,#7529,#7542,#7556,#7569,
#7582,#7594,#7607,#7620,#7632,#7645,#7658,#7670,#7683,#7696,#7708,#7721,#7734,
#7746,#7759,#7772,#7784,#7797,#7810,#7822,#7835,#7848,#7860,#7873,#7886,#7898,
#7911,#7924,#7936,#7949,#7962,#7974,#7987,#8000,#8012,#8025,#8038,#8050,#8063,
#8076,#8088,#8101,#8114,#8127,#8140,#8153,#8165));
#8167=MANIFOLD_SOLID_BREP('',#8166);
#8168=FILL_AREA_STYLE_COLOUR('',#3);
#8169=FILL_AREA_STYLE('',(#8168));
#8170=SURFACE_STYLE_FILL_AREA(#8169);
#8171=SURFACE_SIDE_STYLE('',(#8170));
#8172=SURFACE_STYLE_USAGE(.BOTH.,#8171);
#8173=PRESENTATION_STYLE_ASSIGNMENT((#8172));
#4217=STYLED_ITEM('',(#8173),#8167);
#8175=DIMENSIONAL_EXPONENTS(0.E0,0.E0,0.E0,0.E0,0.E0,0.E0,0.E0);
#8177=PLANE_ANGLE_MEASURE_WITH_UNIT(PLANE_ANGLE_MEASURE(1.745329251994E-2),
#8176);
#8178=(CONVERSION_BASED_UNIT('DEGREE',#8177)NAMED_UNIT(*)PLANE_ANGLE_UNIT());
#8180=UNCERTAINTY_MEASURE_WITH_UNIT(LENGTH_MEASURE(5.944718046850E-4),#8174,
'closure',
'Maximum model space distance between geometric entities at asserted connectivities');
#8181=(GEOMETRIC_REPRESENTATION_CONTEXT(3)GLOBAL_UNCERTAINTY_ASSIGNED_CONTEXT((
#8180))GLOBAL_UNIT_ASSIGNED_CONTEXT((#8174,#8178,#8179))REPRESENTATION_CONTEXT(
'ID2','3'));
#8182=CARTESIAN_POINT('',(0.E0,0.E0,0.E0));
#8183=DIRECTION('',(0.E0,0.E0,1.E0));
#8184=DIRECTION('',(1.E0,0.E0,0.E0));
#8187=MECHANICAL_CONTEXT('',#4196,'mechanical');
#8188=PRODUCT('RCJ0009A_MOLD','RCJ0009A_MOLD','NOT SPECIFIED',(#8187));
#8189=PRODUCT_DEFINITION_FORMATION_WITH_SPECIFIED_SOURCE('5','LAST_VERSION',
#8188,.MADE.);
#8195=CARTESIAN_POINT('',(0.E0,0.E0,2.5E-2));
#8196=DIRECTION('',(0.E0,-1.E0,0.E0));
#8197=DIRECTION('',(1.E0,0.E0,0.E0));
#8198=AXIS2_PLACEMENT_3D('',#8195,#8196,#8197);
#8199=ITEM_DEFINED_TRANSFORMATION('','',#8185,#8198);
#8200=(REPRESENTATION_RELATIONSHIP('','',#8186,#4207)REPRESENTATION_RELATIONSHIP_WITH_TRANSFORMATION(#8199)SHAPE_REPRESENTATION_RELATIONSHIP());
#8201=CONTEXT_DEPENDENT_SHAPE_REPRESENTATION(#8200,#8194);
#8203=DIMENSIONAL_EXPONENTS(0.E0,0.E0,0.E0,0.E0,0.E0,0.E0,0.E0);
#8205=PLANE_ANGLE_MEASURE_WITH_UNIT(PLANE_ANGLE_MEASURE(1.745329251994E-2),
#8204);
#8206=(CONVERSION_BASED_UNIT('DEGREE',#8205)NAMED_UNIT(*)PLANE_ANGLE_UNIT());
#8208=UNCERTAINTY_MEASURE_WITH_UNIT(LENGTH_MEASURE(5.944718046850E-4),#8202,
'closure',
'Maximum model space distance between geometric entities at asserted connectivities');
#8209=(GEOMETRIC_REPRESENTATION_CONTEXT(3)GLOBAL_UNCERTAINTY_ASSIGNED_CONTEXT((
#8208))GLOBAL_UNIT_ASSIGNED_CONTEXT((#8202,#8206,#8207))REPRESENTATION_CONTEXT(
'ID3','3'));
#8210=CARTESIAN_POINT('',(0.E0,0.E0,0.E0));
#8211=DIRECTION('',(0.E0,0.E0,1.E0));
#8212=DIRECTION('',(1.E0,0.E0,0.E0));
#8214=MECHANICAL_DESIGN_GEOMETRIC_PRESENTATION_REPRESENTATION('',(#36,#43,#50,
#57,#64,#71,#78,#85,#92,#99,#106,#113,#120,#127,#134,#254,#28,#283,#290,#297,
#304,#311,#318,#325,#332,#339,#346,#353,#360,#455,#276,#483,#490,#497,#504,#511,
#518,#525,#532,#539,#546,#553,#560,#567,#574,#581,#588,#595,#602,#609,#616,#623,
#778,#476,#809,#816,#823,#830,#837,#844,#851,#858,#865,#872,#879,#886,#893,#900,
#907,#914,#921,#928,#935,#942,#949,#956,#963,#970,#977,#984,#991,#998,#1005,
#1012,#1019,#1026,#1033,#1040,#1047,#1054,#1061,#1068,#1075,#1082,#1089,#1096,
#1103,#1110,#1117,#1124,#1131,#1138,#1145,#1152,#1159,#1166,#1173,#1180,#1187,
#1194,#1201,#1208,#1215,#1222,#1229,#1236,#1553,#1573,#1632,#1691,#802,#1732,
#1739,#1746,#1753,#1760,#1767,#1774,#1781,#1788,#1795,#1802,#1809,#1816,#1823,
#1830,#1837,#1844,#1851,#1858,#1865,#1872,#1879,#1886,#1893,#1900,#1907,#1914,
#1921,#1928,#1935,#1942,#1949,#1956,#1963,#1970,#1977,#1984,#1991,#1998,#2005,
#2012,#2019,#2026,#2033,#2040,#2047,#2054,#2061,#2068,#2075,#2082,#2089,#2096,
#2103,#2110,#2117,#2124,#2131,#2138,#2145,#2152,#2159,#2464,#2496,#2555,#2614,
#1725,#2655,#2662,#2669,#2676,#2683,#2690,#2697,#2704,#2711,#2718,#2725,#2732,
#2739,#2746,#2753,#2760,#2767,#2774,#2781,#2788,#2795,#2802,#2809,#2816,#2908,
#2976,#2648,#3031,#3038,#3045,#3052,#3059,#3066,#3073,#3080,#3088,#3095,#3102,
#3109,#3191,#3023,#3232,#3239,#3247,#3254,#3261,#3268,#3276,#3283,#3290,#3297,
#3304,#3311,#3318,#3326,#3333,#3340,#3347,#3355,#3362,#3369,#3376,#3383,#3390,
#3397,#3452,#3570,#3225,#3611,#3618,#3626,#3633,#3640,#3647,#3655,#3662,#3669,
#3676,#3683,#3690,#3697,#3705,#3712,#3719,#3726,#3734,#3741,#3748,#3755,#3762,
#3769,#3776,#3831,#3949,#3604,#3990,#3997,#4004,#4011,#4018,#4025,#4032,#4039,
#4046,#4053,#4060,#4067,#4162,#3983,#4224,#4231,#4238,#4245,#4252,#4259,#4266,
#4273,#4280,#4287,#4294,#4301,#4308,#4315,#4322,#4329,#4336,#4343,#4350,#4357,
#4364,#4371,#4378,#4385,#4392,#4399,#4406,#4413,#4420,#4427,#4434,#4441,#4448,
#4455,#4462,#4469,#4476,#4483,#4490,#4498,#4505,#4512,#4519,#4527,#4534,#4541,
#4548,#4556,#4563,#4570,#4577,#4584,#4591,#4598,#4605,#4612,#4619,#4626,#4633,
#4640,#4647,#4654,#4661,#4668,#4675,#4682,#4689,#4696,#4703,#4710,#4717,#4724,
#4731,#4738,#4746,#4753,#4760,#4767,#4774,#4782,#4789,#4796,#4803,#4810,#4817,
#4824,#4831,#4838,#4845,#4852,#4859,#4866,#4873,#4880,#4887,#4894,#4901,#4908,
#4915,#4922,#4929,#4936,#4943,#4950,#4957,#4964,#4971,#4978,#4985,#4992,#4999,
#5006,#5013,#5020,#5027,#5034,#5041,#5048,#5055,#5062,#5069,#5076,#5083,#5090,
#5097,#5104,#5111,#5118,#5125,#5132,#5139,#5146,#5153,#5160,#5167,#5174,#5181,
#5188,#5195,#5202,#5209,#5216,#5224,#5231,#5238,#5246,#5253,#5260,#5267,#5274,
#5281,#5289,#5296,#5303,#5311,#5318,#5325,#5333,#5340,#5347,#5354,#5361,#5368,
#5375,#5382,#5389,#5396,#5403,#5410,#5417,#5424,#5431,#5438,#5445,#5452,#5459,
#5466,#5473,#5480,#5487,#5494,#5501,#5508,#5515,#5522,#5529,#5536,#5543,#5550,
#5557,#5564,#5571,#5578,#5585,#5592,#5599,#5606,#5613,#5620,#5627,#5634,#5641,
#5648,#5655,#5662,#5669,#5676,#5683,#5690,#5697,#5704,#5711,#5718,#5725,#5732,
#5739,#5746,#5753,#5760,#5767,#5774,#5781,#5788,#5795,#5802,#5809,#5816,#5823,
#5830,#5837,#5844,#5851,#5858,#5865,#5872,#5879,#5886,#5893,#5900,#5907,#5914,
#5921,#5928,#5935,#5942,#5949,#5956,#5963,#5970,#5977,#5984,#5991,#5998,#6005,
#6012,#6019,#6026,#6033,#6040,#6047,#6054,#6061,#6068,#6075,#6082,#6089,#6096,
#6103,#6110,#6117,#6124,#6131,#6138,#6145,#6152,#6159,#6166,#6173,#6180,#6187,
#4217),#8209);
#8215=DESIGN_CONTEXT('',#4196,'design');
#8216=MECHANICAL_CONTEXT('',#4196,'mechanical');
#8217=PRODUCT('RCJ0009A_ASM','RCJ0009A_ASM','NOT SPECIFIED',(#8216));
#8218=PRODUCT_DEFINITION_FORMATION_WITH_SPECIFIED_SOURCE('39','LAST_VERSION',
#8217,.MADE.);
#8220=PRODUCT_CATEGORY('part','');
#8221=PRODUCT_RELATED_PRODUCT_CATEGORY('assembly','',(#8217));
#8222=PRODUCT_CATEGORY_RELATIONSHIP('','',#8220,#8221);
#8223=PRODUCT_CATEGORY('part','');
#8224=PRODUCT_RELATED_PRODUCT_CATEGORY('detail','',(#4200,#8188));
#8225=PRODUCT_CATEGORY_RELATIONSHIP('','',#8223,#8224);
#8226=SECURITY_CLASSIFICATION_LEVEL('unclassified');
#8227=SECURITY_CLASSIFICATION('','',#8226);
#8228=CC_DESIGN_SECURITY_CLASSIFICATION(#8227,(#4201,#8189,#8218,#4208,#8193));
#8229=APPROVAL_STATUS('approved');
#8230=APPROVAL(#8229,'');
#8231=CC_DESIGN_APPROVAL(#8230,(#8227,#4201,#8189,#8218,#4202,#8190,#8219));
#8232=CALENDAR_DATE(123,6,4);
#8233=COORDINATED_UNIVERSAL_TIME_OFFSET(7,0,.BEHIND.);
#8234=LOCAL_TIME(9,14,3.6E1,#8233);
#8235=DATE_AND_TIME(#8232,#8234);
#8236=APPROVAL_DATE_TIME(#8235,#8230);
#8237=DATE_TIME_ROLE('creation_date');
#8238=CC_DESIGN_DATE_AND_TIME_ASSIGNMENT(#8235,#8237,(#4202,#8190,#8219));
#8239=DATE_TIME_ROLE('classification_date');
#8240=CC_DESIGN_DATE_AND_TIME_ASSIGNMENT(#8235,#8239,(#8227));
#8241=PERSON('UNSPECIFIED','UNSPECIFIED',$,$,$,$);
#8242=ORGANIZATION('UNSPECIFIED','UNSPECIFIED','UNSPECIFIED');
#8243=PERSON_AND_ORGANIZATION(#8241,#8242);
#8244=APPROVAL_ROLE('approver');
#8245=APPROVAL_PERSON_ORGANIZATION(#8243,#8230,#8244);
#8246=PERSON_AND_ORGANIZATION_ROLE('creator');
#8247=CC_DESIGN_PERSON_AND_ORGANIZATION_ASSIGNMENT(#8243,#8246,(#4201,#8189,
#8218,#4202,#8190,#8219));
#8248=PERSON_AND_ORGANIZATION_ROLE('design_supplier');
#8249=CC_DESIGN_PERSON_AND_ORGANIZATION_ASSIGNMENT(#8243,#8248,(#4201,#8189,
#8218));
#8250=PERSON_AND_ORGANIZATION_ROLE('classification_officer');
#8251=CC_DESIGN_PERSON_AND_ORGANIZATION_ASSIGNMENT(#8243,#8250,(#8227));
#8252=PERSON_AND_ORGANIZATION_ROLE('design_owner');
#8253=CC_DESIGN_PERSON_AND_ORGANIZATION_ASSIGNMENT(#8243,#8252,(#8217,#4200,
#8188));
#1=COLOUR_RGB('',0.E0,4.3E-1,1.E0);
#2=COLOUR_RGB('',0.E0,6.6E-1,0.E0);
#3=COLOUR_RGB('',9.8039E-2,9.8039E-2,9.8039E-2);
#4=COLOUR_RGB('',1.80392E-1,2.7451E-1,9.8039E-2);
#5=COLOUR_RGB('',3.E-1,1.29412E-1,2.5098E-1);
#6=COLOUR_RGB('',3.13725E-1,3.13725E-1,3.13725E-1);
#7=COLOUR_RGB('',3.2E-1,4.9E-1,1.76471E-1);
#8=COLOUR_RGB('',3.5E-1,3.5E-1,3.5E-1);
#9=COLOUR_RGB('',3.92157E-1,3.92157E-1,3.92157E-1);
#10=COLOUR_RGB('',5.7E-1,0.E0,1.E0);
#11=COLOUR_RGB('',5.9E-1,3.E-1,0.E0);
#12=COLOUR_RGB('',6.E-1,6.E-1,6.E-1);
#13=COLOUR_RGB('',6.2E-1,3.3E-1,2.3E-1);
#14=COLOUR_RGB('',6.35294E-1,6.86275E-1,7.4902E-1);
#15=COLOUR_RGB('',6.66667E-1,6.66667E-1,6.66667E-1);
#16=COLOUR_RGB('',6.9E-1,0.E0,0.E0);
#17=COLOUR_RGB('',7.E-1,7.E-1,7.E-1);
#18=COLOUR_RGB('',8.23529E-1,7.05882E-1,4.31373E-1);
#19=COLOUR_RGB('',8.39216E-1,8.90196E-1,7.68627E-1);
#20=COLOUR_RGB('',8.62745E-1,4.98039E-1,3.92157E-1);
#21=COLOUR_RGB('',8.7E-1,7.5E-1,4.9E-1);
#22=COLOUR_RGB('',8.82353E-1,8.82353E-1,8.82353E-1);
#23=COLOUR_RGB('',9.80392E-1,9.80392E-1,9.80392E-1);
#24=COLOUR_RGB('',9.9E-1,1.E0,0.E0);
#25=COLOUR_RGB('',1.E0,5.E-1,0.E0);
#26=COLOUR_RGB('',1.E0,6.19608E-1,5.17647E-1);
#27=DRAUGHTING_PRE_DEFINED_COLOUR('white');
#160=EDGE_CURVE('',#137,#138,#32,.T.);
#162=EDGE_CURVE('',#138,#140,#40,.T.);
#164=EDGE_CURVE('',#140,#142,#47,.T.);
#166=EDGE_CURVE('',#142,#144,#54,.T.);
#168=EDGE_CURVE('',#144,#137,#61,.T.);
#179=EDGE_CURVE('',#137,#147,#68,.T.);
#181=EDGE_CURVE('',#147,#148,#103,.T.);
#183=EDGE_CURVE('',#138,#148,#96,.T.);
#194=EDGE_CURVE('',#144,#154,#75,.T.);
#196=EDGE_CURVE('',#154,#147,#110,.T.);
#208=EDGE_CURVE('',#142,#152,#82,.T.);
#210=EDGE_CURVE('',#152,#154,#117,.T.);
#222=EDGE_CURVE('',#140,#150,#89,.T.);
#224=EDGE_CURVE('',#150,#152,#124,.T.);
#237=EDGE_CURVE('',#148,#150,#131,.T.);
#382=EDGE_CURVE('',#363,#364,#280,.T.);
#384=EDGE_CURVE('',#364,#366,#287,.T.);
#386=EDGE_CURVE('',#366,#368,#294,.T.);
#388=EDGE_CURVE('',#368,#363,#301,.T.);
#399=EDGE_CURVE('',#363,#371,#308,.T.);
#401=EDGE_CURVE('',#371,#372,#336,.T.);
#403=EDGE_CURVE('',#364,#372,#329,.T.);
#414=EDGE_CURVE('',#368,#376,#315,.T.);
#416=EDGE_CURVE('',#376,#371,#343,.T.);
#428=EDGE_CURVE('',#366,#374,#322,.T.);
#430=EDGE_CURVE('',#374,#376,#350,.T.);
#443=EDGE_CURVE('',#372,#374,#357,.T.);
#657=EDGE_CURVE('',#626,#627,#480,.T.);
#659=EDGE_CURVE('',#627,#629,#487,.T.);
#661=EDGE_CURVE('',#629,#631,#494,.T.);
#663=EDGE_CURVE('',#631,#633,#501,.T.);
#665=EDGE_CURVE('',#633,#635,#508,.T.);
#667=EDGE_CURVE('',#635,#637,#515,.T.);
#669=EDGE_CURVE('',#637,#626,#522,.T.);
#680=EDGE_CURVE('',#626,#640,#529,.T.);
#682=EDGE_CURVE('',#640,#641,#578,.T.);
#684=EDGE_CURVE('',#627,#641,#571,.T.);
#695=EDGE_CURVE('',#637,#651,#536,.T.);
#697=EDGE_CURVE('',#651,#640,#585,.T.);
#709=EDGE_CURVE('',#635,#649,#543,.T.);
#711=EDGE_CURVE('',#649,#651,#592,.T.);
#723=EDGE_CURVE('',#633,#647,#550,.T.);
#725=EDGE_CURVE('',#647,#649,#599,.T.);
#737=EDGE_CURVE('',#631,#645,#557,.T.);
#739=EDGE_CURVE('',#645,#647,#606,.T.);
#751=EDGE_CURVE('',#629,#643,#564,.T.);
#753=EDGE_CURVE('',#643,#645,#613,.T.);
#766=EDGE_CURVE('',#641,#643,#620,.T.);
#1324=EDGE_CURVE('',#1262,#1264,#897,.T.);
#1326=EDGE_CURVE('',#1262,#1294,#806,.T.);
#1328=EDGE_CURVE('',#1294,#1296,#1058,.T.);
#1330=EDGE_CURVE('',#1264,#1296,#1002,.T.);
#1340=EDGE_CURVE('',#1239,#1240,#813,.T.);
#1342=EDGE_CURVE('',#1240,#1242,#820,.T.);
#1344=EDGE_CURVE('',#1242,#1244,#827,.T.);
#1346=EDGE_CURVE('',#1244,#1246,#834,.T.);
#1348=EDGE_CURVE('',#1246,#1248,#841,.T.);
#1350=EDGE_CURVE('',#1248,#1250,#848,.T.);
#1352=EDGE_CURVE('',#1250,#1252,#855,.T.);
#1354=EDGE_CURVE('',#1252,#1254,#862,.T.);
#1356=EDGE_CURVE('',#1254,#1256,#869,.T.);
#1358=EDGE_CURVE('',#1256,#1258,#876,.T.);
#1360=EDGE_CURVE('',#1258,#1260,#883,.T.);
#1362=EDGE_CURVE('',#1260,#1262,#890,.T.);
#1365=EDGE_CURVE('',#1264,#1266,#904,.T.);
#1367=EDGE_CURVE('',#1266,#1268,#911,.T.);
#1369=EDGE_CURVE('',#1268,#1239,#918,.T.);
#1380=EDGE_CURVE('',#1239,#1271,#925,.T.);
#1382=EDGE_CURVE('',#1271,#1272,#1142,.T.);
#1384=EDGE_CURVE('',#1240,#1272,#1233,.T.);
#1394=EDGE_CURVE('',#1318,#1313,#932,.T.);
#1396=EDGE_CURVE('',#1318,#1271,#1009,.T.);
#1400=EDGE_CURVE('',#1268,#1313,#939,.T.);
#1411=EDGE_CURVE('',#1310,#1313,#974,.T.);
#1413=EDGE_CURVE('',#1304,#1310,#946,.T.);
#1415=EDGE_CURVE('',#1304,#1318,#1016,.T.);
#1425=EDGE_CURVE('',#1314,#1307,#953,.T.);
#1427=EDGE_CURVE('',#1307,#1308,#960,.T.);
#1429=EDGE_CURVE('',#1308,#1310,#967,.T.);
#1432=EDGE_CURVE('',#1313,#1314,#981,.T.);
#1442=EDGE_CURVE('',#1316,#1314,#995,.T.);
#1444=EDGE_CURVE('',#1316,#1301,#1037,.T.);
#1446=EDGE_CURVE('',#1301,#1307,#1156,.T.);
#1460=EDGE_CURVE('',#1266,#1298,#988,.T.);
#1462=EDGE_CURVE('',#1298,#1316,#1044,.T.);
#1475=EDGE_CURVE('',#1296,#1298,#1051,.T.);
#1488=EDGE_CURVE('',#1302,#1304,#1023,.T.);
#1490=EDGE_CURVE('',#1301,#1302,#1030,.T.);
#1496=EDGE_CURVE('',#1292,#1294,#1065,.T.);
#1498=EDGE_CURVE('',#1290,#1292,#1072,.T.);
#1500=EDGE_CURVE('',#1288,#1290,#1079,.T.);
#1502=EDGE_CURVE('',#1286,#1288,#1086,.T.);
#1504=EDGE_CURVE('',#1284,#1286,#1093,.T.);
#1506=EDGE_CURVE('',#1282,#1284,#1100,.T.);
#1508=EDGE_CURVE('',#1280,#1282,#1107,.T.);
#1510=EDGE_CURVE('',#1278,#1280,#1114,.T.);
#1512=EDGE_CURVE('',#1276,#1278,#1121,.T.);
#1514=EDGE_CURVE('',#1274,#1276,#1128,.T.);
#1516=EDGE_CURVE('',#1272,#1274,#1135,.T.);
#1530=EDGE_CURVE('',#1302,#1308,#1149,.T.);
#1560=EDGE_CURVE('',#1260,#1292,#1163,.T.);
#1580=EDGE_CURVE('',#1258,#1290,#1170,.T.);
#1593=EDGE_CURVE('',#1256,#1288,#1177,.T.);
#1606=EDGE_CURVE('',#1254,#1286,#1184,.T.);
#1619=EDGE_CURVE('',#1252,#1284,#1191,.T.);
#1639=EDGE_CURVE('',#1250,#1282,#1198,.T.);
#1652=EDGE_CURVE('',#1248,#1280,#1205,.T.);
#1665=EDGE_CURVE('',#1246,#1278,#1212,.T.);
#1678=EDGE_CURVE('',#1244,#1276,#1219,.T.);
#1698=EDGE_CURVE('',#1242,#1274,#1226,.T.);
#2247=EDGE_CURVE('',#2185,#2187,#1820,.T.);
#2249=EDGE_CURVE('',#2185,#2215,#1729,.T.);
#2251=EDGE_CURVE('',#2215,#2217,#1981,.T.);
#2253=EDGE_CURVE('',#2187,#2217,#1918,.T.);
#2263=EDGE_CURVE('',#2162,#2163,#1736,.T.);
#2265=EDGE_CURVE('',#2163,#2165,#1743,.T.);
#2267=EDGE_CURVE('',#2165,#2167,#1750,.T.);
#2269=EDGE_CURVE('',#2167,#2169,#1757,.T.);
#2271=EDGE_CURVE('',#2169,#2171,#1764,.T.);
#2273=EDGE_CURVE('',#2171,#2173,#1771,.T.);
#2275=EDGE_CURVE('',#2173,#2175,#1778,.T.);
#2277=EDGE_CURVE('',#2175,#2177,#1785,.T.);
#2279=EDGE_CURVE('',#2177,#2179,#1792,.T.);
#2281=EDGE_CURVE('',#2179,#2181,#1799,.T.);
#2283=EDGE_CURVE('',#2181,#2183,#1806,.T.);
#2285=EDGE_CURVE('',#2183,#2185,#1813,.T.);
#2288=EDGE_CURVE('',#2187,#2189,#1827,.T.);
#2290=EDGE_CURVE('',#2189,#2191,#1834,.T.);
#2292=EDGE_CURVE('',#2191,#2162,#1841,.T.);
#2302=EDGE_CURVE('',#2236,#2237,#1848,.T.);
#2304=EDGE_CURVE('',#2239,#2237,#1855,.T.);
#2306=EDGE_CURVE('',#2239,#2194,#1925,.T.);
#2308=EDGE_CURVE('',#2163,#2194,#2156,.T.);
#2311=EDGE_CURVE('',#2162,#2236,#1862,.T.);
#2321=EDGE_CURVE('',#2236,#2230,#1869,.T.);
#2323=EDGE_CURVE('',#2230,#2231,#1876,.T.);
#2325=EDGE_CURVE('',#2231,#2233,#1883,.T.);
#2327=EDGE_CURVE('',#2233,#2237,#1890,.T.);
#2338=EDGE_CURVE('',#2241,#2236,#1897,.T.);
#2340=EDGE_CURVE('',#2241,#2224,#1953,.T.);
#2342=EDGE_CURVE('',#2224,#2230,#2079,.T.);
#2356=EDGE_CURVE('',#2191,#2221,#1904,.T.);
#2358=EDGE_CURVE('',#2221,#2241,#1960,.T.);
#2369=EDGE_CURVE('',#2189,#2219,#1911,.T.);
#2371=EDGE_CURVE('',#2219,#2221,#1967,.T.);
#2384=EDGE_CURVE('',#2217,#2219,#1974,.T.);
#2396=EDGE_CURVE('',#2227,#2239,#1932,.T.);
#2398=EDGE_CURVE('',#2225,#2227,#1939,.T.);
#2400=EDGE_CURVE('',#2224,#2225,#1946,.T.);
#2407=EDGE_CURVE('',#2213,#2215,#1988,.T.);
#2409=EDGE_CURVE('',#2211,#2213,#1995,.T.);
#2411=EDGE_CURVE('',#2209,#2211,#2002,.T.);
#2413=EDGE_CURVE('',#2207,#2209,#2009,.T.);
#2415=EDGE_CURVE('',#2205,#2207,#2016,.T.);
#2417=EDGE_CURVE('',#2203,#2205,#2023,.T.);
#2419=EDGE_CURVE('',#2201,#2203,#2030,.T.);
#2421=EDGE_CURVE('',#2199,#2201,#2037,.T.);
#2423=EDGE_CURVE('',#2197,#2199,#2044,.T.);
#2425=EDGE_CURVE('',#2195,#2197,#2051,.T.);
#2427=EDGE_CURVE('',#2194,#2195,#2058,.T.);
#2439=EDGE_CURVE('',#2227,#2233,#2065,.T.);
#2453=EDGE_CURVE('',#2225,#2231,#2072,.T.);
#2483=EDGE_CURVE('',#2183,#2213,#2086,.T.);
#2503=EDGE_CURVE('',#2181,#2211,#2093,.T.);
#2516=EDGE_CURVE('',#2179,#2209,#2100,.T.);
#2529=EDGE_CURVE('',#2177,#2207,#2107,.T.);
#2542=EDGE_CURVE('',#2175,#2205,#2114,.T.);
#2562=EDGE_CURVE('',#2173,#2203,#2121,.T.);
#2575=EDGE_CURVE('',#2171,#2201,#2128,.T.);
#2588=EDGE_CURVE('',#2169,#2199,#2135,.T.);
#2601=EDGE_CURVE('',#2167,#2197,#2142,.T.);
#2621=EDGE_CURVE('',#2165,#2195,#2149,.T.);
#2854=EDGE_CURVE('',#2832,#2819,#2708,.T.);
#2856=EDGE_CURVE('',#2832,#2848,#2652,.T.);
#2858=EDGE_CURVE('',#2848,#2835,#2729,.T.);
#2860=EDGE_CURVE('',#2819,#2835,#2715,.T.);
#2870=EDGE_CURVE('',#2819,#2820,#2659,.T.);
#2872=EDGE_CURVE('',#2820,#2822,#2666,.T.);
#2874=EDGE_CURVE('',#2822,#2824,#2673,.T.);
#2876=EDGE_CURVE('',#2824,#2826,#2680,.T.);
#2878=EDGE_CURVE('',#2826,#2828,#2687,.T.);
#2880=EDGE_CURVE('',#2828,#2830,#2694,.T.);
#2882=EDGE_CURVE('',#2830,#2832,#2701,.T.);
#2895=EDGE_CURVE('',#2835,#2836,#2722,.T.);
#2897=EDGE_CURVE('',#2820,#2836,#2813,.T.);
#2916=EDGE_CURVE('',#2846,#2848,#2736,.T.);
#2918=EDGE_CURVE('',#2844,#2846,#2743,.T.);
#2920=EDGE_CURVE('',#2842,#2844,#2750,.T.);
#2922=EDGE_CURVE('',#2840,#2842,#2757,.T.);
#2924=EDGE_CURVE('',#2838,#2840,#2764,.T.);
#2926=EDGE_CURVE('',#2836,#2838,#2771,.T.);
#2937=EDGE_CURVE('',#2830,#2846,#2778,.T.);
#2950=EDGE_CURVE('',#2828,#2844,#2785,.T.);
#2963=EDGE_CURVE('',#2826,#2842,#2792,.T.);
#2983=EDGE_CURVE('',#2824,#2840,#2799,.T.);
#2996=EDGE_CURVE('',#2822,#2838,#2806,.T.);
#3028=CIRCLE('',#3027,1.524305563785E-1);
#3085=CIRCLE('',#3084,1.524305563785E-1);
#3131=EDGE_CURVE('',#3112,#3113,#3028,.T.);
#3133=EDGE_CURVE('',#3113,#3115,#3035,.T.);
#3135=EDGE_CURVE('',#3115,#3117,#3042,.T.);
#3137=EDGE_CURVE('',#3117,#3112,#3049,.T.);
#3148=EDGE_CURVE('',#3112,#3120,#3056,.T.);
#3150=EDGE_CURVE('',#3120,#3121,#3085,.T.);
#3152=EDGE_CURVE('',#3113,#3121,#3077,.T.);
#3163=EDGE_CURVE('',#3117,#3125,#3063,.T.);
#3165=EDGE_CURVE('',#3125,#3120,#3092,.T.);
#3177=EDGE_CURVE('',#3115,#3123,#3070,.T.);
#3179=EDGE_CURVE('',#3123,#3125,#3099,.T.);
#3199=EDGE_CURVE('',#3121,#3123,#3106,.T.);
#3244=CIRCLE('',#3243,4.730791732807E-2);
#3273=CIRCLE('',#3272,4.730791732808E-2);
#3323=CIRCLE('',#3322,4.730791732808E-2);
#3352=CIRCLE('',#3351,4.730791732807E-2);
#3435=EDGE_CURVE('',#3413,#3400,#3287,.T.);
#3437=EDGE_CURVE('',#3413,#3429,#3229,.T.);
#3439=EDGE_CURVE('',#3429,#3416,#3308,.T.);
#3441=EDGE_CURVE('',#3400,#3416,#3294,.T.);
#3458=EDGE_CURVE('',#3400,#3401,#3236,.T.);
#3460=EDGE_CURVE('',#3401,#3403,#3244,.T.);
#3462=EDGE_CURVE('',#3403,#3405,#3251,.T.);
#3464=EDGE_CURVE('',#3405,#3407,#3258,.T.);
#3466=EDGE_CURVE('',#3407,#3409,#3265,.T.);
#3468=EDGE_CURVE('',#3409,#3411,#3273,.T.);
#3470=EDGE_CURVE('',#3411,#3413,#3280,.T.);
#3483=EDGE_CURVE('',#3416,#3417,#3301,.T.);
#3485=EDGE_CURVE('',#3401,#3417,#3394,.T.);
#3497=EDGE_CURVE('',#3427,#3429,#3315,.T.);
#3499=EDGE_CURVE('',#3425,#3427,#3323,.T.);
#3501=EDGE_CURVE('',#3423,#3425,#3330,.T.);
#3503=EDGE_CURVE('',#3421,#3423,#3337,.T.);
#3505=EDGE_CURVE('',#3419,#3421,#3344,.T.);
#3507=EDGE_CURVE('',#3417,#3419,#3352,.T.);
#3518=EDGE_CURVE('',#3411,#3427,#3359,.T.);
#3531=EDGE_CURVE('',#3409,#3425,#3366,.T.);
#3544=EDGE_CURVE('',#3407,#3423,#3373,.T.);
#3557=EDGE_CURVE('',#3405,#3421,#3380,.T.);
#3577=EDGE_CURVE('',#3403,#3419,#3387,.T.);
#3623=CIRCLE('',#3622,5.E-2);
#3652=CIRCLE('',#3651,5.000000000001E-2);
#3702=CIRCLE('',#3701,5.000000000001E-2);
#3731=CIRCLE('',#3730,5.E-2);
#3814=EDGE_CURVE('',#3792,#3779,#3666,.T.);
#3816=EDGE_CURVE('',#3792,#3808,#3608,.T.);
#3818=EDGE_CURVE('',#3808,#3795,#3687,.T.);
#3820=EDGE_CURVE('',#3779,#3795,#3673,.T.);
#3837=EDGE_CURVE('',#3779,#3780,#3615,.T.);
#3839=EDGE_CURVE('',#3780,#3782,#3623,.T.);
#3841=EDGE_CURVE('',#3782,#3784,#3630,.T.);
#3843=EDGE_CURVE('',#3784,#3786,#3637,.T.);
#3845=EDGE_CURVE('',#3786,#3788,#3644,.T.);
#3847=EDGE_CURVE('',#3788,#3790,#3652,.T.);
#3849=EDGE_CURVE('',#3790,#3792,#3659,.T.);
#3862=EDGE_CURVE('',#3795,#3796,#3680,.T.);
#3864=EDGE_CURVE('',#3780,#3796,#3773,.T.);
#3876=EDGE_CURVE('',#3806,#3808,#3694,.T.);
#3878=EDGE_CURVE('',#3804,#3806,#3702,.T.);
#3880=EDGE_CURVE('',#3802,#3804,#3709,.T.);
#3882=EDGE_CURVE('',#3800,#3802,#3716,.T.);
#3884=EDGE_CURVE('',#3798,#3800,#3723,.T.);
#3886=EDGE_CURVE('',#3796,#3798,#3731,.T.);
#3897=EDGE_CURVE('',#3790,#3806,#3738,.T.);
#3910=EDGE_CURVE('',#3788,#3804,#3745,.T.);
#3923=EDGE_CURVE('',#3786,#3802,#3752,.T.);
#3936=EDGE_CURVE('',#3784,#3800,#3759,.T.);
#3956=EDGE_CURVE('',#3782,#3798,#3766,.T.);
#4089=EDGE_CURVE('',#4070,#4071,#3987,.T.);
#4091=EDGE_CURVE('',#4075,#4070,#3994,.T.);
#4093=EDGE_CURVE('',#4073,#4075,#4001,.T.);
#4095=EDGE_CURVE('',#4071,#4073,#4008,.T.);
#4106=EDGE_CURVE('',#4071,#4079,#4022,.T.);
#4108=EDGE_CURVE('',#4078,#4079,#4043,.T.);
#4110=EDGE_CURVE('',#4070,#4078,#4015,.T.);
#4121=EDGE_CURVE('',#4073,#4081,#4029,.T.);
#4123=EDGE_CURVE('',#4079,#4081,#4050,.T.);
#4135=EDGE_CURVE('',#4075,#4083,#4036,.T.);
#4137=EDGE_CURVE('',#4081,#4083,#4057,.T.);
#4150=EDGE_CURVE('',#4083,#4078,#4064,.T.);
#4183=(LENGTH_UNIT()NAMED_UNIT(*)SI_UNIT(.MILLI.,.METRE.));
#4185=(NAMED_UNIT(*)PLANE_ANGLE_UNIT()SI_UNIT($,.RADIAN.));
#4188=(NAMED_UNIT(*)SI_UNIT($,.STERADIAN.)SOLID_ANGLE_UNIT());
#4194=AXIS2_PLACEMENT_3D('',#4191,#4192,#4193);
#4195=ADVANCED_BREP_SHAPE_REPRESENTATION('',(#4194,#269,#469,#795,#1718,#2641,
#3016,#3218,#3597,#3976,#4176),#4190);
#4202=PRODUCT_DEFINITION('design','',#4201,#4198);
#4203=PRODUCT_DEFINITION_SHAPE('','SHAPE FOR RCJ0009A_FRAME.',#4202);
#4204=SHAPE_DEFINITION_REPRESENTATION(#4203,#4195);
#4205=SHAPE_DEFINITION_REPRESENTATION(#4206,#4207);
#4206=PRODUCT_DEFINITION_SHAPE('','SHAPE FOR RCJ0009A_ASM.',#8219);
#4207=SHAPE_REPRESENTATION('',(#4213,#8198,#8213),#8209);
#4208=NEXT_ASSEMBLY_USAGE_OCCURRENCE('0','Next assembly relationship',
'RCJ0009A_FRAME',#8219,#4202,$);
#4209=PRODUCT_DEFINITION_SHAPE('Placement #0',
'Placement of RCJ0009A_FRAME with respect to RCJ0009A_ASM',#4208);
#4495=CIRCLE('',#4494,4.730791732807E-2);
#4524=CIRCLE('',#4523,1.524305563785E-1);
#4553=CIRCLE('',#4552,5.000000000001E-2);
#4743=CIRCLE('',#4742,4.730791732808E-2);
#4779=CIRCLE('',#4778,5.E-2);
#5221=CIRCLE('',#5220,4.730791732808E-2);
#5243=CIRCLE('',#5242,4.730791732807E-2);
#5286=CIRCLE('',#5285,1.524305563785E-1);
#5308=CIRCLE('',#5307,5.E-2);
#5330=CIRCLE('',#5329,5.000000000001E-2);
#6565=EDGE_CURVE('',#6322,#6323,#4221,.T.);
#6567=EDGE_CURVE('',#6329,#6323,#4228,.T.);
#6569=EDGE_CURVE('',#6327,#6329,#4235,.T.);
#6571=EDGE_CURVE('',#6326,#6327,#4242,.T.);
#6573=EDGE_CURVE('',#6326,#6332,#4249,.T.);
#6575=EDGE_CURVE('',#6332,#6333,#4256,.T.);
#6577=EDGE_CURVE('',#6337,#6333,#4263,.T.);
#6579=EDGE_CURVE('',#6336,#6337,#4270,.T.);
#6581=EDGE_CURVE('',#6336,#6340,#4277,.T.);
#6583=EDGE_CURVE('',#6340,#6341,#4284,.T.);
#6585=EDGE_CURVE('',#6351,#6341,#4291,.T.);
#6587=EDGE_CURVE('',#6349,#6351,#4298,.T.);
#6589=EDGE_CURVE('',#6347,#6349,#4305,.T.);
#6591=EDGE_CURVE('',#6345,#6347,#4312,.T.);
#6593=EDGE_CURVE('',#6344,#6345,#4319,.T.);
#6595=EDGE_CURVE('',#6344,#6359,#4326,.T.);
#6597=EDGE_CURVE('',#6359,#6357,#4333,.T.);
#6599=EDGE_CURVE('',#6355,#6357,#4340,.T.);
#6601=EDGE_CURVE('',#6354,#6355,#4347,.T.);
#6603=EDGE_CURVE('',#6383,#6354,#4354,.T.);
#6605=EDGE_CURVE('',#6381,#6383,#4361,.T.);
#6607=EDGE_CURVE('',#6379,#6381,#4368,.T.);
#6609=EDGE_CURVE('',#6378,#6379,#4375,.T.);
#6611=EDGE_CURVE('',#6378,#6190,#4382,.T.);
#6613=EDGE_CURVE('',#6190,#6191,#4389,.T.);
#6615=EDGE_CURVE('',#6191,#6391,#4396,.T.);
#6617=EDGE_CURVE('',#6391,#6389,#4403,.T.);
#6619=EDGE_CURVE('',#6387,#6389,#4410,.T.);
#6621=EDGE_CURVE('',#6386,#6387,#4417,.T.);
#6623=EDGE_CURVE('',#6415,#6386,#4424,.T.);
#6625=EDGE_CURVE('',#6413,#6415,#4431,.T.);
#6627=EDGE_CURVE('',#6411,#6413,#4438,.T.);
#6629=EDGE_CURVE('',#6410,#6411,#4445,.T.);
#6631=EDGE_CURVE('',#6410,#6431,#4452,.T.);
#6633=EDGE_CURVE('',#6431,#6429,#4459,.T.);
#6635=EDGE_CURVE('',#6427,#6429,#4466,.T.);
#6637=EDGE_CURVE('',#6426,#6427,#4473,.T.);
#6639=EDGE_CURVE('',#6426,#6447,#4480,.T.);
#6641=EDGE_CURVE('',#6447,#6445,#4487,.T.);
#6643=EDGE_CURVE('',#6443,#6445,#4495,.T.);
#6645=EDGE_CURVE('',#6442,#6443,#4502,.T.);
#6647=EDGE_CURVE('',#6442,#6437,#4509,.T.);
#6649=EDGE_CURVE('',#6437,#6435,#4516,.T.);
#6651=EDGE_CURVE('',#6434,#6435,#4524,.T.);
#6653=EDGE_CURVE('',#6439,#6434,#4531,.T.);
#6655=EDGE_CURVE('',#6439,#6471,#4538,.T.);
#6657=EDGE_CURVE('',#6471,#6469,#4545,.T.);
#6659=EDGE_CURVE('',#6467,#6469,#4553,.T.);
#6661=EDGE_CURVE('',#6466,#6467,#4560,.T.);
#6663=EDGE_CURVE('',#6466,#6322,#4567,.T.);
#6673=EDGE_CURVE('',#6362,#6363,#4574,.T.);
#6675=EDGE_CURVE('',#6362,#6367,#4581,.T.);
#6677=EDGE_CURVE('',#6367,#6365,#4588,.T.);
#6679=EDGE_CURVE('',#6363,#6365,#4595,.T.);
#6689=EDGE_CURVE('',#6370,#6371,#4602,.T.);
#6691=EDGE_CURVE('',#6370,#6375,#4609,.T.);
#6693=EDGE_CURVE('',#6375,#6373,#4616,.T.);
#6695=EDGE_CURVE('',#6371,#6373,#4623,.T.);
#6705=EDGE_CURVE('',#6394,#6395,#4630,.T.);
#6707=EDGE_CURVE('',#6394,#6399,#4637,.T.);
#6709=EDGE_CURVE('',#6399,#6397,#4644,.T.);
#6711=EDGE_CURVE('',#6395,#6397,#4651,.T.);
#6721=EDGE_CURVE('',#6402,#6403,#4658,.T.);
#6723=EDGE_CURVE('',#6402,#6407,#4665,.T.);
#6725=EDGE_CURVE('',#6407,#6405,#4672,.T.);
#6727=EDGE_CURVE('',#6403,#6405,#4679,.T.);
#6737=EDGE_CURVE('',#6418,#6419,#4686,.T.);
#6739=EDGE_CURVE('',#6418,#6423,#4693,.T.);
#6741=EDGE_CURVE('',#6423,#6421,#4700,.T.);
#6743=EDGE_CURVE('',#6419,#6421,#4707,.T.);
#6753=EDGE_CURVE('',#6450,#6451,#4714,.T.);
#6755=EDGE_CURVE('',#6450,#6201,#4721,.T.);
#6757=EDGE_CURVE('',#6201,#6455,#4728,.T.);
#6759=EDGE_CURVE('',#6455,#6453,#4735,.T.);
#6761=EDGE_CURVE('',#6453,#6451,#4743,.T.);
#6771=EDGE_CURVE('',#6458,#6459,#4750,.T.);
#6773=EDGE_CURVE('',#6458,#6203,#4757,.T.);
#6775=EDGE_CURVE('',#6203,#6463,#4764,.T.);
#6777=EDGE_CURVE('',#6463,#6461,#4771,.T.);
#6779=EDGE_CURVE('',#6461,#6459,#4779,.T.);
#6790=EDGE_CURVE('',#6322,#6538,#4933,.T.);
#6792=EDGE_CURVE('',#6209,#6538,#5365,.T.);
#6794=EDGE_CURVE('',#6323,#6209,#4786,.T.);
#6804=EDGE_CURVE('',#6534,#6535,#4793,.T.);
#6806=EDGE_CURVE('',#6463,#6534,#4800,.T.);
#6809=EDGE_CURVE('',#6203,#6199,#4807,.T.);
#6811=EDGE_CURVE('',#6199,#6194,#5505,.T.);
#6813=EDGE_CURVE('',#6190,#6194,#5435,.T.);
#6816=EDGE_CURVE('',#6378,#6559,#4814,.T.);
#6818=EDGE_CURVE('',#6558,#6559,#4821,.T.);
#6820=EDGE_CURVE('',#6375,#6558,#4828,.T.);
#6823=EDGE_CURVE('',#6370,#6555,#4835,.T.);
#6825=EDGE_CURVE('',#6554,#6555,#4842,.T.);
#6827=EDGE_CURVE('',#6367,#6554,#4849,.T.);
#6830=EDGE_CURVE('',#6362,#6551,#4856,.T.);
#6832=EDGE_CURVE('',#6550,#6551,#4863,.T.);
#6834=EDGE_CURVE('',#6359,#6550,#4870,.T.);
#6837=EDGE_CURVE('',#6344,#6547,#4877,.T.);
#6839=EDGE_CURVE('',#6546,#6547,#4884,.T.);
#6841=EDGE_CURVE('',#6340,#6546,#4891,.T.);
#6844=EDGE_CURVE('',#6336,#6543,#4898,.T.);
#6846=EDGE_CURVE('',#6542,#6543,#4905,.T.);
#6848=EDGE_CURVE('',#6332,#6542,#4912,.T.);
#6851=EDGE_CURVE('',#6326,#6539,#4919,.T.);
#6853=EDGE_CURVE('',#6538,#6539,#4926,.T.);
#6857=EDGE_CURVE('',#6466,#6535,#4940,.T.);
#6867=EDGE_CURVE('',#6474,#6475,#5442,.T.);
#6869=EDGE_CURVE('',#6475,#6302,#4947,.T.);
#6871=EDGE_CURVE('',#6302,#6317,#4954,.T.);
#6873=EDGE_CURVE('',#6317,#6226,#4961,.T.);
#6875=EDGE_CURVE('',#6226,#6227,#4968,.T.);
#6877=EDGE_CURVE('',#6227,#6229,#4975,.T.);
#6879=EDGE_CURVE('',#6229,#6550,#4982,.T.);
#6882=EDGE_CURVE('',#6551,#6232,#4989,.T.);
#6884=EDGE_CURVE('',#6232,#6233,#4996,.T.);
#6886=EDGE_CURVE('',#6233,#6554,#5003,.T.);
#6889=EDGE_CURVE('',#6555,#6236,#5010,.T.);
#6891=EDGE_CURVE('',#6236,#6237,#5017,.T.);
#6893=EDGE_CURVE('',#6237,#6558,#5024,.T.);
#6896=EDGE_CURVE('',#6559,#6240,#5031,.T.);
#6898=EDGE_CURVE('',#6240,#6241,#5038,.T.);
#6900=EDGE_CURVE('',#6241,#6309,#5045,.T.);
#6902=EDGE_CURVE('',#6309,#6474,#5052,.T.);
#6912=EDGE_CURVE('',#6478,#6479,#5470,.T.);
#6914=EDGE_CURVE('',#6479,#6315,#5059,.T.);
#6916=EDGE_CURVE('',#6315,#6244,#5066,.T.);
#6918=EDGE_CURVE('',#6244,#6245,#5073,.T.);
#6920=EDGE_CURVE('',#6245,#6490,#5080,.T.);
#6922=EDGE_CURVE('',#6490,#6491,#5638,.T.);
#6924=EDGE_CURVE('',#6491,#6248,#5087,.T.);
#6926=EDGE_CURVE('',#6248,#6249,#5094,.T.);
#6928=EDGE_CURVE('',#6249,#6494,#5101,.T.);
#6930=EDGE_CURVE('',#6494,#6495,#5750,.T.);
#6932=EDGE_CURVE('',#6495,#6252,#5108,.T.);
#6934=EDGE_CURVE('',#6252,#6253,#5115,.T.);
#6936=EDGE_CURVE('',#6253,#6498,#5122,.T.);
#6938=EDGE_CURVE('',#6498,#6499,#5729,.T.);
#6940=EDGE_CURVE('',#6499,#6256,#5129,.T.);
#6942=EDGE_CURVE('',#6256,#6257,#5136,.T.);
#6944=EDGE_CURVE('',#6257,#6259,#5143,.T.);
#6946=EDGE_CURVE('',#6259,#6319,#5150,.T.);
#6948=EDGE_CURVE('',#6319,#6298,#5157,.T.);
#6950=EDGE_CURVE('',#6298,#6478,#5164,.T.);
#6960=EDGE_CURVE('',#6502,#6503,#5708,.T.);
#6962=EDGE_CURVE('',#6503,#6262,#5171,.T.);
#6964=EDGE_CURVE('',#6262,#6263,#5178,.T.);
#6966=EDGE_CURVE('',#6263,#6506,#5185,.T.);
#6968=EDGE_CURVE('',#6506,#6507,#5687,.T.);
#6970=EDGE_CURVE('',#6507,#6266,#5192,.T.);
#6972=EDGE_CURVE('',#6266,#6267,#5199,.T.);
#6974=EDGE_CURVE('',#6267,#6502,#5206,.T.);
#6984=EDGE_CURVE('',#6510,#6511,#5666,.T.);
#6986=EDGE_CURVE('',#6511,#6278,#5213,.T.);
#6988=EDGE_CURVE('',#6278,#6279,#5221,.T.);
#6990=EDGE_CURVE('',#6279,#6514,#5228,.T.);
#6992=EDGE_CURVE('',#6514,#6515,#5526,.T.);
#6994=EDGE_CURVE('',#6515,#6274,#5235,.T.);
#6996=EDGE_CURVE('',#6274,#6275,#5243,.T.);
#6998=EDGE_CURVE('',#6275,#6510,#5250,.T.);
#7008=EDGE_CURVE('',#6518,#6519,#5596,.T.);
#7010=EDGE_CURVE('',#6519,#6290,#5257,.T.);
#7012=EDGE_CURVE('',#6290,#6291,#5264,.T.);
#7014=EDGE_CURVE('',#6291,#6518,#5271,.T.);
#7024=EDGE_CURVE('',#6522,#6523,#5575,.T.);
#7026=EDGE_CURVE('',#6523,#6270,#5278,.T.);
#7028=EDGE_CURVE('',#6270,#6271,#5286,.T.);
#7030=EDGE_CURVE('',#6271,#6522,#5293,.T.);
#7040=EDGE_CURVE('',#6526,#6527,#5554,.T.);
#7042=EDGE_CURVE('',#6527,#6282,#5300,.T.);
#7044=EDGE_CURVE('',#6282,#6283,#5308,.T.);
#7046=EDGE_CURVE('',#6283,#6534,#5315,.T.);
#7049=EDGE_CURVE('',#6535,#6286,#5322,.T.);
#7051=EDGE_CURVE('',#6286,#6287,#5330,.T.);
#7053=EDGE_CURVE('',#6287,#6526,#5337,.T.);
#7064=EDGE_CURVE('',#6539,#6206,#5344,.T.);
#7066=EDGE_CURVE('',#6206,#6207,#5351,.T.);
#7068=EDGE_CURVE('',#6207,#6209,#5358,.T.);
#7080=EDGE_CURVE('',#6543,#6212,#5372,.T.);
#7082=EDGE_CURVE('',#6212,#6213,#5379,.T.);
#7084=EDGE_CURVE('',#6213,#6542,#5386,.T.);
#7095=EDGE_CURVE('',#6547,#6216,#5393,.T.);
#7097=EDGE_CURVE('',#6216,#6217,#5400,.T.);
#7099=EDGE_CURVE('',#6217,#6219,#5407,.T.);
#7101=EDGE_CURVE('',#6219,#6221,#5414,.T.);
#7103=EDGE_CURVE('',#6221,#6223,#5421,.T.);
#7105=EDGE_CURVE('',#6223,#6546,#5428,.T.);
#7117=EDGE_CURVE('',#6194,#6195,#5498,.T.);
#7119=EDGE_CURVE('',#6191,#6195,#5652,.T.);
#7124=EDGE_CURVE('',#6482,#6474,#5449,.T.);
#7126=EDGE_CURVE('',#6482,#6483,#5456,.T.);
#7128=EDGE_CURVE('',#6483,#6475,#5463,.T.);
#7133=EDGE_CURVE('',#6486,#6478,#5477,.T.);
#7135=EDGE_CURVE('',#6486,#6487,#5484,.T.);
#7137=EDGE_CURVE('',#6487,#6479,#5491,.T.);
#7149=EDGE_CURVE('',#6197,#6199,#5512,.T.);
#7151=EDGE_CURVE('',#6195,#6197,#5519,.T.);
#7162=EDGE_CURVE('',#6455,#6514,#5533,.T.);
#7165=EDGE_CURVE('',#6201,#6197,#5540,.T.);
#7170=EDGE_CURVE('',#6458,#6527,#5547,.T.);
#7173=EDGE_CURVE('',#6471,#6526,#5561,.T.);
#7176=EDGE_CURVE('',#6439,#6523,#5568,.T.);
#7179=EDGE_CURVE('',#6437,#6522,#5582,.T.);
#7182=EDGE_CURVE('',#6442,#6515,#5589,.T.);
#7187=EDGE_CURVE('',#6531,#6518,#5603,.T.);
#7189=EDGE_CURVE('',#6530,#6531,#5610,.T.);
#7191=EDGE_CURVE('',#6530,#6519,#5617,.T.);
#7204=EDGE_CURVE('',#6453,#6279,#5624,.T.);
#7217=EDGE_CURVE('',#6451,#6278,#5631,.T.);
#7230=EDGE_CURVE('',#6450,#6511,#5659,.T.);
#7241=EDGE_CURVE('',#6391,#6490,#5645,.T.);
#7250=EDGE_CURVE('',#6447,#6510,#5673,.T.);
#7253=EDGE_CURVE('',#6426,#6507,#5680,.T.);
#7256=EDGE_CURVE('',#6423,#6506,#5694,.T.);
#7259=EDGE_CURVE('',#6418,#6503,#5701,.T.);
#7262=EDGE_CURVE('',#6431,#6502,#5715,.T.);
#7265=EDGE_CURVE('',#6410,#6499,#5722,.T.);
#7268=EDGE_CURVE('',#6407,#6498,#5736,.T.);
#7271=EDGE_CURVE('',#6402,#6495,#5743,.T.);
#7274=EDGE_CURVE('',#6399,#6494,#5757,.T.);
#7277=EDGE_CURVE('',#6394,#6491,#5764,.T.);
#7290=EDGE_CURVE('',#6389,#6245,#5771,.T.);
#7303=EDGE_CURVE('',#6387,#6244,#5778,.T.);
#7316=EDGE_CURVE('',#6315,#6313,#5785,.T.);
#7318=EDGE_CURVE('',#6312,#6313,#5792,.T.);
#7320=EDGE_CURVE('',#6386,#6312,#5799,.T.);
#7331=EDGE_CURVE('',#6487,#6313,#5841,.T.);
#7344=EDGE_CURVE('',#6307,#6482,#5806,.T.);
#7346=EDGE_CURVE('',#6306,#6307,#5869,.T.);
#7348=EDGE_CURVE('',#6303,#6306,#5813,.T.);
#7350=EDGE_CURVE('',#6483,#6303,#5820,.T.);
#7361=EDGE_CURVE('',#6299,#6486,#5827,.T.);
#7363=EDGE_CURVE('',#6312,#6299,#5834,.T.);
#7376=EDGE_CURVE('',#6295,#6531,#5848,.T.);
#7378=EDGE_CURVE('',#6294,#6295,#5855,.T.);
#7380=EDGE_CURVE('',#6530,#6294,#5862,.T.);
#7392=EDGE_CURVE('',#6309,#6307,#5876,.T.);
#7404=EDGE_CURVE('',#6383,#6306,#5897,.T.);
#7409=EDGE_CURVE('',#6381,#6241,#5883,.T.);
#7420=EDGE_CURVE('',#6354,#6226,#5904,.T.);
#7423=EDGE_CURVE('',#6317,#6306,#5890,.T.);
#7435=EDGE_CURVE('',#6355,#6227,#5911,.T.);
#7448=EDGE_CURVE('',#6357,#6229,#5918,.T.);
#7474=EDGE_CURVE('',#6302,#6303,#5925,.T.);
#7500=EDGE_CURVE('',#6379,#6240,#5932,.T.);
#7524=EDGE_CURVE('',#6298,#6299,#5939,.T.);
#7535=EDGE_CURVE('',#6319,#6312,#5946,.T.);
#7552=EDGE_CURVE('',#6415,#6259,#5953,.T.);
#7565=EDGE_CURVE('',#6413,#6257,#5960,.T.);
#7578=EDGE_CURVE('',#6411,#6256,#5967,.T.);
#7602=EDGE_CURVE('',#6291,#6295,#5974,.T.);
#7614=EDGE_CURVE('',#6290,#6294,#5981,.T.);
#7641=EDGE_CURVE('',#6445,#6275,#5988,.T.);
#7654=EDGE_CURVE('',#6443,#6274,#5995,.T.);
#7677=EDGE_CURVE('',#6427,#6266,#6002,.T.);
#7690=EDGE_CURVE('',#6429,#6267,#6009,.T.);
#7717=EDGE_CURVE('',#6421,#6263,#6016,.T.);
#7730=EDGE_CURVE('',#6419,#6262,#6023,.T.);
#7755=EDGE_CURVE('',#6405,#6253,#6030,.T.);
#7768=EDGE_CURVE('',#6403,#6252,#6037,.T.);
#7793=EDGE_CURVE('',#6397,#6249,#6044,.T.);
#7806=EDGE_CURVE('',#6395,#6248,#6051,.T.);
#7829=EDGE_CURVE('',#6459,#6282,#6058,.T.);
#7842=EDGE_CURVE('',#6461,#6283,#6065,.T.);
#7869=EDGE_CURVE('',#6469,#6287,#6072,.T.);
#7882=EDGE_CURVE('',#6467,#6286,#6079,.T.);
#7905=EDGE_CURVE('',#6434,#6270,#6086,.T.);
#7918=EDGE_CURVE('',#6435,#6271,#6093,.T.);
#7943=EDGE_CURVE('',#6363,#6232,#6100,.T.);
#7956=EDGE_CURVE('',#6365,#6233,#6107,.T.);
#7981=EDGE_CURVE('',#6371,#6236,#6114,.T.);
#7994=EDGE_CURVE('',#6373,#6237,#6121,.T.);
#8019=EDGE_CURVE('',#6327,#6206,#6128,.T.);
#8032=EDGE_CURVE('',#6329,#6207,#6135,.T.);
#8057=EDGE_CURVE('',#6337,#6212,#6142,.T.);
#8070=EDGE_CURVE('',#6333,#6213,#6149,.T.);
#8095=EDGE_CURVE('',#6345,#6216,#6156,.T.);
#8108=EDGE_CURVE('',#6347,#6217,#6163,.T.);
#8121=EDGE_CURVE('',#6349,#6219,#6170,.T.);
#8134=EDGE_CURVE('',#6351,#6221,#6177,.T.);
#8147=EDGE_CURVE('',#6341,#6223,#6184,.T.);
#8174=(LENGTH_UNIT()NAMED_UNIT(*)SI_UNIT(.MILLI.,.METRE.));
#8176=(NAMED_UNIT(*)PLANE_ANGLE_UNIT()SI_UNIT($,.RADIAN.));
#8179=(NAMED_UNIT(*)SI_UNIT($,.STERADIAN.)SOLID_ANGLE_UNIT());
#8185=AXIS2_PLACEMENT_3D('',#8182,#8183,#8184);
#8186=ADVANCED_BREP_SHAPE_REPRESENTATION('',(#8185,#8167),#8181);
#8190=PRODUCT_DEFINITION('design','',#8189,#4198);
#8191=PRODUCT_DEFINITION_SHAPE('','SHAPE FOR RCJ0009A_MOLD.',#8190);
#8192=SHAPE_DEFINITION_REPRESENTATION(#8191,#8186);
#8193=NEXT_ASSEMBLY_USAGE_OCCURRENCE('1','Next assembly relationship',
'RCJ0009A_MOLD',#8219,#8190,$);
#8194=PRODUCT_DEFINITION_SHAPE('Placement #1',
'Placement of RCJ0009A_MOLD with respect to RCJ0009A_ASM',#8193);
#8202=(LENGTH_UNIT()NAMED_UNIT(*)SI_UNIT(.MILLI.,.METRE.));
#8204=(NAMED_UNIT(*)PLANE_ANGLE_UNIT()SI_UNIT($,.RADIAN.));
#8207=(NAMED_UNIT(*)SI_UNIT($,.STERADIAN.)SOLID_ANGLE_UNIT());
#8213=AXIS2_PLACEMENT_3D('',#8210,#8211,#8212);
#8219=PRODUCT_DEFINITION('design','',#8218,#8215);
ENDSEC;
END-ISO-10303-21;
